Hours,A1,A2,A3,A4,A5,A6,A7,A8,A9,A10,B1,B2,B3,B4,B5,B6,B7,B8,B9,B10,C1,C2,C3,C4,C5,C6,C7,C8,C9,C10,D1,D2,D3,D4,D5,D6,D7,D8,D9,D10,E1,E2,E3,E4,E5,E6,E7,E8,E9,E10,F1,F2,F3,F4,F5,F6,F7,F8,F9,F10
0,0.212,0.217,0.216,0.165,0.169,0.165,0.21,0.206,0.205,0.148,0.215,0.21,0.223,0.166,0.166,0.165,0.216,0.207,0.198,0.163,0.213,0.215,0.216,0.164,0.167,0.166,0.208,0.207,0.214,0.16,0.215,0.218,0.212,0.168,0.165,0.165,0.206,0.212,0.219,0.161,0.211,0.212,0.21,0.166,0.164,0.166,0.208,0.208,0.209,0.16,0.224,0.216,0.215,0.165,0.165,0.164,0.212,0.218,0.212,0.146
0.5,0.219,0.223,0.224,0.164,0.168,0.164,0.214,0.217,0.214,0.147,0.223,0.216,0.221,0.166,0.166,0.164,0.214,0.211,0.206,0.162,0.218,0.219,0.218,0.163,0.166,0.165,0.211,0.215,0.215,0.16,0.215,0.221,0.217,0.167,0.164,0.164,0.209,0.21,0.213,0.16,0.224,0.218,0.214,0.165,0.163,0.165,0.213,0.211,0.209,0.159,0.228,0.217,0.219,0.164,0.165,0.164,0.212,0.211,0.209,0.145
1,0.227,0.23,0.229,0.164,0.168,0.163,0.221,0.226,0.222,0.147,0.225,0.217,0.222,0.165,0.166,0.164,0.218,0.215,0.214,0.162,0.228,0.225,0.225,0.163,0.165,0.165,0.219,0.221,0.222,0.16,0.22,0.224,0.219,0.167,0.164,0.164,0.21,0.209,0.212,0.161,0.234,0.226,0.223,0.165,0.163,0.165,0.221,0.218,0.221,0.159,0.233,0.221,0.224,0.164,0.165,0.164,0.214,0.211,0.211,0.146
1.5,0.234,0.236,0.233,0.164,0.168,0.164,0.228,0.233,0.231,0.148,0.224,0.215,0.224,0.166,0.166,0.164,0.219,0.217,0.216,0.163,0.239,0.233,0.233,0.163,0.165,0.165,0.227,0.228,0.231,0.16,0.221,0.221,0.219,0.167,0.164,0.164,0.211,0.21,0.214,0.161,0.244,0.236,0.231,0.165,0.163,0.165,0.228,0.226,0.23,0.16,0.232,0.221,0.224,0.164,0.165,0.164,0.214,0.211,0.211,0.146
2,0.24,0.241,0.237,0.164,0.168,0.164,0.234,0.238,0.237,0.148,0.221,0.213,0.224,0.166,0.166,0.164,0.219,0.218,0.217,0.162,0.247,0.241,0.24,0.163,0.166,0.165,0.234,0.235,0.238,0.16,0.221,0.22,0.219,0.168,0.164,0.164,0.212,0.212,0.215,0.161,0.255,0.244,0.24,0.165,0.163,0.165,0.238,0.235,0.24,0.16,0.231,0.221,0.223,0.164,0.165,0.164,0.213,0.211,0.211,0.146
2.5,0.247,0.247,0.241,0.164,0.168,0.164,0.242,0.245,0.245,0.148,0.219,0.211,0.223,0.166,0.166,0.165,0.22,0.22,0.22,0.163,0.254,0.248,0.248,0.164,0.166,0.166,0.241,0.243,0.247,0.16,0.221,0.219,0.219,0.167,0.164,0.164,0.213,0.213,0.216,0.161,0.267,0.254,0.251,0.165,0.163,0.165,0.245,0.241,0.251,0.16,0.23,0.222,0.223,0.164,0.165,0.165,0.213,0.212,0.211,0.147
3,0.256,0.254,0.248,0.164,0.168,0.164,0.254,0.255,0.257,0.148,0.217,0.21,0.223,0.166,0.166,0.164,0.221,0.22,0.22,0.162,0.264,0.254,0.257,0.163,0.166,0.165,0.248,0.25,0.255,0.16,0.221,0.216,0.219,0.167,0.164,0.164,0.212,0.211,0.216,0.161,0.282,0.263,0.259,0.165,0.162,0.165,0.256,0.249,0.261,0.159,0.228,0.22,0.222,0.164,0.164,0.164,0.213,0.212,0.211,0.146
3.5,0.264,0.254,0.25,0.164,0.168,0.164,0.267,0.266,0.27,0.148,0.214,0.208,0.222,0.166,0.166,0.164,0.221,0.221,0.22,0.163,0.275,0.262,0.268,0.163,0.166,0.166,0.253,0.26,0.267,0.16,0.22,0.214,0.218,0.167,0.164,0.164,0.212,0.211,0.215,0.161,0.29,0.27,0.273,0.165,0.163,0.165,0.267,0.255,0.265,0.16,0.227,0.219,0.221,0.165,0.165,0.164,0.213,0.213,0.211,0.147
4,0.282,0.262,0.248,0.164,0.168,0.164,0.277,0.282,0.276,0.148,0.212,0.206,0.221,0.166,0.166,0.164,0.221,0.221,0.221,0.163,0.28,0.273,0.279,0.163,0.166,0.166,0.265,0.263,0.289,0.16,0.218,0.212,0.217,0.167,0.164,0.164,0.211,0.209,0.215,0.161,0.3,0.275,0.283,0.165,0.162,0.165,0.284,0.259,0.289,0.159,0.225,0.218,0.22,0.164,0.165,0.165,0.213,0.213,0.211,0.147
4.5,0.297,0.283,0.255,0.164,0.168,0.164,0.306,0.294,0.294,0.148,0.21,0.204,0.22,0.166,0.166,0.164,0.221,0.221,0.221,0.162,0.307,0.281,0.283,0.164,0.166,0.165,0.274,0.273,0.322,0.16,0.217,0.21,0.216,0.167,0.164,0.164,0.21,0.209,0.215,0.161,0.311,0.291,0.296,0.165,0.162,0.165,0.306,0.275,0.31,0.159,0.224,0.218,0.219,0.164,0.165,0.164,0.213,0.213,0.212,0.146
5,0.319,0.306,0.269,0.164,0.168,0.164,0.332,0.323,0.304,0.148,0.208,0.203,0.219,0.166,0.166,0.164,0.221,0.222,0.222,0.162,0.322,0.308,0.306,0.163,0.166,0.165,0.283,0.286,0.327,0.16,0.216,0.208,0.215,0.167,0.164,0.164,0.21,0.207,0.214,0.161,0.343,0.293,0.325,0.165,0.162,0.165,0.302,0.281,0.326,0.159,0.222,0.217,0.218,0.164,0.164,0.164,0.213,0.214,0.212,0.146
5.5,0.334,0.327,0.278,0.164,0.168,0.164,0.344,0.34,0.325,0.148,0.206,0.202,0.218,0.166,0.166,0.164,0.221,0.222,0.221,0.162,0.319,0.325,0.301,0.163,0.166,0.165,0.291,0.285,0.386,0.16,0.214,0.205,0.214,0.166,0.164,0.164,0.209,0.206,0.213,0.161,0.34,0.298,0.321,0.165,0.162,0.165,0.295,0.286,0.323,0.159,0.221,0.216,0.217,0.164,0.165,0.164,0.212,0.214,0.212,0.146
6,0.345,0.34,0.292,0.164,0.168,0.164,0.355,0.347,0.339,0.148,0.204,0.2,0.217,0.166,0.166,0.164,0.221,0.222,0.221,0.162,0.325,0.33,0.298,0.163,0.166,0.165,0.29,0.306,0.424,0.16,0.212,0.202,0.213,0.166,0.164,0.164,0.208,0.203,0.212,0.167,0.343,0.298,0.317,0.165,0.162,0.165,0.294,0.289,0.321,0.159,0.22,0.215,0.217,0.164,0.164,0.164,0.212,0.215,0.212,0.146
6.5,0.346,0.35,0.303,0.164,0.168,0.164,0.361,0.356,0.354,0.148,0.203,0.199,0.216,0.166,0.166,0.164,0.221,0.221,0.221,0.162,0.332,0.328,0.299,0.163,0.166,0.165,0.296,0.312,0.386,0.16,0.211,0.201,0.211,0.165,0.164,0.164,0.206,0.201,0.211,0.161,0.342,0.299,0.314,0.165,0.162,0.165,0.29,0.288,0.319,0.159,0.219,0.214,0.216,0.164,0.164,0.164,0.211,0.215,0.212,0.146
7,0.347,0.354,0.306,0.164,0.168,0.164,0.364,0.356,0.361,0.148,0.201,0.198,0.215,0.166,0.166,0.164,0.221,0.221,0.221,0.162,0.334,0.326,0.302,0.163,0.166,0.165,0.307,0.307,0.361,0.16,0.21,0.198,0.21,0.165,0.164,0.164,0.205,0.2,0.21,0.161,0.345,0.296,0.311,0.165,0.162,0.165,0.287,0.286,0.32,0.159,0.217,0.213,0.215,0.164,0.165,0.164,0.211,0.215,0.211,0.146
7.5,0.333,0.343,0.3,0.164,0.168,0.164,0.361,0.352,0.362,0.148,0.199,0.196,0.214,0.166,0.166,0.165,0.22,0.221,0.22,0.162,0.332,0.329,0.304,0.164,0.166,0.165,0.309,0.307,0.349,0.16,0.209,0.196,0.208,0.165,0.164,0.164,0.204,0.197,0.209,0.161,0.346,0.293,0.308,0.165,0.162,0.165,0.285,0.287,0.317,0.159,0.216,0.212,0.214,0.164,0.165,0.164,0.21,0.215,0.211,0.146
8,0.318,0.325,0.291,0.164,0.168,0.164,0.356,0.346,0.357,0.148,0.198,0.195,0.213,0.166,0.166,0.164,0.219,0.22,0.22,0.162,0.33,0.328,0.303,0.163,0.166,0.165,0.309,0.306,0.34,0.16,0.208,0.194,0.207,0.165,0.164,0.164,0.202,0.195,0.207,0.161,0.344,0.289,0.307,0.165,0.162,0.165,0.283,0.285,0.317,0.159,0.215,0.211,0.212,0.164,0.165,0.165,0.21,0.215,0.211,0.146
8.5,0.303,0.313,0.282,0.164,0.168,0.164,0.35,0.338,0.353,0.148,0.197,0.194,0.212,0.166,0.166,0.164,0.219,0.22,0.219,0.162,0.328,0.32,0.301,0.163,0.166,0.165,0.307,0.304,0.33,0.16,0.207,0.192,0.206,0.165,0.164,0.164,0.201,0.192,0.206,0.161,0.344,0.287,0.306,0.165,0.162,0.165,0.281,0.282,0.313,0.159,0.213,0.209,0.211,0.164,0.164,0.164,0.209,0.214,0.21,0.146
9,0.292,0.302,0.272,0.164,0.168,0.164,0.347,0.332,0.35,0.148,0.196,0.193,0.21,0.166,0.166,0.164,0.218,0.219,0.218,0.163,0.323,0.309,0.298,0.163,0.166,0.165,0.304,0.298,0.321,0.16,0.205,0.191,0.205,0.165,0.164,0.164,0.2,0.189,0.205,0.161,0.341,0.287,0.305,0.165,0.162,0.165,0.279,0.28,0.312,0.159,0.212,0.208,0.21,0.164,0.165,0.165,0.208,0.214,0.21,0.147
9.5,0.283,0.294,0.265,0.164,0.168,0.164,0.347,0.33,0.35,0.148,0.195,0.191,0.209,0.166,0.166,0.164,0.218,0.219,0.218,0.163,0.319,0.298,0.292,0.164,0.166,0.165,0.298,0.291,0.313,0.16,0.205,0.189,0.204,0.165,0.164,0.164,0.199,0.188,0.204,0.161,0.339,0.284,0.304,0.165,0.162,0.165,0.277,0.278,0.31,0.159,0.211,0.207,0.209,0.164,0.165,0.165,0.207,0.214,0.209,0.147
10,0.278,0.289,0.261,0.164,0.168,0.164,0.351,0.33,0.352,0.148,0.194,0.19,0.208,0.166,0.166,0.164,0.217,0.218,0.217,0.162,0.317,0.288,0.286,0.163,0.166,0.165,0.291,0.285,0.309,0.16,0.204,0.186,0.203,0.164,0.164,0.164,0.198,0.187,0.203,0.161,0.334,0.281,0.303,0.165,0.162,0.165,0.274,0.276,0.307,0.159,0.209,0.206,0.208,0.165,0.164,0.164,0.206,0.213,0.209,0.147
10.5,0.276,0.287,0.26,0.164,0.168,0.164,0.356,0.334,0.361,0.148,0.193,0.19,0.207,0.166,0.166,0.164,0.216,0.218,0.216,0.163,0.321,0.281,0.283,0.163,0.166,0.165,0.287,0.283,0.308,0.16,0.203,0.184,0.202,0.164,0.164,0.164,0.197,0.187,0.202,0.161,0.332,0.28,0.302,0.165,0.162,0.165,0.273,0.273,0.306,0.159,0.208,0.205,0.206,0.164,0.164,0.165,0.205,0.213,0.208,0.147
11,0.275,0.288,0.259,0.164,0.168,0.164,0.363,0.337,0.37,0.148,0.192,0.189,0.206,0.166,0.166,0.164,0.215,0.217,0.215,0.162,0.332,0.277,0.283,0.163,0.166,0.165,0.286,0.285,0.315,0.16,0.202,0.182,0.201,0.164,0.163,0.164,0.196,0.186,0.201,0.161,0.331,0.277,0.299,0.165,0.161,0.165,0.271,0.27,0.305,0.159,0.207,0.204,0.205,0.164,0.164,0.164,0.204,0.212,0.207,0.146
11.5,0.274,0.289,0.261,0.164,0.168,0.164,0.37,0.341,0.379,0.148,0.191,0.188,0.205,0.166,0.166,0.164,0.215,0.216,0.215,0.162,0.347,0.277,0.288,0.163,0.166,0.165,0.29,0.292,0.327,0.16,0.201,0.181,0.2,0.164,0.164,0.164,0.195,0.185,0.201,0.161,0.329,0.275,0.297,0.165,0.162,0.165,0.27,0.269,0.303,0.159,0.206,0.203,0.204,0.164,0.164,0.164,0.203,0.212,0.206,0.147
12,0.275,0.292,0.264,0.164,0.168,0.164,0.377,0.345,0.388,0.148,0.19,0.187,0.204,0.166,0.166,0.164,0.214,0.216,0.215,0.162,0.369,0.282,0.298,0.163,0.166,0.165,0.3,0.306,0.345,0.16,0.2,0.179,0.199,0.164,0.164,0.164,0.195,0.186,0.2,0.161,0.33,0.273,0.296,0.165,0.161,0.164,0.27,0.269,0.305,0.159,0.205,0.201,0.203,0.164,0.164,0.164,0.202,0.211,0.206,0.147
12.5,0.277,0.296,0.268,0.164,0.168,0.164,0.385,0.35,0.398,0.148,0.189,0.186,0.203,0.166,0.166,0.164,0.213,0.216,0.214,0.163,0.394,0.291,0.315,0.164,0.166,0.166,0.315,0.323,0.368,0.16,0.199,0.178,0.199,0.164,0.163,0.164,0.194,0.184,0.199,0.161,0.331,0.272,0.295,0.165,0.161,0.165,0.273,0.27,0.31,0.159,0.203,0.201,0.202,0.164,0.164,0.164,0.201,0.211,0.205,0.147
13,0.279,0.3,0.271,0.164,0.168,0.164,0.393,0.355,0.409,0.148,0.188,0.185,0.203,0.166,0.166,0.164,0.213,0.216,0.214,0.162,0.421,0.305,0.337,0.163,0.166,0.166,0.336,0.346,0.395,0.16,0.198,0.176,0.198,0.164,0.164,0.164,0.194,0.182,0.199,0.161,0.335,0.271,0.298,0.165,0.161,0.165,0.278,0.273,0.316,0.159,0.203,0.2,0.201,0.164,0.164,0.164,0.201,0.211,0.205,0.147
13.5,0.282,0.302,0.274,0.164,0.168,0.164,0.4,0.36,0.416,0.148,0.188,0.185,0.202,0.166,0.166,0.164,0.213,0.215,0.213,0.162,0.45,0.322,0.362,0.163,0.166,0.165,0.362,0.372,0.424,0.16,0.198,0.174,0.197,0.164,0.164,0.164,0.193,0.182,0.198,0.161,0.341,0.27,0.3,0.165,0.16,0.165,0.285,0.277,0.323,0.159,0.202,0.199,0.2,0.164,0.164,0.164,0.2,0.21,0.204,0.147
14,0.284,0.305,0.277,0.164,0.168,0.164,0.406,0.365,0.429,0.148,0.186,0.184,0.202,0.166,0.166,0.164,0.212,0.215,0.213,0.162,0.479,0.343,0.39,0.164,0.166,0.166,0.39,0.4,0.452,0.16,0.197,0.174,0.196,0.164,0.164,0.164,0.192,0.179,0.197,0.161,0.347,0.272,0.305,0.165,0.16,0.165,0.295,0.284,0.332,0.159,0.201,0.198,0.199,0.165,0.164,0.164,0.199,0.21,0.203,0.147
14.5,0.287,0.309,0.28,0.164,0.168,0.164,0.414,0.37,0.437,0.148,0.186,0.183,0.201,0.166,0.166,0.165,0.212,0.215,0.213,0.163,0.508,0.366,0.419,0.164,0.166,0.166,0.42,0.43,0.481,0.16,0.196,0.173,0.196,0.164,0.164,0.164,0.191,0.177,0.197,0.161,0.357,0.273,0.312,0.165,0.16,0.165,0.309,0.295,0.347,0.16,0.2,0.197,0.198,0.164,0.165,0.164,0.199,0.209,0.203,0.147
15,0.29,0.312,0.283,0.164,0.168,0.164,0.419,0.374,0.445,0.148,0.185,0.182,0.2,0.166,0.166,0.164,0.211,0.214,0.213,0.162,0.535,0.393,0.448,0.163,0.166,0.165,0.45,0.457,0.506,0.16,0.195,0.172,0.195,0.164,0.163,0.164,0.191,0.175,0.196,0.161,0.367,0.273,0.32,0.165,0.159,0.165,0.324,0.308,0.36,0.159,0.199,0.196,0.197,0.164,0.164,0.164,0.198,0.208,0.202,0.147
15.5,0.291,0.315,0.285,0.164,0.168,0.164,0.427,0.377,0.452,0.148,0.185,0.182,0.2,0.166,0.166,0.165,0.211,0.214,0.212,0.162,0.56,0.418,0.475,0.163,0.166,0.165,0.477,0.483,0.537,0.16,0.195,0.171,0.194,0.164,0.164,0.164,0.19,0.173,0.195,0.161,0.379,0.274,0.332,0.165,0.159,0.165,0.342,0.323,0.377,0.16,0.198,0.196,0.197,0.165,0.164,0.164,0.197,0.208,0.202,0.147
16,0.293,0.319,0.288,0.164,0.168,0.164,0.432,0.382,0.458,0.148,0.184,0.181,0.199,0.166,0.166,0.164,0.211,0.214,0.212,0.162,0.584,0.443,0.498,0.163,0.166,0.165,0.504,0.508,0.562,0.16,0.194,0.17,0.194,0.164,0.163,0.164,0.19,0.171,0.195,0.161,0.393,0.278,0.344,0.165,0.158,0.165,0.359,0.339,0.394,0.159,0.198,0.195,0.196,0.164,0.164,0.164,0.196,0.208,0.201,0.147
16.5,0.296,0.321,0.291,0.164,0.168,0.164,0.437,0.385,0.462,0.148,0.184,0.181,0.199,0.166,0.166,0.164,0.21,0.214,0.212,0.162,0.603,0.469,0.523,0.163,0.166,0.165,0.528,0.53,0.579,0.16,0.194,0.168,0.193,0.164,0.164,0.164,0.189,0.169,0.194,0.161,0.409,0.282,0.357,0.164,0.158,0.165,0.375,0.356,0.411,0.159,0.197,0.194,0.195,0.164,0.164,0.164,0.195,0.207,0.201,0.147
17,0.299,0.324,0.294,0.164,0.168,0.164,0.442,0.39,0.469,0.148,0.183,0.18,0.198,0.166,0.166,0.164,0.21,0.213,0.212,0.162,0.622,0.493,0.546,0.163,0.166,0.165,0.553,0.55,0.596,0.16,0.193,0.17,0.193,0.164,0.163,0.164,0.189,0.166,0.194,0.162,0.427,0.288,0.373,0.165,0.157,0.165,0.391,0.373,0.426,0.159,0.196,0.193,0.195,0.164,0.164,0.164,0.195,0.207,0.2,0.147
17.5,0.3,0.326,0.296,0.164,0.168,0.164,0.448,0.396,0.475,0.148,0.183,0.18,0.198,0.166,0.166,0.164,0.21,0.213,0.211,0.162,0.64,0.514,0.567,0.163,0.166,0.165,0.574,0.57,0.611,0.16,0.193,0.169,0.192,0.163,0.163,0.164,0.188,0.165,0.193,0.161,0.441,0.296,0.387,0.164,0.157,0.165,0.408,0.389,0.44,0.159,0.195,0.193,0.194,0.164,0.164,0.164,0.194,0.206,0.2,0.147
18,0.303,0.329,0.3,0.164,0.168,0.164,0.45,0.398,0.479,0.148,0.182,0.179,0.197,0.166,0.166,0.164,0.21,0.213,0.211,0.162,0.657,0.532,0.585,0.164,0.166,0.165,0.605,0.588,0.627,0.16,0.192,0.168,0.192,0.164,0.164,0.164,0.188,0.163,0.193,0.161,0.458,0.305,0.407,0.165,0.156,0.165,0.421,0.401,0.453,0.159,0.195,0.192,0.193,0.165,0.164,0.164,0.193,0.206,0.2,0.147
18.5,0.306,0.332,0.301,0.164,0.168,0.164,0.455,0.403,0.483,0.148,0.181,0.179,0.197,0.166,0.166,0.164,0.209,0.213,0.211,0.162,0.673,0.55,0.601,0.163,0.166,0.165,0.627,0.605,0.643,0.16,0.191,0.17,0.191,0.164,0.163,0.164,0.188,0.162,0.192,0.161,0.473,0.314,0.423,0.165,0.156,0.165,0.432,0.413,0.464,0.159,0.194,0.191,0.193,0.164,0.164,0.164,0.193,0.206,0.199,0.147
19,0.309,0.334,0.303,0.164,0.168,0.164,0.461,0.405,0.488,0.148,0.181,0.179,0.197,0.166,0.166,0.164,0.209,0.213,0.211,0.163,0.689,0.57,0.616,0.163,0.166,0.165,0.644,0.621,0.661,0.16,0.191,0.168,0.191,0.164,0.164,0.164,0.187,0.16,0.192,0.161,0.485,0.324,0.439,0.165,0.155,0.165,0.443,0.427,0.475,0.159,0.194,0.191,0.192,0.165,0.164,0.165,0.192,0.205,0.199,0.148
19.5,0.311,0.337,0.305,0.164,0.168,0.164,0.463,0.409,0.495,0.148,0.181,0.178,0.196,0.166,0.166,0.164,0.208,0.213,0.211,0.163,0.704,0.585,0.633,0.163,0.166,0.165,0.661,0.639,0.678,0.16,0.191,0.172,0.19,0.163,0.163,0.164,0.187,0.158,0.191,0.161,0.495,0.335,0.454,0.165,0.155,0.165,0.453,0.435,0.483,0.159,0.193,0.19,0.192,0.164,0.164,0.164,0.192,0.205,0.198,0.147
20,0.313,0.338,0.307,0.164,0.168,0.164,0.468,0.413,0.5,0.148,0.18,0.178,0.196,0.166,0.166,0.164,0.208,0.212,0.211,0.163,0.717,0.601,0.648,0.163,0.166,0.166,0.67,0.656,0.691,0.16,0.19,0.17,0.19,0.164,0.164,0.164,0.186,0.157,0.191,0.161,0.507,0.346,0.468,0.165,0.154,0.165,0.461,0.444,0.491,0.16,0.192,0.19,0.191,0.165,0.164,0.165,0.191,0.205,0.198,0.148
20.5,0.316,0.34,0.31,0.164,0.168,0.164,0.473,0.417,0.504,0.148,0.18,0.177,0.195,0.166,0.166,0.164,0.208,0.212,0.211,0.162,0.731,0.616,0.66,0.163,0.166,0.165,0.681,0.672,0.701,0.16,0.19,0.168,0.189,0.164,0.163,0.164,0.186,0.156,0.191,0.161,0.514,0.355,0.477,0.165,0.154,0.165,0.469,0.453,0.5,0.159,0.191,0.189,0.19,0.164,0.164,0.164,0.191,0.204,0.197,0.147
21,0.318,0.343,0.313,0.164,0.168,0.164,0.477,0.422,0.51,0.148,0.179,0.177,0.195,0.166,0.166,0.164,0.208,0.212,0.21,0.163,0.743,0.631,0.673,0.163,0.166,0.165,0.695,0.684,0.714,0.16,0.189,0.171,0.189,0.164,0.163,0.164,0.185,0.155,0.19,0.161,0.524,0.364,0.486,0.164,0.153,0.165,0.477,0.462,0.506,0.16,0.191,0.188,0.19,0.164,0.164,0.164,0.19,0.204,0.197,0.148
21.5,0.321,0.345,0.314,0.164,0.168,0.164,0.479,0.425,0.514,0.148,0.179,0.176,0.194,0.166,0.166,0.164,0.208,0.212,0.21,0.163,0.754,0.644,0.684,0.163,0.166,0.165,0.706,0.7,0.727,0.16,0.189,0.169,0.189,0.164,0.164,0.164,0.185,0.154,0.19,0.161,0.533,0.375,0.494,0.165,0.153,0.165,0.483,0.469,0.515,0.159,0.191,0.188,0.189,0.165,0.164,0.164,0.19,0.204,0.197,0.148
22,0.322,0.346,0.317,0.164,0.168,0.164,0.484,0.428,0.518,0.148,0.179,0.176,0.194,0.166,0.166,0.164,0.207,0.212,0.21,0.163,0.766,0.658,0.696,0.163,0.166,0.165,0.718,0.714,0.736,0.16,0.188,0.17,0.188,0.164,0.163,0.164,0.185,0.153,0.189,0.161,0.542,0.384,0.504,0.165,0.152,0.165,0.491,0.476,0.52,0.16,0.19,0.188,0.189,0.164,0.164,0.165,0.189,0.203,0.196,0.148
22.5,0.325,0.35,0.317,0.164,0.168,0.164,0.488,0.43,0.523,0.149,0.178,0.176,0.194,0.166,0.166,0.164,0.207,0.211,0.21,0.163,0.777,0.671,0.709,0.163,0.166,0.165,0.729,0.728,0.748,0.16,0.188,0.168,0.188,0.164,0.163,0.164,0.184,0.152,0.189,0.161,0.55,0.392,0.513,0.165,0.152,0.165,0.501,0.482,0.527,0.159,0.189,0.187,0.189,0.164,0.164,0.164,0.188,0.203,0.196,0.148
23,0.326,0.351,0.319,0.164,0.168,0.163,0.492,0.433,0.527,0.148,0.178,0.175,0.193,0.166,0.166,0.164,0.206,0.211,0.209,0.162,0.787,0.683,0.72,0.163,0.166,0.165,0.739,0.739,0.762,0.16,0.187,0.167,0.187,0.163,0.163,0.164,0.184,0.151,0.188,0.161,0.554,0.401,0.523,0.164,0.151,0.165,0.506,0.491,0.533,0.159,0.188,0.186,0.188,0.164,0.164,0.164,0.188,0.203,0.196,0.148
23.5,0.328,0.354,0.32,0.164,0.168,0.164,0.496,0.437,0.532,0.148,0.178,0.175,0.193,0.166,0.166,0.164,0.206,0.211,0.209,0.163,0.797,0.696,0.731,0.163,0.166,0.165,0.751,0.751,0.774,0.16,0.187,0.168,0.187,0.164,0.164,0.164,0.184,0.151,0.188,0.161,0.563,0.41,0.532,0.165,0.151,0.165,0.515,0.5,0.542,0.159,0.188,0.186,0.188,0.164,0.164,0.164,0.188,0.202,0.195,0.148
24,0.33,0.357,0.321,0.164,0.168,0.164,0.5,0.439,0.536,0.148,0.177,0.175,0.193,0.166,0.166,0.164,0.206,0.21,0.209,0.162,0.808,0.709,0.742,0.163,0.166,0.165,0.763,0.763,0.787,0.161,0.187,0.166,0.187,0.164,0.164,0.164,0.183,0.151,0.188,0.161,0.57,0.418,0.544,0.164,0.151,0.165,0.524,0.509,0.552,0.16,0.188,0.186,0.187,0.165,0.164,0.164,0.187,0.202,0.195,0.148
24.5,0.332,0.357,0.323,0.164,0.168,0.163,0.503,0.441,0.54,0.148,0.177,0.174,0.192,0.166,0.166,0.164,0.205,0.21,0.208,0.162,0.818,0.72,0.753,0.163,0.166,0.165,0.775,0.777,0.8,0.16,0.186,0.165,0.186,0.163,0.163,0.164,0.183,0.15,0.187,0.161,0.577,0.425,0.554,0.164,0.15,0.165,0.536,0.519,0.558,0.159,0.187,0.185,0.187,0.164,0.164,0.164,0.186,0.202,0.194,0.148
25,0.333,0.358,0.325,0.164,0.168,0.164,0.507,0.444,0.542,0.148,0.176,0.174,0.192,0.166,0.166,0.164,0.205,0.21,0.208,0.163,0.827,0.733,0.766,0.163,0.166,0.165,0.786,0.79,0.812,0.16,0.186,0.165,0.186,0.164,0.163,0.164,0.183,0.15,0.187,0.161,0.585,0.432,0.567,0.165,0.15,0.165,0.546,0.53,0.567,0.159,0.187,0.185,0.186,0.164,0.164,0.164,0.186,0.201,0.194,0.148
25.5,0.334,0.359,0.325,0.164,0.168,0.164,0.51,0.444,0.544,0.148,0.176,0.174,0.192,0.166,0.166,0.164,0.205,0.21,0.208,0.163,0.836,0.744,0.777,0.163,0.166,0.165,0.794,0.799,0.825,0.16,0.186,0.165,0.186,0.164,0.163,0.164,0.182,0.15,0.187,0.161,0.594,0.439,0.579,0.164,0.15,0.165,0.557,0.542,0.578,0.159,0.187,0.185,0.186,0.164,0.164,0.165,0.186,0.201,0.194,0.148
26,0.336,0.36,0.327,0.164,0.168,0.164,0.513,0.446,0.546,0.148,0.176,0.173,0.191,0.166,0.166,0.164,0.204,0.209,0.208,0.163,0.849,0.757,0.789,0.163,0.166,0.165,0.805,0.811,0.838,0.161,0.185,0.163,0.185,0.164,0.163,0.164,0.182,0.149,0.186,0.163,0.604,0.448,0.594,0.165,0.149,0.165,0.57,0.555,0.589,0.16,0.186,0.184,0.185,0.165,0.164,0.164,0.185,0.201,0.193,0.149
26.5,0.335,0.361,0.327,0.164,0.167,0.164,0.514,0.447,0.549,0.148,0.176,0.174,0.191,0.166,0.166,0.164,0.204,0.209,0.207,0.163,0.858,0.767,0.8,0.163,0.166,0.165,0.816,0.821,0.847,0.16,0.185,0.162,0.185,0.163,0.163,0.164,0.182,0.149,0.186,0.161,0.613,0.456,0.607,0.164,0.149,0.165,0.585,0.569,0.6,0.159,0.186,0.184,0.185,0.164,0.164,0.164,0.185,0.2,0.193,0.148
27,0.337,0.362,0.328,0.164,0.167,0.164,0.516,0.448,0.551,0.148,0.175,0.173,0.191,0.166,0.166,0.164,0.204,0.209,0.207,0.162,0.871,0.778,0.809,0.163,0.166,0.165,0.826,0.831,0.858,0.16,0.185,0.161,0.184,0.163,0.163,0.164,0.182,0.149,0.186,0.161,0.624,0.467,0.624,0.164,0.149,0.165,0.602,0.589,0.614,0.159,0.185,0.183,0.185,0.164,0.164,0.164,0.184,0.2,0.192,0.148
27.5,0.339,0.364,0.329,0.164,0.167,0.164,0.518,0.451,0.553,0.148,0.175,0.172,0.19,0.166,0.166,0.164,0.203,0.208,0.207,0.162,0.881,0.788,0.822,0.163,0.166,0.165,0.835,0.841,0.866,0.16,0.184,0.16,0.184,0.163,0.163,0.164,0.181,0.149,0.185,0.161,0.637,0.478,0.641,0.164,0.148,0.164,0.632,0.613,0.63,0.159,0.185,0.182,0.184,0.164,0.164,0.164,0.183,0.2,0.192,0.148
28,0.34,0.364,0.329,0.164,0.167,0.164,0.521,0.452,0.555,0.148,0.175,0.172,0.19,0.166,0.166,0.164,0.203,0.208,0.207,0.163,0.891,0.799,0.836,0.163,0.166,0.165,0.843,0.852,0.874,0.161,0.184,0.16,0.184,0.163,0.163,0.164,0.181,0.148,0.185,0.161,0.651,0.491,0.666,0.164,0.148,0.165,0.645,0.63,0.653,0.159,0.184,0.182,0.184,0.165,0.164,0.164,0.183,0.199,0.191,0.149
28.5,0.341,0.364,0.329,0.164,0.167,0.164,0.522,0.453,0.556,0.148,0.174,0.172,0.19,0.166,0.166,0.164,0.203,0.208,0.206,0.162,0.902,0.811,0.851,0.163,0.166,0.165,0.853,0.861,0.878,0.16,0.183,0.158,0.183,0.163,0.163,0.164,0.181,0.148,0.184,0.161,0.668,0.508,0.687,0.164,0.148,0.164,0.656,0.64,0.672,0.159,0.184,0.182,0.183,0.164,0.164,0.164,0.183,0.199,0.191,0.149
29,0.342,0.365,0.329,0.164,0.167,0.164,0.523,0.453,0.557,0.148,0.174,0.172,0.189,0.166,0.165,0.164,0.202,0.207,0.206,0.163,0.913,0.822,0.863,0.163,0.166,0.165,0.865,0.867,0.883,0.16,0.183,0.158,0.183,0.164,0.163,0.164,0.18,0.149,0.184,0.161,0.691,0.533,0.701,0.164,0.148,0.165,0.665,0.647,0.681,0.159,0.183,0.181,0.183,0.164,0.164,0.164,0.182,0.199,0.191,0.149
29.5,0.343,0.367,0.331,0.164,0.167,0.163,0.524,0.454,0.558,0.148,0.174,0.171,0.189,0.166,0.165,0.164,0.202,0.207,0.206,0.163,0.925,0.832,0.874,0.163,0.166,0.165,0.876,0.872,0.887,0.16,0.183,0.156,0.182,0.163,0.163,0.163,0.18,0.148,0.184,0.161,0.707,0.56,0.712,0.164,0.148,0.164,0.673,0.655,0.688,0.159,0.183,0.181,0.182,0.164,0.164,0.164,0.181,0.198,0.19,0.149
30,0.343,0.368,0.333,0.164,0.166,0.164,0.525,0.454,0.561,0.148,0.173,0.171,0.189,0.166,0.166,0.164,0.202,0.207,0.205,0.162,0.935,0.841,0.879,0.163,0.165,0.165,0.877,0.878,0.889,0.16,0.182,0.155,0.182,0.163,0.163,0.163,0.18,0.148,0.183,0.161,0.719,0.577,0.722,0.164,0.147,0.164,0.68,0.661,0.696,0.159,0.182,0.18,0.182,0.164,0.164,0.164,0.181,0.198,0.19,0.149
30.5,0.343,0.367,0.332,0.164,0.167,0.164,0.527,0.454,0.563,0.148,0.173,0.171,0.188,0.166,0.165,0.164,0.201,0.207,0.205,0.162,0.943,0.848,0.883,0.163,0.166,0.165,0.878,0.881,0.89,0.16,0.182,0.154,0.181,0.163,0.163,0.163,0.179,0.148,0.183,0.161,0.728,0.591,0.73,0.164,0.147,0.164,0.686,0.666,0.701,0.159,0.182,0.18,0.181,0.164,0.164,0.164,0.18,0.198,0.189,0.149
31,0.343,0.367,0.332,0.164,0.166,0.163,0.528,0.455,0.563,0.148,0.173,0.171,0.188,0.166,0.165,0.164,0.201,0.206,0.205,0.162,0.95,0.854,0.89,0.163,0.165,0.165,0.88,0.883,0.891,0.16,0.182,0.153,0.181,0.163,0.163,0.163,0.179,0.148,0.183,0.16,0.736,0.605,0.738,0.164,0.147,0.164,0.69,0.67,0.705,0.159,0.181,0.179,0.181,0.164,0.164,0.164,0.18,0.197,0.189,0.149
31.5,0.345,0.368,0.333,0.164,0.166,0.164,0.53,0.457,0.565,0.148,0.172,0.17,0.188,0.166,0.165,0.164,0.201,0.206,0.204,0.162,0.955,0.858,0.896,0.163,0.165,0.165,0.882,0.883,0.892,0.16,0.182,0.153,0.181,0.163,0.163,0.163,0.179,0.148,0.183,0.161,0.744,0.616,0.743,0.164,0.147,0.164,0.695,0.674,0.71,0.159,0.181,0.179,0.18,0.164,0.164,0.164,0.18,0.197,0.189,0.149
32,0.345,0.368,0.334,0.164,0.166,0.164,0.532,0.457,0.566,0.149,0.172,0.17,0.188,0.166,0.165,0.164,0.201,0.206,0.204,0.163,0.961,0.862,0.899,0.163,0.166,0.165,0.885,0.884,0.894,0.161,0.182,0.153,0.18,0.163,0.163,0.163,0.179,0.148,0.182,0.161,0.752,0.628,0.75,0.164,0.147,0.164,0.7,0.68,0.715,0.159,0.181,0.179,0.18,0.164,0.164,0.164,0.179,0.197,0.188,0.149
32.5,0.345,0.368,0.332,0.164,0.166,0.163,0.533,0.455,0.567,0.148,0.172,0.17,0.187,0.166,0.165,0.164,0.2,0.206,0.203,0.162,0.964,0.865,0.902,0.163,0.165,0.165,0.886,0.885,0.893,0.16,0.181,0.151,0.18,0.163,0.162,0.163,0.178,0.148,0.182,0.16,0.757,0.637,0.756,0.164,0.147,0.164,0.703,0.683,0.719,0.159,0.18,0.178,0.18,0.164,0.164,0.164,0.179,0.196,0.188,0.149
33,0.345,0.369,0.332,0.164,0.166,0.163,0.533,0.455,0.567,0.148,0.172,0.17,0.186,0.165,0.165,0.164,0.2,0.205,0.203,0.162,0.968,0.868,0.904,0.163,0.165,0.164,0.885,0.884,0.894,0.16,0.181,0.15,0.18,0.163,0.162,0.162,0.178,0.147,0.181,0.16,0.762,0.644,0.76,0.163,0.146,0.164,0.706,0.686,0.722,0.159,0.18,0.178,0.179,0.163,0.163,0.164,0.178,0.196,0.187,0.149
33.5,0.346,0.369,0.332,0.164,0.166,0.164,0.536,0.457,0.569,0.148,0.171,0.169,0.186,0.166,0.165,0.164,0.199,0.205,0.203,0.162,0.971,0.87,0.905,0.163,0.165,0.165,0.886,0.885,0.894,0.16,0.181,0.151,0.18,0.163,0.162,0.163,0.178,0.147,0.181,0.16,0.768,0.652,0.764,0.163,0.146,0.164,0.71,0.689,0.726,0.159,0.18,0.178,0.179,0.164,0.164,0.164,0.178,0.196,0.187,0.149
34,0.346,0.37,0.333,0.164,0.166,0.163,0.535,0.457,0.569,0.148,0.171,0.169,0.186,0.166,0.165,0.164,0.199,0.205,0.203,0.162,0.972,0.872,0.907,0.163,0.165,0.165,0.886,0.885,0.894,0.16,0.18,0.15,0.179,0.163,0.162,0.163,0.177,0.147,0.181,0.16,0.772,0.66,0.769,0.163,0.146,0.164,0.713,0.691,0.728,0.159,0.179,0.177,0.179,0.164,0.164,0.164,0.177,0.195,0.186,0.149
34.5,0.346,0.371,0.333,0.164,0.165,0.163,0.536,0.457,0.571,0.148,0.171,0.169,0.186,0.166,0.165,0.163,0.199,0.204,0.202,0.162,0.974,0.871,0.907,0.163,0.165,0.165,0.885,0.885,0.893,0.16,0.18,0.15,0.179,0.162,0.162,0.162,0.177,0.147,0.18,0.16,0.775,0.665,0.771,0.163,0.146,0.164,0.714,0.693,0.731,0.159,0.179,0.177,0.178,0.163,0.163,0.164,0.177,0.195,0.186,0.149
35,0.346,0.371,0.334,0.164,0.165,0.164,0.537,0.458,0.571,0.148,0.171,0.169,0.186,0.166,0.165,0.163,0.199,0.204,0.202,0.162,0.974,0.872,0.908,0.163,0.165,0.165,0.885,0.884,0.893,0.16,0.18,0.15,0.179,0.163,0.162,0.162,0.177,0.147,0.18,0.16,0.779,0.671,0.774,0.163,0.146,0.164,0.717,0.695,0.734,0.159,0.179,0.176,0.178,0.164,0.163,0.164,0.177,0.195,0.186,0.149
35.5,0.346,0.372,0.335,0.164,0.165,0.163,0.538,0.459,0.572,0.148,0.171,0.168,0.185,0.165,0.164,0.163,0.198,0.204,0.202,0.162,0.975,0.872,0.907,0.162,0.165,0.164,0.883,0.883,0.892,0.16,0.179,0.149,0.178,0.162,0.162,0.162,0.176,0.147,0.18,0.16,0.783,0.677,0.777,0.163,0.146,0.164,0.718,0.697,0.736,0.159,0.178,0.176,0.177,0.163,0.163,0.163,0.177,0.195,0.185,0.149
36,0.346,0.372,0.335,0.164,0.165,0.163,0.538,0.46,0.572,0.148,0.17,0.168,0.185,0.165,0.164,0.163,0.198,0.203,0.201,0.162,0.975,0.871,0.907,0.162,0.165,0.164,0.883,0.883,0.891,0.16,0.179,0.149,0.178,0.162,0.162,0.162,0.176,0.147,0.179,0.16,0.786,0.681,0.779,0.163,0.146,0.164,0.72,0.699,0.737,0.159,0.178,0.176,0.177,0.163,0.163,0.163,0.176,0.194,0.185,0.149
36.5,0.346,0.373,0.336,0.164,0.165,0.164,0.538,0.461,0.573,0.148,0.17,0.168,0.185,0.165,0.164,0.163,0.198,0.204,0.201,0.162,0.975,0.871,0.907,0.162,0.165,0.164,0.882,0.882,0.89,0.16,0.179,0.149,0.177,0.163,0.162,0.162,0.176,0.147,0.179,0.16,0.788,0.685,0.781,0.163,0.146,0.164,0.721,0.7,0.739,0.159,0.178,0.175,0.177,0.163,0.163,0.163,0.176,0.194,0.185,0.15
37,0.345,0.373,0.336,0.164,0.165,0.163,0.539,0.461,0.573,0.148,0.17,0.168,0.185,0.165,0.164,0.163,0.198,0.203,0.201,0.162,0.974,0.871,0.905,0.162,0.165,0.164,0.88,0.88,0.889,0.16,0.179,0.148,0.177,0.162,0.162,0.162,0.176,0.147,0.179,0.16,0.789,0.687,0.782,0.163,0.146,0.164,0.721,0.699,0.739,0.158,0.178,0.175,0.176,0.163,0.163,0.163,0.175,0.194,0.184,0.149
37.5,0.345,0.374,0.336,0.164,0.165,0.163,0.54,0.462,0.574,0.148,0.17,0.167,0.184,0.165,0.164,0.163,0.197,0.203,0.2,0.162,0.975,0.871,0.905,0.162,0.165,0.164,0.88,0.88,0.889,0.16,0.178,0.148,0.177,0.162,0.161,0.162,0.175,0.147,0.178,0.16,0.792,0.691,0.784,0.163,0.146,0.163,0.724,0.702,0.742,0.158,0.177,0.175,0.176,0.163,0.163,0.163,0.175,0.193,0.184,0.149
38,0.345,0.374,0.336,0.164,0.165,0.163,0.54,0.463,0.574,0.148,0.17,0.167,0.184,0.165,0.164,0.163,0.197,0.203,0.2,0.162,0.975,0.87,0.905,0.162,0.164,0.164,0.879,0.88,0.888,0.16,0.178,0.148,0.176,0.162,0.162,0.162,0.175,0.147,0.178,0.16,0.794,0.694,0.785,0.163,0.145,0.163,0.725,0.702,0.742,0.158,0.177,0.174,0.176,0.163,0.163,0.163,0.174,0.193,0.183,0.149
38.5,0.345,0.374,0.336,0.164,0.165,0.163,0.54,0.463,0.575,0.148,0.17,0.167,0.184,0.165,0.164,0.163,0.197,0.203,0.2,0.162,0.974,0.871,0.904,0.162,0.164,0.164,0.879,0.879,0.888,0.16,0.178,0.148,0.176,0.162,0.161,0.162,0.175,0.147,0.178,0.16,0.795,0.696,0.786,0.163,0.146,0.163,0.724,0.703,0.742,0.159,0.177,0.174,0.175,0.163,0.163,0.163,0.174,0.193,0.183,0.149
39,0.345,0.375,0.337,0.164,0.165,0.163,0.541,0.465,0.575,0.148,0.169,0.167,0.184,0.164,0.164,0.162,0.196,0.202,0.2,0.162,0.974,0.87,0.903,0.162,0.164,0.164,0.878,0.878,0.887,0.16,0.178,0.148,0.176,0.162,0.161,0.162,0.174,0.147,0.177,0.16,0.796,0.698,0.787,0.163,0.146,0.163,0.726,0.704,0.745,0.158,0.176,0.174,0.175,0.163,0.163,0.163,0.174,0.192,0.183,0.15
39.5,0.345,0.374,0.337,0.163,0.164,0.163,0.541,0.465,0.576,0.148,0.169,0.167,0.183,0.164,0.164,0.162,0.196,0.202,0.199,0.162,0.974,0.869,0.903,0.162,0.164,0.164,0.877,0.877,0.886,0.16,0.177,0.147,0.175,0.162,0.161,0.162,0.173,0.147,0.177,0.16,0.797,0.702,0.789,0.162,0.145,0.163,0.727,0.705,0.745,0.158,0.176,0.173,0.174,0.163,0.163,0.163,0.173,0.192,0.182,0.149
40,0.345,0.374,0.337,0.163,0.165,0.163,0.542,0.466,0.576,0.148,0.169,0.167,0.183,0.165,0.164,0.163,0.196,0.202,0.199,0.162,0.973,0.868,0.903,0.162,0.164,0.164,0.876,0.877,0.886,0.16,0.177,0.147,0.175,0.162,0.161,0.162,0.174,0.147,0.177,0.16,0.798,0.702,0.789,0.163,0.146,0.163,0.726,0.704,0.745,0.158,0.176,0.173,0.174,0.163,0.163,0.163,0.173,0.192,0.182,0.15
40.5,0.345,0.374,0.337,0.163,0.164,0.163,0.542,0.467,0.577,0.147,0.169,0.167,0.183,0.164,0.164,0.162,0.195,0.201,0.199,0.162,0.972,0.868,0.902,0.162,0.164,0.164,0.875,0.876,0.885,0.16,0.177,0.147,0.174,0.162,0.161,0.162,0.173,0.147,0.176,0.16,0.8,0.704,0.789,0.163,0.145,0.163,0.727,0.705,0.746,0.158,0.176,0.173,0.174,0.163,0.162,0.163,0.172,0.191,0.181,0.15
41,0.345,0.375,0.337,0.163,0.164,0.163,0.544,0.467,0.578,0.147,0.169,0.165,0.182,0.164,0.164,0.162,0.195,0.201,0.198,0.162,0.973,0.868,0.901,0.162,0.164,0.164,0.875,0.875,0.885,0.159,0.176,0.147,0.174,0.162,0.161,0.162,0.172,0.147,0.176,0.16,0.801,0.706,0.79,0.162,0.145,0.163,0.729,0.706,0.746,0.158,0.176,0.172,0.173,0.163,0.162,0.163,0.172,0.191,0.181,0.15
41.5,0.345,0.374,0.337,0.163,0.164,0.163,0.543,0.468,0.577,0.147,0.168,0.165,0.182,0.164,0.164,0.162,0.194,0.2,0.198,0.162,0.971,0.866,0.9,0.162,0.164,0.164,0.874,0.875,0.884,0.159,0.176,0.146,0.173,0.162,0.161,0.161,0.172,0.147,0.175,0.159,0.801,0.707,0.79,0.162,0.145,0.163,0.727,0.705,0.746,0.158,0.175,0.172,0.173,0.162,0.162,0.163,0.171,0.19,0.181,0.15
42,0.344,0.375,0.337,0.163,0.164,0.163,0.544,0.469,0.578,0.147,0.168,0.165,0.182,0.164,0.164,0.162,0.194,0.201,0.198,0.162,0.97,0.866,0.9,0.162,0.164,0.163,0.873,0.874,0.883,0.159,0.176,0.146,0.173,0.162,0.161,0.161,0.172,0.147,0.175,0.159,0.801,0.707,0.79,0.162,0.145,0.163,0.727,0.705,0.745,0.158,0.175,0.172,0.172,0.162,0.162,0.163,0.171,0.19,0.18,0.15
42.5,0.345,0.375,0.338,0.163,0.164,0.163,0.545,0.47,0.579,0.147,0.168,0.164,0.181,0.164,0.163,0.162,0.194,0.2,0.197,0.162,0.971,0.866,0.9,0.161,0.164,0.164,0.873,0.874,0.882,0.159,0.175,0.146,0.172,0.161,0.161,0.161,0.171,0.147,0.174,0.159,0.801,0.709,0.79,0.162,0.145,0.163,0.728,0.706,0.746,0.158,0.175,0.171,0.172,0.162,0.162,0.163,0.171,0.19,0.18,0.15
43,0.345,0.375,0.338,0.163,0.164,0.163,0.545,0.471,0.579,0.147,0.168,0.163,0.181,0.164,0.163,0.162,0.194,0.2,0.197,0.162,0.969,0.864,0.899,0.161,0.164,0.163,0.872,0.874,0.882,0.159,0.175,0.146,0.172,0.162,0.161,0.161,0.171,0.147,0.174,0.159,0.802,0.709,0.791,0.162,0.145,0.163,0.728,0.705,0.746,0.158,0.175,0.171,0.172,0.162,0.162,0.162,0.17,0.19,0.179,0.15
43.5,0.345,0.375,0.338,0.163,0.164,0.163,0.545,0.472,0.581,0.147,0.168,0.163,0.181,0.164,0.163,0.162,0.193,0.2,0.197,0.162,0.969,0.864,0.899,0.161,0.164,0.163,0.871,0.873,0.881,0.159,0.175,0.146,0.171,0.161,0.161,0.161,0.17,0.147,0.173,0.159,0.802,0.71,0.79,0.162,0.145,0.163,0.728,0.705,0.746,0.158,0.175,0.17,0.171,0.162,0.162,0.162,0.17,0.189,0.179,0.15
44,0.344,0.375,0.338,0.163,0.163,0.163,0.546,0.473,0.581,0.147,0.168,0.162,0.181,0.164,0.163,0.162,0.193,0.199,0.196,0.162,0.968,0.864,0.898,0.161,0.164,0.163,0.87,0.872,0.881,0.159,0.175,0.146,0.171,0.161,0.161,0.161,0.17,0.147,0.173,0.159,0.802,0.711,0.791,0.162,0.145,0.162,0.728,0.706,0.746,0.158,0.174,0.17,0.171,0.162,0.162,0.162,0.169,0.189,0.179,0.15
44.5,0.344,0.376,0.338,0.162,0.163,0.162,0.547,0.474,0.582,0.147,0.168,0.161,0.18,0.164,0.163,0.161,0.192,0.198,0.196,0.162,0.968,0.863,0.897,0.161,0.163,0.163,0.87,0.872,0.88,0.159,0.174,0.146,0.17,0.161,0.16,0.161,0.169,0.147,0.172,0.159,0.803,0.711,0.791,0.162,0.145,0.162,0.729,0.706,0.746,0.158,0.174,0.169,0.17,0.162,0.162,0.162,0.169,0.189,0.178,0.15
45,0.344,0.376,0.339,0.163,0.163,0.163,0.546,0.475,0.582,0.147,0.168,0.161,0.18,0.164,0.163,0.162,0.193,0.198,0.196,0.162,0.967,0.862,0.897,0.161,0.164,0.163,0.869,0.871,0.879,0.159,0.174,0.146,0.17,0.161,0.161,0.161,0.169,0.147,0.172,0.159,0.803,0.712,0.791,0.162,0.145,0.162,0.728,0.705,0.746,0.158,0.174,0.169,0.169,0.162,0.162,0.162,0.168,0.188,0.178,0.15
45.5,0.344,0.376,0.338,0.162,0.163,0.162,0.547,0.476,0.583,0.147,0.167,0.16,0.179,0.164,0.163,0.161,0.191,0.198,0.195,0.161,0.967,0.861,0.896,0.161,0.163,0.163,0.868,0.87,0.88,0.159,0.173,0.145,0.169,0.161,0.16,0.161,0.168,0.146,0.171,0.159,0.802,0.712,0.791,0.161,0.145,0.162,0.728,0.705,0.746,0.158,0.173,0.168,0.168,0.162,0.161,0.162,0.167,0.188,0.177,0.15
46,0.344,0.376,0.338,0.162,0.162,0.162,0.548,0.477,0.584,0.147,0.167,0.159,0.179,0.164,0.163,0.161,0.191,0.197,0.195,0.162,0.966,0.861,0.896,0.161,0.163,0.163,0.868,0.869,0.879,0.159,0.173,0.145,0.168,0.161,0.16,0.161,0.167,0.147,0.17,0.159,0.802,0.713,0.791,0.161,0.145,0.162,0.728,0.705,0.746,0.157,0.173,0.168,0.168,0.162,0.161,0.162,0.167,0.187,0.176,0.15
46.5,0.344,0.376,0.338,0.162,0.162,0.162,0.548,0.478,0.584,0.147,0.167,0.159,0.179,0.164,0.163,0.161,0.191,0.197,0.194,0.162,0.965,0.861,0.896,0.161,0.163,0.163,0.868,0.87,0.878,0.159,0.173,0.145,0.168,0.161,0.16,0.16,0.167,0.147,0.17,0.159,0.802,0.713,0.79,0.162,0.145,0.162,0.727,0.704,0.746,0.157,0.173,0.167,0.168,0.162,0.162,0.162,0.166,0.187,0.176,0.15
47,0.344,0.376,0.339,0.162,0.162,0.162,0.55,0.479,0.585,0.147,0.167,0.159,0.179,0.164,0.163,0.161,0.191,0.197,0.194,0.162,0.965,0.86,0.896,0.161,0.163,0.163,0.868,0.87,0.878,0.159,0.173,0.146,0.168,0.161,0.16,0.161,0.167,0.147,0.169,0.159,0.803,0.714,0.79,0.161,0.145,0.162,0.727,0.704,0.746,0.158,0.173,0.167,0.167,0.162,0.161,0.162,0.166,0.186,0.175,0.15
47.5,0.345,0.376,0.339,0.162,0.162,0.162,0.55,0.481,0.586,0.147,0.167,0.158,0.178,0.163,0.163,0.161,0.19,0.196,0.193,0.162,0.965,0.86,0.895,0.161,0.163,0.163,0.867,0.869,0.877,0.159,0.172,0.145,0.167,0.161,0.16,0.161,0.166,0.147,0.169,0.159,0.802,0.714,0.79,0.161,0.145,0.162,0.728,0.705,0.746,0.157,0.172,0.166,0.166,0.161,0.161,0.162,0.165,0.186,0.175,0.15
48,0.345,0.376,0.339,0.162,0.161,0.162,0.549,0.482,0.587,0.147,0.166,0.157,0.178,0.163,0.163,0.161,0.19,0.196,0.193,0.161,0.964,0.859,0.894,0.161,0.163,0.162,0.866,0.868,0.877,0.159,0.172,0.145,0.166,0.161,0.16,0.16,0.165,0.147,0.168,0.159,0.802,0.714,0.79,0.161,0.145,0.161,0.727,0.704,0.746,0.157,0.172,0.165,0.166,0.161,0.161,0.161,0.164,0.185,0.174,0.15
48.5,0.344,0.376,0.339,0.162,0.161,0.162,0.551,0.483,0.588,0.147,0.166,0.156,0.177,0.163,0.163,0.161,0.189,0.195,0.192,0.161,0.964,0.859,0.894,0.16,0.163,0.162,0.867,0.869,0.877,0.159,0.171,0.145,0.166,0.161,0.16,0.16,0.165,0.147,0.168,0.159,0.802,0.714,0.79,0.161,0.145,0.162,0.727,0.703,0.745,0.157,0.171,0.165,0.165,0.161,0.161,0.161,0.164,0.185,0.173,0.15
49,0.345,0.377,0.339,0.162,0.161,0.162,0.552,0.484,0.589,0.147,0.166,0.156,0.177,0.163,0.163,0.161,0.189,0.195,0.192,0.162,0.964,0.858,0.894,0.16,0.163,0.162,0.865,0.868,0.877,0.159,0.171,0.146,0.165,0.161,0.16,0.16,0.164,0.147,0.167,0.159,0.802,0.714,0.789,0.161,0.145,0.161,0.727,0.704,0.745,0.158,0.171,0.164,0.165,0.161,0.161,0.161,0.164,0.184,0.173,0.15
49.5,0.345,0.377,0.339,0.162,0.16,0.162,0.552,0.486,0.588,0.147,0.166,0.155,0.176,0.163,0.162,0.161,0.188,0.194,0.191,0.161,0.963,0.857,0.893,0.16,0.163,0.162,0.864,0.867,0.876,0.158,0.17,0.146,0.165,0.16,0.16,0.16,0.164,0.147,0.167,0.159,0.801,0.714,0.789,0.161,0.145,0.161,0.726,0.704,0.745,0.157,0.171,0.164,0.164,0.161,0.161,0.161,0.163,0.184,0.172,0.15
50,0.344,0.377,0.34,0.162,0.16,0.162,0.552,0.487,0.59,0.147,0.166,0.155,0.176,0.163,0.163,0.161,0.188,0.194,0.191,0.161,0.963,0.858,0.893,0.16,0.163,0.162,0.864,0.867,0.876,0.159,0.171,0.146,0.165,0.161,0.16,0.16,0.164,0.147,0.166,0.159,0.801,0.715,0.789,0.161,0.145,0.161,0.727,0.703,0.745,0.157,0.171,0.164,0.163,0.161,0.161,0.161,0.163,0.183,0.172,0.15
50.5,0.345,0.377,0.339,0.162,0.16,0.162,0.553,0.487,0.59,0.147,0.166,0.154,0.176,0.163,0.162,0.161,0.188,0.194,0.191,0.161,0.962,0.857,0.892,0.16,0.162,0.162,0.863,0.866,0.875,0.159,0.17,0.146,0.164,0.16,0.16,0.16,0.163,0.147,0.166,0.159,0.801,0.714,0.788,0.161,0.145,0.161,0.725,0.702,0.744,0.157,0.17,0.163,0.163,0.161,0.161,0.161,0.162,0.183,0.172,0.15
51,0.344,0.377,0.34,0.162,0.159,0.162,0.553,0.489,0.591,0.147,0.165,0.153,0.175,0.163,0.162,0.161,0.187,0.193,0.19,0.161,0.962,0.857,0.892,0.16,0.163,0.162,0.863,0.867,0.875,0.159,0.169,0.146,0.163,0.16,0.159,0.16,0.162,0.147,0.165,0.159,0.801,0.714,0.788,0.161,0.145,0.161,0.726,0.703,0.744,0.157,0.17,0.162,0.162,0.161,0.161,0.161,0.161,0.182,0.171,0.15
51.5,0.344,0.377,0.34,0.162,0.159,0.161,0.553,0.49,0.593,0.147,0.165,0.153,0.174,0.163,0.162,0.16,0.186,0.192,0.189,0.161,0.962,0.856,0.891,0.16,0.162,0.162,0.864,0.865,0.875,0.158,0.168,0.145,0.163,0.16,0.159,0.16,0.162,0.147,0.165,0.158,0.802,0.715,0.788,0.16,0.145,0.161,0.726,0.704,0.744,0.157,0.169,0.161,0.162,0.161,0.161,0.161,0.161,0.181,0.17,0.15
52,0.345,0.377,0.34,0.162,0.158,0.162,0.554,0.492,0.592,0.147,0.165,0.152,0.174,0.163,0.162,0.161,0.186,0.192,0.188,0.161,0.963,0.855,0.891,0.16,0.162,0.162,0.864,0.866,0.874,0.158,0.168,0.146,0.162,0.16,0.159,0.16,0.162,0.147,0.165,0.158,0.801,0.715,0.788,0.16,0.144,0.16,0.726,0.703,0.744,0.157,0.169,0.161,0.161,0.161,0.16,0.161,0.16,0.181,0.17,0.15
52.5,0.344,0.378,0.34,0.162,0.158,0.161,0.554,0.492,0.593,0.146,0.165,0.152,0.173,0.163,0.162,0.161,0.185,0.191,0.188,0.161,0.962,0.855,0.891,0.16,0.162,0.162,0.863,0.865,0.874,0.158,0.168,0.146,0.162,0.16,0.159,0.159,0.161,0.147,0.164,0.158,0.801,0.715,0.788,0.16,0.144,0.16,0.725,0.702,0.743,0.157,0.168,0.16,0.16,0.16,0.16,0.16,0.16,0.18,0.169,0.15
53,0.344,0.378,0.34,0.162,0.158,0.161,0.557,0.494,0.595,0.147,0.164,0.152,0.173,0.163,0.162,0.16,0.185,0.191,0.188,0.161,0.962,0.855,0.891,0.16,0.162,0.162,0.863,0.865,0.874,0.158,0.167,0.146,0.162,0.16,0.159,0.159,0.161,0.147,0.164,0.158,0.801,0.715,0.788,0.16,0.145,0.16,0.726,0.703,0.743,0.157,0.168,0.16,0.16,0.16,0.16,0.16,0.159,0.18,0.169,0.15
53.5,0.344,0.378,0.34,0.161,0.157,0.161,0.556,0.495,0.595,0.146,0.164,0.151,0.172,0.163,0.162,0.16,0.184,0.19,0.187,0.161,0.961,0.854,0.89,0.159,0.162,0.161,0.863,0.865,0.874,0.158,0.166,0.145,0.161,0.16,0.159,0.159,0.161,0.147,0.164,0.158,0.8,0.715,0.788,0.16,0.144,0.16,0.726,0.702,0.743,0.157,0.167,0.159,0.159,0.16,0.16,0.16,0.159,0.179,0.169,0.15
54,0.344,0.378,0.34,0.161,0.157,0.161,0.557,0.496,0.595,0.146,0.164,0.151,0.172,0.163,0.162,0.16,0.183,0.19,0.187,0.161,0.961,0.854,0.89,0.159,0.161,0.161,0.863,0.865,0.874,0.158,0.166,0.145,0.161,0.159,0.159,0.159,0.161,0.147,0.163,0.158,0.8,0.714,0.787,0.16,0.144,0.16,0.725,0.702,0.743,0.157,0.167,0.159,0.159,0.16,0.16,0.16,0.158,0.179,0.168,0.15
54.5,0.344,0.378,0.34,0.161,0.156,0.161,0.558,0.497,0.596,0.146,0.164,0.151,0.171,0.162,0.162,0.16,0.183,0.189,0.186,0.161,0.961,0.854,0.89,0.159,0.162,0.161,0.862,0.865,0.873,0.158,0.165,0.146,0.161,0.159,0.159,0.159,0.16,0.147,0.163,0.158,0.8,0.715,0.787,0.16,0.145,0.16,0.725,0.702,0.743,0.157,0.166,0.158,0.159,0.16,0.16,0.16,0.158,0.178,0.168,0.15
55,0.344,0.378,0.34,0.161,0.156,0.161,0.559,0.498,0.597,0.146,0.163,0.151,0.171,0.162,0.162,0.16,0.183,0.189,0.186,0.161,0.96,0.853,0.889,0.159,0.161,0.161,0.862,0.864,0.874,0.158,0.165,0.146,0.161,0.159,0.158,0.159,0.16,0.147,0.163,0.158,0.799,0.715,0.787,0.159,0.144,0.159,0.725,0.701,0.743,0.157,0.166,0.158,0.158,0.16,0.159,0.16,0.158,0.178,0.168,0.15
55.5,0.344,0.378,0.34,0.161,0.155,0.161,0.558,0.499,0.597,0.146,0.163,0.15,0.17,0.162,0.161,0.16,0.182,0.188,0.185,0.161,0.96,0.853,0.889,0.159,0.161,0.161,0.861,0.864,0.873,0.158,0.164,0.146,0.16,0.159,0.158,0.159,0.16,0.147,0.163,0.158,0.799,0.715,0.787,0.159,0.144,0.159,0.724,0.701,0.742,0.157,0.165,0.158,0.158,0.16,0.159,0.159,0.157,0.178,0.167,0.15
56,0.344,0.378,0.34,0.161,0.155,0.161,0.56,0.5,0.598,0.146,0.163,0.15,0.17,0.162,0.161,0.16,0.181,0.188,0.185,0.16,0.96,0.852,0.888,0.158,0.161,0.16,0.861,0.864,0.873,0.158,0.163,0.145,0.16,0.158,0.158,0.158,0.16,0.147,0.162,0.158,0.799,0.715,0.787,0.159,0.144,0.159,0.724,0.702,0.742,0.156,0.164,0.157,0.157,0.159,0.159,0.159,0.157,0.177,0.167,0.15
56.5,0.344,0.378,0.34,0.161,0.154,0.161,0.56,0.501,0.599,0.146,0.162,0.15,0.169,0.162,0.161,0.16,0.181,0.187,0.184,0.16,0.959,0.852,0.888,0.158,0.16,0.16,0.861,0.863,0.872,0.157,0.163,0.145,0.16,0.158,0.158,0.158,0.159,0.147,0.162,0.158,0.799,0.715,0.786,0.159,0.144,0.158,0.724,0.701,0.741,0.156,0.164,0.157,0.157,0.159,0.159,0.159,0.157,0.177,0.167,0.15
57,0.344,0.378,0.341,0.161,0.154,0.161,0.561,0.503,0.599,0.146,0.162,0.149,0.169,0.162,0.161,0.159,0.18,0.187,0.184,0.16,0.959,0.851,0.888,0.158,0.16,0.16,0.861,0.863,0.872,0.158,0.162,0.146,0.16,0.158,0.157,0.158,0.159,0.147,0.162,0.158,0.799,0.715,0.786,0.158,0.144,0.158,0.724,0.701,0.741,0.156,0.163,0.157,0.157,0.158,0.158,0.158,0.156,0.176,0.167,0.15
57.5,0.343,0.378,0.34,0.161,0.153,0.161,0.561,0.503,0.6,0.145,0.162,0.149,0.168,0.162,0.161,0.159,0.18,0.186,0.184,0.16,0.958,0.851,0.888,0.158,0.16,0.159,0.86,0.862,0.871,0.158,0.162,0.145,0.159,0.158,0.157,0.157,0.159,0.147,0.162,0.158,0.798,0.714,0.785,0.158,0.144,0.157,0.723,0.7,0.741,0.156,0.163,0.156,0.156,0.158,0.158,0.158,0.156,0.176,0.166,0.15
58,0.344,0.378,0.341,0.161,0.153,0.161,0.562,0.505,0.601,0.145,0.161,0.149,0.168,0.162,0.161,0.159,0.18,0.186,0.183,0.16,0.958,0.851,0.887,0.158,0.16,0.159,0.86,0.862,0.872,0.158,0.162,0.145,0.16,0.158,0.157,0.157,0.159,0.147,0.162,0.158,0.798,0.714,0.785,0.158,0.144,0.157,0.723,0.7,0.741,0.156,0.162,0.156,0.156,0.158,0.158,0.158,0.156,0.176,0.166,0.15
58.5,0.343,0.379,0.341,0.161,0.153,0.161,0.563,0.506,0.602,0.145,0.161,0.149,0.168,0.161,0.16,0.159,0.179,0.186,0.183,0.16,0.958,0.85,0.887,0.157,0.16,0.159,0.86,0.863,0.871,0.157,0.161,0.146,0.16,0.157,0.157,0.157,0.159,0.147,0.162,0.157,0.798,0.715,0.785,0.157,0.144,0.157,0.723,0.701,0.741,0.156,0.162,0.156,0.156,0.158,0.158,0.157,0.156,0.176,0.166,0.15
59,0.343,0.379,0.341,0.161,0.153,0.16,0.562,0.507,0.603,0.145,0.16,0.149,0.167,0.161,0.16,0.158,0.179,0.185,0.183,0.16,0.957,0.85,0.887,0.157,0.159,0.159,0.859,0.862,0.871,0.157,0.161,0.146,0.159,0.157,0.156,0.156,0.159,0.147,0.161,0.157,0.798,0.715,0.785,0.157,0.144,0.156,0.723,0.7,0.741,0.155,0.161,0.156,0.156,0.157,0.157,0.157,0.156,0.175,0.166,0.15
59.5,0.343,0.379,0.341,0.161,0.153,0.161,0.564,0.508,0.603,0.145,0.16,0.149,0.167,0.161,0.16,0.158,0.179,0.185,0.182,0.16,0.956,0.85,0.887,0.157,0.159,0.158,0.859,0.861,0.87,0.157,0.161,0.146,0.159,0.157,0.156,0.156,0.159,0.147,0.161,0.157,0.798,0.715,0.785,0.157,0.144,0.156,0.724,0.7,0.741,0.155,0.16,0.156,0.156,0.157,0.157,0.157,0.156,0.175,0.166,0.15
60,0.343,0.379,0.341,0.161,0.152,0.161,0.565,0.509,0.605,0.145,0.159,0.149,0.167,0.161,0.16,0.158,0.178,0.185,0.182,0.16,0.957,0.85,0.886,0.156,0.159,0.158,0.858,0.862,0.87,0.157,0.16,0.146,0.159,0.156,0.156,0.156,0.158,0.147,0.161,0.157,0.797,0.715,0.784,0.156,0.144,0.156,0.723,0.7,0.74,0.155,0.16,0.155,0.156,0.157,0.157,0.156,0.155,0.175,0.166,0.15
60.5,0.343,0.379,0.341,0.16,0.152,0.16,0.565,0.51,0.605,0.144,0.159,0.148,0.166,0.161,0.159,0.158,0.178,0.184,0.182,0.16,0.955,0.85,0.886,0.156,0.158,0.158,0.857,0.861,0.871,0.157,0.16,0.146,0.159,0.156,0.156,0.156,0.158,0.147,0.161,0.157,0.797,0.715,0.784,0.156,0.144,0.155,0.723,0.7,0.74,0.155,0.16,0.155,0.155,0.156,0.156,0.156,0.155,0.175,0.165,0.15
61,0.343,0.379,0.341,0.16,0.152,0.16,0.566,0.511,0.606,0.144,0.159,0.148,0.166,0.16,0.159,0.157,0.178,0.184,0.181,0.159,0.956,0.849,0.886,0.155,0.158,0.157,0.858,0.861,0.87,0.157,0.16,0.146,0.159,0.156,0.155,0.155,0.158,0.147,0.161,0.157,0.797,0.715,0.784,0.155,0.144,0.155,0.723,0.7,0.74,0.155,0.159,0.155,0.155,0.156,0.156,0.155,0.155,0.175,0.165,0.15
61.5,0.343,0.379,0.341,0.16,0.151,0.16,0.567,0.512,0.606,0.144,0.158,0.148,0.166,0.16,0.159,0.157,0.177,0.184,0.181,0.159,0.955,0.849,0.885,0.155,0.157,0.157,0.857,0.861,0.87,0.157,0.16,0.146,0.158,0.155,0.155,0.155,0.158,0.146,0.161,0.156,0.797,0.715,0.783,0.155,0.144,0.154,0.722,0.699,0.74,0.154,0.158,0.155,0.155,0.155,0.155,0.155,0.155,0.174,0.165,0.15
62,0.343,0.379,0.341,0.16,0.151,0.16,0.567,0.513,0.606,0.144,0.158,0.148,0.166,0.16,0.159,0.157,0.177,0.184,0.181,0.159,0.955,0.848,0.885,0.155,0.157,0.156,0.857,0.86,0.87,0.157,0.16,0.146,0.159,0.155,0.154,0.154,0.158,0.147,0.161,0.156,0.796,0.715,0.784,0.155,0.144,0.154,0.722,0.699,0.739,0.154,0.158,0.155,0.155,0.155,0.155,0.154,0.155,0.174,0.165,0.15
62.5,0.343,0.38,0.341,0.16,0.151,0.16,0.568,0.514,0.607,0.144,0.157,0.148,0.166,0.159,0.158,0.156,0.177,0.183,0.181,0.159,0.955,0.848,0.885,0.154,0.156,0.156,0.857,0.861,0.869,0.156,0.159,0.146,0.158,0.155,0.154,0.154,0.158,0.147,0.161,0.156,0.797,0.715,0.784,0.155,0.144,0.154,0.722,0.7,0.74,0.154,0.158,0.155,0.155,0.155,0.155,0.154,0.155,0.174,0.165,0.15
63,0.343,0.38,0.341,0.16,0.151,0.16,0.569,0.514,0.608,0.143,0.156,0.148,0.165,0.159,0.158,0.156,0.177,0.183,0.18,0.159,0.954,0.847,0.884,0.154,0.156,0.156,0.856,0.86,0.869,0.156,0.159,0.146,0.158,0.154,0.154,0.154,0.158,0.147,0.16,0.156,0.796,0.714,0.783,0.154,0.144,0.153,0.722,0.699,0.739,0.154,0.157,0.154,0.154,0.154,0.154,0.154,0.155,0.174,0.165,0.15
63.5,0.343,0.38,0.341,0.16,0.151,0.16,0.568,0.515,0.608,0.143,0.156,0.148,0.165,0.159,0.158,0.156,0.176,0.183,0.18,0.159,0.954,0.847,0.884,0.153,0.156,0.155,0.857,0.86,0.869,0.156,0.159,0.146,0.158,0.154,0.153,0.153,0.158,0.147,0.16,0.156,0.796,0.714,0.783,0.153,0.144,0.153,0.721,0.698,0.739,0.153,0.157,0.154,0.154,0.154,0.154,0.153,0.154,0.174,0.165,0.15
64,0.343,0.379,0.341,0.16,0.15,0.16,0.569,0.516,0.609,0.143,0.155,0.147,0.165,0.159,0.157,0.155,0.176,0.182,0.18,0.159,0.954,0.846,0.883,0.153,0.155,0.154,0.857,0.859,0.869,0.156,0.159,0.146,0.158,0.153,0.153,0.153,0.158,0.147,0.16,0.155,0.796,0.714,0.783,0.153,0.144,0.152,0.721,0.698,0.738,0.153,0.157,0.154,0.154,0.153,0.153,0.153,0.154,0.174,0.165,0.15
64.5,0.343,0.38,0.341,0.16,0.15,0.16,0.57,0.517,0.61,0.142,0.155,0.147,0.165,0.158,0.157,0.155,0.176,0.182,0.18,0.159,0.954,0.847,0.883,0.152,0.155,0.154,0.856,0.859,0.868,0.155,0.159,0.146,0.158,0.153,0.152,0.152,0.158,0.147,0.16,0.155,0.795,0.714,0.782,0.153,0.144,0.152,0.721,0.698,0.738,0.153,0.156,0.154,0.154,0.153,0.153,0.152,0.154,0.174,0.164,0.15
65,0.343,0.38,0.342,0.159,0.15,0.159,0.571,0.518,0.611,0.142,0.155,0.147,0.165,0.158,0.156,0.155,0.176,0.182,0.179,0.158,0.954,0.847,0.883,0.152,0.154,0.154,0.856,0.859,0.868,0.155,0.159,0.146,0.158,0.153,0.152,0.152,0.157,0.147,0.16,0.155,0.795,0.714,0.782,0.152,0.144,0.152,0.721,0.699,0.739,0.152,0.156,0.154,0.154,0.152,0.152,0.152,0.154,0.173,0.164,0.15
65.5,0.343,0.38,0.342,0.159,0.15,0.159,0.572,0.519,0.611,0.142,0.154,0.147,0.165,0.158,0.156,0.154,0.175,0.182,0.179,0.158,0.954,0.846,0.883,0.152,0.154,0.153,0.855,0.858,0.868,0.155,0.159,0.146,0.158,0.152,0.152,0.152,0.157,0.147,0.16,0.155,0.795,0.714,0.782,0.152,0.144,0.151,0.721,0.698,0.738,0.152,0.156,0.154,0.154,0.152,0.152,0.152,0.154,0.173,0.164,0.15
66,0.343,0.38,0.342,0.159,0.15,0.159,0.572,0.52,0.611,0.141,0.153,0.147,0.164,0.157,0.156,0.154,0.175,0.181,0.179,0.158,0.953,0.845,0.883,0.151,0.153,0.153,0.855,0.858,0.868,0.155,0.158,0.146,0.158,0.152,0.151,0.151,0.157,0.147,0.16,0.154,0.794,0.714,0.781,0.151,0.144,0.151,0.72,0.698,0.738,0.152,0.156,0.154,0.154,0.152,0.152,0.151,0.154,0.173,0.164,0.15
66.5,0.343,0.38,0.342,0.159,0.15,0.159,0.572,0.52,0.612,0.141,0.153,0.147,0.164,0.157,0.155,0.153,0.175,0.181,0.179,0.158,0.953,0.845,0.882,0.151,0.153,0.152,0.855,0.858,0.868,0.154,0.158,0.146,0.158,0.151,0.151,0.151,0.157,0.147,0.16,0.154,0.794,0.714,0.781,0.151,0.144,0.151,0.72,0.698,0.738,0.151,0.156,0.154,0.154,0.151,0.151,0.151,0.154,0.173,0.164,0.149
67,0.343,0.38,0.342,0.159,0.15,0.159,0.572,0.521,0.613,0.141,0.153,0.147,0.164,0.156,0.155,0.153,0.175,0.18,0.178,0.157,0.952,0.844,0.882,0.15,0.152,0.152,0.855,0.858,0.867,0.154,0.158,0.146,0.158,0.151,0.15,0.151,0.157,0.147,0.16,0.154,0.794,0.713,0.781,0.151,0.144,0.15,0.72,0.697,0.737,0.151,0.155,0.153,0.153,0.151,0.151,0.15,0.154,0.173,0.164,0.149
67.5,0.343,0.38,0.342,0.158,0.15,0.158,0.573,0.522,0.614,0.141,0.152,0.147,0.164,0.156,0.154,0.153,0.175,0.18,0.178,0.158,0.952,0.844,0.882,0.15,0.152,0.152,0.855,0.857,0.868,0.154,0.158,0.146,0.158,0.151,0.15,0.15,0.157,0.147,0.16,0.153,0.794,0.714,0.781,0.15,0.144,0.15,0.72,0.697,0.737,0.15,0.155,0.153,0.153,0.151,0.15,0.15,0.154,0.173,0.164,0.149
68,0.343,0.38,0.342,0.158,0.149,0.159,0.574,0.523,0.615,0.141,0.152,0.147,0.164,0.156,0.154,0.152,0.174,0.18,0.178,0.158,0.953,0.844,0.882,0.15,0.152,0.151,0.855,0.858,0.868,0.153,0.158,0.146,0.158,0.151,0.15,0.15,0.157,0.147,0.16,0.153,0.794,0.714,0.781,0.15,0.144,0.15,0.72,0.697,0.737,0.15,0.155,0.153,0.153,0.15,0.15,0.15,0.154,0.173,0.164,0.149
68.5,0.343,0.38,0.342,0.158,0.149,0.158,0.574,0.524,0.616,0.14,0.151,0.147,0.164,0.155,0.153,0.152,0.174,0.18,0.177,0.157,0.952,0.844,0.882,0.149,0.151,0.151,0.855,0.857,0.867,0.153,0.158,0.146,0.157,0.15,0.149,0.15,0.157,0.147,0.159,0.153,0.794,0.714,0.781,0.15,0.144,0.149,0.72,0.698,0.737,0.15,0.155,0.153,0.153,0.15,0.15,0.15,0.153,0.172,0.163,0.149
69,0.343,0.38,0.342,0.158,0.149,0.158,0.575,0.525,0.616,0.14,0.151,0.147,0.164,0.155,0.153,0.152,0.174,0.179,0.177,0.157,0.952,0.844,0.882,0.149,0.151,0.15,0.854,0.857,0.867,0.153,0.158,0.147,0.158,0.15,0.149,0.15,0.157,0.147,0.159,0.152,0.794,0.713,0.781,0.15,0.144,0.149,0.719,0.697,0.737,0.149,0.155,0.153,0.153,0.15,0.15,0.149,0.153,0.172,0.164,0.149
69.5,0.343,0.38,0.342,0.157,0.149,0.158,0.576,0.526,0.617,0.14,0.151,0.147,0.163,0.155,0.153,0.151,0.174,0.179,0.177,0.157,0.952,0.843,0.881,0.149,0.151,0.15,0.854,0.858,0.867,0.152,0.158,0.147,0.157,0.149,0.149,0.149,0.157,0.147,0.159,0.152,0.793,0.714,0.78,0.149,0.144,0.149,0.719,0.697,0.737,0.149,0.155,0.153,0.153,0.15,0.149,0.149,0.153,0.172,0.164,0.149
70,0.344,0.381,0.342,0.157,0.149,0.158,0.577,0.527,0.618,0.14,0.15,0.148,0.163,0.154,0.152,0.151,0.173,0.179,0.177,0.156,0.951,0.843,0.881,0.149,0.151,0.15,0.854,0.857,0.867,0.152,0.158,0.147,0.157,0.149,0.149,0.149,0.157,0.147,0.159,0.152,0.794,0.713,0.781,0.149,0.144,0.149,0.72,0.697,0.737,0.149,0.154,0.153,0.153,0.149,0.149,0.149,0.153,0.172,0.163,0.149
70.5,0.343,0.381,0.343,0.156,0.149,0.157,0.576,0.527,0.618,0.139,0.15,0.148,0.163,0.154,0.152,0.15,0.173,0.178,0.176,0.156,0.951,0.843,0.881,0.148,0.15,0.15,0.854,0.857,0.867,0.151,0.157,0.147,0.157,0.149,0.149,0.149,0.156,0.147,0.159,0.151,0.793,0.713,0.78,0.149,0.144,0.149,0.719,0.697,0.736,0.149,0.154,0.153,0.153,0.149,0.149,0.149,0.153,0.172,0.163,0.149
71,0.344,0.381,0.342,0.156,0.149,0.157,0.578,0.528,0.618,0.139,0.15,0.149,0.163,0.153,0.152,0.15,0.173,0.178,0.176,0.155,0.95,0.842,0.88,0.148,0.15,0.15,0.854,0.856,0.866,0.151,0.157,0.147,0.157,0.149,0.148,0.149,0.156,0.149,0.159,0.151,0.792,0.712,0.779,0.149,0.145,0.148,0.719,0.696,0.736,0.148,0.154,0.153,0.153,0.149,0.149,0.148,0.153,0.172,0.163,0.149
71.5,0.344,0.381,0.343,0.156,0.149,0.156,0.578,0.53,0.619,0.139,0.15,0.149,0.163,0.153,0.152,0.15,0.173,0.178,0.176,0.155,0.95,0.842,0.88,0.148,0.15,0.149,0.854,0.856,0.866,0.15,0.157,0.154,0.157,0.149,0.148,0.149,0.156,0.155,0.159,0.15,0.793,0.713,0.78,0.149,0.15,0.148,0.719,0.697,0.736,0.148,0.154,0.152,0.153,0.148,0.148,0.148,0.153,0.172,0.163,0.149
72,0.344,0.381,0.343,0.156,0.149,0.156,0.579,0.53,0.619,0.14,0.15,0.15,0.163,0.153,0.152,0.15,0.173,0.178,0.176,0.155,0.951,0.842,0.88,0.148,0.15,0.149,0.854,0.856,0.866,0.15,0.158,0.154,0.157,0.149,0.148,0.149,0.157,0.154,0.159,0.151,0.793,0.713,0.779,0.149,0.15,0.149,0.719,0.696,0.735,0.148,0.154,0.153,0.153,0.149,0.149,0.149,0.153,0.172,0.163,0.149
