Hours,A1,A2,A3,A4,A5,A6,A7,A8,A9,A10,A11,A12,B1,B2,B3,B4,B5,B6,B7,B8,B9,B10,B11,B12,C1,C2,C3,C4,C5,C6,C7,C8,C9,C10,C11,C12,D1,D2,D3,D4,D5,D6,D7,D8,D9,D10,D11,D12,E1,E2,E3,E4,E5,E6,E7,E8,E9,E10,E11,E12,F1,F2,F3,F4,F5,F6,F7,F8,F9,F10,F11,F12,G1,G2,G3,G4,G5,G6,G7,G8,G9,G10,G11,G12,H1,H2,H3,H4,H5,H6,H7,H8,H9,H10,H11,H12
0,0.132,0.127,0.13,0.183,0.2,0.193,0.207,0.219,0.217,0.177,0.173,0.155,0.128,0.132,0.135,0.203,0.187,0.212,0.235,0.251,0.261,0.2,0.187,0.199,0.129,0.129,0.132,0.2,0.205,0.208,0.24,0.227,0.247,0.195,0.193,0.179,0.131,0.128,0.129,0.197,0.198,0.204,0.238,0.224,0.241,0.193,0.201,0.171,0.13,0.131,0.132,0.187,0.193,0.185,0.228,0.224,0.23,0.211,0.21,0.191,0.13,0.13,0.131,0.195,0.196,0.19,0.236,0.235,0.231,0.207,0.199,0.193,0.13,0.136,0.132,0.176,0.187,0.181,0.226,0.22,0.221,0.195,0.2,0.189,0.132,0.131,0.13,0.189,0.176,0.174,0.206,0.209,0.208,0.19,0.191,0.188
0.5,0.13,0.126,0.129,0.193,0.207,0.202,0.248,0.248,0.246,0.219,0.19,0.202,0.127,0.131,0.133,0.203,0.191,0.211,0.259,0.268,0.262,0.221,0.209,0.218,0.128,0.129,0.131,0.198,0.202,0.205,0.256,0.242,0.254,0.21,0.219,0.218,0.13,0.128,0.128,0.197,0.197,0.201,0.253,0.247,0.254,0.212,0.223,0.217,0.13,0.13,0.13,0.189,0.192,0.187,0.257,0.246,0.252,0.233,0.217,0.229,0.129,0.129,0.13,0.194,0.197,0.196,0.246,0.242,0.236,0.218,0.209,0.209,0.129,0.135,0.13,0.187,0.192,0.189,0.234,0.23,0.234,0.206,0.211,0.204,0.13,0.13,0.129,0.194,0.187,0.188,0.215,0.209,0.225,0.206,0.213,0.205
1,0.13,0.127,0.13,0.208,0.226,0.218,0.266,0.27,0.262,0.229,0.214,0.21,0.128,0.131,0.133,0.215,0.199,0.227,0.267,0.268,0.266,0.227,0.216,0.229,0.129,0.129,0.131,0.207,0.211,0.215,0.259,0.247,0.258,0.216,0.224,0.228,0.131,0.128,0.128,0.206,0.205,0.21,0.256,0.257,0.259,0.218,0.232,0.234,0.131,0.13,0.131,0.197,0.2,0.195,0.259,0.25,0.257,0.238,0.228,0.231,0.13,0.13,0.131,0.207,0.208,0.208,0.252,0.248,0.243,0.225,0.216,0.216,0.129,0.135,0.131,0.198,0.202,0.198,0.242,0.24,0.243,0.214,0.216,0.211,0.13,0.13,0.129,0.202,0.194,0.19,0.223,0.222,0.219,0.221,0.222,0.22
1.5,0.131,0.127,0.13,0.226,0.248,0.233,0.269,0.274,0.272,0.242,0.218,0.214,0.128,0.132,0.134,0.235,0.213,0.247,0.273,0.27,0.269,0.233,0.225,0.233,0.129,0.129,0.131,0.223,0.227,0.232,0.263,0.249,0.26,0.223,0.231,0.236,0.131,0.129,0.129,0.221,0.219,0.226,0.259,0.262,0.262,0.226,0.24,0.242,0.131,0.131,0.131,0.208,0.212,0.207,0.257,0.252,0.258,0.246,0.236,0.234,0.13,0.13,0.131,0.214,0.215,0.219,0.258,0.254,0.249,0.234,0.225,0.225,0.129,0.136,0.131,0.22,0.225,0.217,0.248,0.247,0.247,0.223,0.224,0.219,0.13,0.13,0.13,0.205,0.197,0.197,0.225,0.227,0.227,0.222,0.228,0.226
2,0.13,0.127,0.13,0.246,0.261,0.251,0.271,0.279,0.28,0.244,0.208,0.214,0.128,0.132,0.134,0.243,0.235,0.257,0.278,0.271,0.273,0.242,0.238,0.235,0.129,0.129,0.132,0.239,0.239,0.244,0.266,0.252,0.262,0.233,0.243,0.242,0.131,0.129,0.129,0.249,0.241,0.241,0.263,0.26,0.266,0.236,0.254,0.238,0.131,0.131,0.131,0.226,0.23,0.23,0.257,0.254,0.26,0.259,0.248,0.233,0.13,0.13,0.131,0.226,0.233,0.228,0.265,0.26,0.254,0.245,0.229,0.235,0.129,0.135,0.131,0.221,0.224,0.216,0.254,0.254,0.253,0.237,0.23,0.217,0.131,0.13,0.129,0.214,0.2,0.201,0.228,0.227,0.24,0.216,0.221,0.229
2.5,0.131,0.128,0.13,0.262,0.273,0.257,0.275,0.283,0.289,0.244,0.214,0.217,0.128,0.132,0.134,0.263,0.245,0.28,0.284,0.274,0.279,0.25,0.251,0.246,0.129,0.13,0.132,0.252,0.257,0.267,0.27,0.255,0.265,0.243,0.256,0.245,0.132,0.129,0.129,0.257,0.254,0.255,0.266,0.255,0.27,0.25,0.26,0.242,0.131,0.131,0.131,0.245,0.248,0.243,0.257,0.256,0.262,0.274,0.265,0.248,0.13,0.13,0.131,0.243,0.25,0.244,0.268,0.264,0.26,0.247,0.224,0.243,0.129,0.136,0.131,0.23,0.237,0.229,0.258,0.261,0.257,0.223,0.231,0.223,0.131,0.13,0.129,0.219,0.211,0.206,0.224,0.228,0.233,0.213,0.221,0.222
3,0.131,0.128,0.13,0.278,0.299,0.289,0.283,0.289,0.287,0.246,0.226,0.225,0.128,0.132,0.134,0.283,0.267,0.302,0.291,0.278,0.285,0.269,0.261,0.257,0.129,0.13,0.132,0.279,0.273,0.283,0.275,0.258,0.269,0.259,0.263,0.255,0.132,0.129,0.129,0.277,0.278,0.274,0.269,0.255,0.274,0.265,0.272,0.254,0.132,0.131,0.131,0.264,0.262,0.259,0.257,0.26,0.265,0.285,0.278,0.262,0.13,0.13,0.131,0.267,0.273,0.268,0.271,0.274,0.27,0.245,0.233,0.245,0.129,0.136,0.131,0.246,0.258,0.247,0.258,0.268,0.262,0.241,0.236,0.233,0.131,0.13,0.13,0.231,0.219,0.216,0.227,0.228,0.23,0.215,0.22,0.221
3.5,0.131,0.128,0.13,0.307,0.323,0.328,0.281,0.292,0.273,0.262,0.241,0.237,0.128,0.132,0.134,0.311,0.289,0.329,0.304,0.277,0.291,0.274,0.259,0.273,0.129,0.13,0.132,0.292,0.307,0.314,0.278,0.264,0.279,0.27,0.275,0.27,0.132,0.129,0.129,0.293,0.295,0.304,0.275,0.254,0.283,0.279,0.286,0.268,0.132,0.131,0.132,0.279,0.282,0.271,0.25,0.267,0.269,0.301,0.289,0.276,0.13,0.13,0.131,0.294,0.303,0.295,0.282,0.283,0.276,0.261,0.249,0.258,0.129,0.136,0.131,0.268,0.277,0.268,0.262,0.277,0.276,0.254,0.249,0.25,0.131,0.13,0.13,0.243,0.231,0.225,0.229,0.227,0.227,0.214,0.218,0.221
4,0.131,0.128,0.13,0.351,0.361,0.351,0.277,0.282,0.283,0.276,0.259,0.256,0.129,0.132,0.135,0.337,0.315,0.367,0.313,0.286,0.297,0.286,0.277,0.292,0.129,0.13,0.132,0.326,0.325,0.325,0.274,0.271,0.279,0.28,0.291,0.293,0.132,0.129,0.129,0.328,0.319,0.328,0.263,0.253,0.287,0.289,0.301,0.286,0.132,0.131,0.132,0.308,0.303,0.303,0.252,0.267,0.267,0.326,0.298,0.299,0.13,0.13,0.131,0.327,0.34,0.329,0.296,0.277,0.259,0.287,0.268,0.272,0.129,0.136,0.131,0.293,0.302,0.293,0.289,0.269,0.282,0.269,0.27,0.267,0.13,0.13,0.13,0.254,0.242,0.237,0.232,0.232,0.227,0.215,0.217,0.221
4.5,0.131,0.128,0.131,0.394,0.4,0.393,0.276,0.275,0.272,0.299,0.277,0.275,0.129,0.133,0.135,0.359,0.348,0.415,0.302,0.303,0.307,0.293,0.298,0.314,0.13,0.13,0.133,0.343,0.355,0.36,0.272,0.27,0.292,0.285,0.301,0.312,0.133,0.13,0.13,0.346,0.339,0.345,0.276,0.257,0.289,0.299,0.315,0.306,0.132,0.132,0.132,0.327,0.332,0.335,0.245,0.278,0.267,0.344,0.314,0.329,0.131,0.131,0.132,0.365,0.38,0.368,0.267,0.276,0.283,0.304,0.286,0.297,0.13,0.136,0.132,0.322,0.334,0.322,0.269,0.262,0.273,0.285,0.289,0.287,0.131,0.13,0.13,0.264,0.254,0.248,0.23,0.231,0.226,0.214,0.216,0.221
5,0.132,0.129,0.131,0.444,0.451,0.436,0.287,0.292,0.286,0.317,0.298,0.291,0.129,0.133,0.135,0.401,0.389,0.465,0.308,0.301,0.312,0.319,0.307,0.339,0.13,0.131,0.133,0.384,0.389,0.398,0.265,0.275,0.274,0.296,0.312,0.335,0.133,0.13,0.13,0.388,0.374,0.397,0.272,0.269,0.286,0.322,0.335,0.337,0.132,0.132,0.133,0.362,0.357,0.376,0.251,0.268,0.28,0.364,0.326,0.349,0.131,0.131,0.132,0.405,0.422,0.411,0.265,0.274,0.271,0.328,0.307,0.32,0.13,0.136,0.132,0.355,0.366,0.354,0.269,0.265,0.276,0.308,0.306,0.305,0.131,0.13,0.13,0.278,0.267,0.262,0.228,0.229,0.224,0.212,0.217,0.225
5.5,0.132,0.129,0.131,0.493,0.499,0.485,0.307,0.323,0.295,0.34,0.319,0.315,0.13,0.133,0.136,0.445,0.438,0.516,0.323,0.317,0.318,0.342,0.33,0.363,0.13,0.131,0.133,0.424,0.437,0.446,0.281,0.272,0.274,0.318,0.33,0.366,0.134,0.131,0.13,0.428,0.411,0.43,0.274,0.277,0.291,0.326,0.344,0.361,0.133,0.133,0.133,0.398,0.396,0.419,0.26,0.269,0.289,0.381,0.336,0.374,0.131,0.131,0.133,0.447,0.463,0.452,0.269,0.292,0.271,0.353,0.337,0.352,0.131,0.137,0.132,0.387,0.4,0.385,0.287,0.277,0.289,0.331,0.327,0.321,0.131,0.13,0.13,0.292,0.282,0.276,0.226,0.227,0.222,0.213,0.217,0.226
6,0.132,0.13,0.132,0.546,0.552,0.538,0.341,0.332,0.318,0.359,0.342,0.335,0.131,0.134,0.136,0.495,0.484,0.571,0.344,0.325,0.333,0.35,0.338,0.385,0.131,0.132,0.134,0.474,0.485,0.495,0.295,0.286,0.288,0.33,0.367,0.386,0.134,0.131,0.131,0.481,0.456,0.483,0.291,0.305,0.309,0.334,0.359,0.385,0.133,0.133,0.134,0.438,0.441,0.465,0.253,0.27,0.292,0.377,0.345,0.397,0.132,0.132,0.133,0.486,0.503,0.491,0.272,0.301,0.296,0.38,0.359,0.377,0.131,0.137,0.133,0.419,0.433,0.419,0.298,0.293,0.308,0.349,0.347,0.344,0.131,0.13,0.13,0.31,0.298,0.292,0.224,0.225,0.221,0.212,0.217,0.226
6.5,0.133,0.13,0.132,0.598,0.606,0.592,0.352,0.343,0.347,0.379,0.36,0.353,0.131,0.134,0.137,0.548,0.536,0.625,0.356,0.33,0.333,0.361,0.345,0.404,0.132,0.133,0.134,0.53,0.538,0.549,0.291,0.297,0.286,0.343,0.377,0.406,0.135,0.132,0.132,0.532,0.508,0.536,0.28,0.308,0.309,0.346,0.371,0.408,0.133,0.134,0.135,0.484,0.485,0.516,0.26,0.298,0.304,0.382,0.354,0.421,0.132,0.133,0.134,0.52,0.539,0.526,0.285,0.307,0.309,0.398,0.382,0.395,0.132,0.138,0.133,0.449,0.464,0.451,0.304,0.308,0.326,0.368,0.368,0.362,0.131,0.13,0.13,0.329,0.315,0.306,0.223,0.223,0.22,0.213,0.217,0.227
7,0.134,0.131,0.133,0.643,0.653,0.638,0.379,0.361,0.362,0.399,0.379,0.372,0.132,0.135,0.138,0.596,0.586,0.673,0.371,0.338,0.323,0.37,0.351,0.423,0.132,0.134,0.135,0.579,0.587,0.598,0.306,0.301,0.297,0.342,0.383,0.428,0.136,0.132,0.132,0.581,0.558,0.584,0.28,0.321,0.342,0.349,0.387,0.428,0.134,0.135,0.136,0.532,0.527,0.561,0.261,0.299,0.322,0.39,0.358,0.443,0.133,0.133,0.135,0.546,0.568,0.555,0.291,0.314,0.318,0.413,0.397,0.409,0.132,0.138,0.134,0.475,0.493,0.478,0.309,0.32,0.341,0.383,0.385,0.384,0.131,0.13,0.13,0.347,0.331,0.325,0.221,0.221,0.219,0.211,0.218,0.229
7.5,0.134,0.132,0.133,0.695,0.704,0.688,0.409,0.379,0.38,0.417,0.408,0.4,0.133,0.136,0.139,0.643,0.631,0.728,0.377,0.342,0.347,0.377,0.351,0.442,0.133,0.134,0.136,0.625,0.633,0.644,0.328,0.305,0.305,0.347,0.393,0.451,0.136,0.133,0.133,0.627,0.604,0.628,0.305,0.337,0.33,0.353,0.393,0.449,0.134,0.135,0.136,0.574,0.564,0.6,0.269,0.309,0.328,0.394,0.361,0.462,0.134,0.134,0.135,0.571,0.593,0.579,0.305,0.326,0.33,0.434,0.411,0.424,0.133,0.139,0.134,0.5,0.516,0.503,0.324,0.341,0.349,0.398,0.398,0.397,0.131,0.13,0.13,0.365,0.348,0.34,0.22,0.221,0.217,0.212,0.218,0.229
8,0.135,0.133,0.134,0.753,0.765,0.748,0.447,0.416,0.402,0.44,0.435,0.429,0.134,0.137,0.14,0.703,0.682,0.785,0.412,0.361,0.353,0.381,0.358,0.459,0.135,0.136,0.137,0.68,0.691,0.702,0.347,0.349,0.323,0.348,0.4,0.469,0.138,0.134,0.134,0.679,0.651,0.684,0.309,0.363,0.331,0.352,0.397,0.469,0.135,0.136,0.138,0.611,0.603,0.643,0.278,0.312,0.337,0.397,0.367,0.485,0.135,0.136,0.136,0.595,0.617,0.604,0.315,0.333,0.341,0.447,0.424,0.434,0.134,0.14,0.135,0.52,0.539,0.524,0.333,0.347,0.36,0.411,0.41,0.408,0.131,0.13,0.13,0.382,0.365,0.356,0.219,0.22,0.217,0.213,0.218,0.231
8.5,0.137,0.134,0.135,0.803,0.815,0.794,0.478,0.444,0.429,0.464,0.465,0.453,0.136,0.138,0.142,0.76,0.741,0.833,0.424,0.401,0.379,0.388,0.362,0.482,0.136,0.137,0.138,0.736,0.747,0.758,0.361,0.359,0.349,0.35,0.409,0.494,0.139,0.135,0.135,0.739,0.71,0.741,0.309,0.381,0.34,0.35,0.404,0.49,0.136,0.138,0.139,0.654,0.651,0.693,0.277,0.302,0.346,0.4,0.367,0.505,0.136,0.137,0.138,0.617,0.64,0.626,0.323,0.341,0.354,0.455,0.43,0.448,0.136,0.141,0.136,0.538,0.559,0.544,0.33,0.353,0.362,0.421,0.418,0.42,0.131,0.13,0.13,0.399,0.38,0.371,0.218,0.219,0.216,0.213,0.219,0.231
9,0.138,0.136,0.137,0.842,0.851,0.834,0.505,0.467,0.454,0.485,0.491,0.486,0.138,0.14,0.144,0.801,0.79,0.869,0.441,0.437,0.396,0.395,0.369,0.503,0.137,0.139,0.14,0.784,0.79,0.802,0.378,0.358,0.356,0.352,0.417,0.517,0.141,0.137,0.137,0.783,0.763,0.785,0.32,0.394,0.35,0.352,0.413,0.511,0.138,0.14,0.141,0.705,0.697,0.739,0.287,0.313,0.35,0.404,0.372,0.525,0.137,0.139,0.139,0.641,0.663,0.65,0.333,0.349,0.359,0.468,0.444,0.462,0.138,0.143,0.137,0.557,0.578,0.564,0.327,0.367,0.369,0.43,0.427,0.431,0.131,0.131,0.13,0.415,0.395,0.386,0.218,0.219,0.215,0.214,0.219,0.232
9.5,0.14,0.138,0.139,0.876,0.886,0.867,0.528,0.497,0.487,0.505,0.516,0.505,0.14,0.141,0.146,0.84,0.821,0.901,0.466,0.454,0.421,0.404,0.377,0.524,0.14,0.142,0.142,0.821,0.828,0.838,0.399,0.381,0.378,0.355,0.428,0.541,0.143,0.139,0.138,0.825,0.804,0.817,0.331,0.408,0.364,0.357,0.424,0.531,0.139,0.142,0.144,0.748,0.734,0.777,0.291,0.322,0.36,0.407,0.373,0.543,0.139,0.141,0.142,0.663,0.686,0.673,0.338,0.358,0.365,0.478,0.456,0.471,0.14,0.144,0.139,0.576,0.597,0.582,0.337,0.362,0.369,0.439,0.433,0.437,0.131,0.131,0.13,0.432,0.41,0.399,0.216,0.218,0.214,0.214,0.22,0.234
10,0.142,0.141,0.141,0.902,0.912,0.884,0.551,0.524,0.511,0.528,0.538,0.526,0.143,0.144,0.149,0.875,0.86,0.932,0.493,0.482,0.452,0.415,0.384,0.541,0.142,0.144,0.145,0.849,0.856,0.862,0.419,0.399,0.398,0.362,0.439,0.56,0.146,0.141,0.14,0.861,0.838,0.848,0.338,0.425,0.382,0.364,0.431,0.547,0.141,0.144,0.146,0.782,0.765,0.805,0.3,0.33,0.369,0.413,0.377,0.558,0.141,0.144,0.144,0.686,0.706,0.694,0.346,0.366,0.376,0.488,0.471,0.484,0.143,0.147,0.14,0.593,0.614,0.597,0.346,0.367,0.374,0.446,0.445,0.445,0.131,0.131,0.13,0.446,0.423,0.413,0.216,0.217,0.213,0.215,0.221,0.236
10.5,0.145,0.144,0.143,0.915,0.935,0.915,0.572,0.546,0.528,0.546,0.554,0.542,0.146,0.146,0.153,0.887,0.896,0.939,0.518,0.504,0.482,0.426,0.394,0.556,0.145,0.148,0.148,0.874,0.877,0.888,0.441,0.422,0.419,0.37,0.45,0.579,0.149,0.143,0.143,0.881,0.87,0.878,0.356,0.438,0.4,0.369,0.441,0.56,0.144,0.147,0.15,0.815,0.791,0.833,0.312,0.341,0.382,0.419,0.383,0.571,0.143,0.148,0.147,0.705,0.726,0.714,0.351,0.375,0.381,0.499,0.482,0.493,0.146,0.149,0.143,0.608,0.629,0.615,0.347,0.364,0.371,0.454,0.455,0.45,0.132,0.131,0.13,0.461,0.437,0.426,0.215,0.216,0.213,0.216,0.221,0.236
11,0.148,0.148,0.146,0.928,0.937,0.924,0.579,0.559,0.545,0.56,0.567,0.557,0.15,0.15,0.158,0.911,0.911,0.953,0.54,0.522,0.511,0.444,0.407,0.574,0.149,0.152,0.152,0.885,0.887,0.906,0.459,0.442,0.442,0.378,0.463,0.592,0.153,0.146,0.146,0.893,0.892,0.892,0.374,0.452,0.419,0.376,0.452,0.576,0.146,0.151,0.154,0.837,0.809,0.852,0.325,0.355,0.394,0.427,0.39,0.583,0.146,0.152,0.151,0.716,0.736,0.724,0.362,0.379,0.386,0.505,0.487,0.502,0.15,0.153,0.145,0.623,0.645,0.629,0.342,0.368,0.377,0.457,0.459,0.46,0.132,0.131,0.131,0.474,0.451,0.439,0.214,0.215,0.211,0.217,0.222,0.239
11.5,0.152,0.152,0.15,0.927,0.944,0.924,0.593,0.569,0.553,0.577,0.582,0.568,0.156,0.154,0.164,0.914,0.919,0.954,0.554,0.539,0.529,0.461,0.421,0.584,0.153,0.158,0.157,0.898,0.904,0.916,0.471,0.453,0.456,0.388,0.473,0.604,0.158,0.149,0.15,0.915,0.905,0.907,0.39,0.464,0.434,0.385,0.466,0.586,0.15,0.156,0.16,0.858,0.829,0.874,0.336,0.368,0.407,0.435,0.398,0.592,0.15,0.158,0.156,0.727,0.745,0.733,0.361,0.381,0.386,0.515,0.502,0.509,0.155,0.156,0.148,0.633,0.655,0.639,0.336,0.362,0.368,0.462,0.466,0.462,0.132,0.131,0.131,0.486,0.463,0.451,0.213,0.214,0.211,0.217,0.222,0.24
12,0.158,0.159,0.154,0.938,0.964,0.939,0.598,0.581,0.568,0.59,0.587,0.581,0.163,0.16,0.172,0.922,0.933,0.963,0.568,0.548,0.545,0.483,0.437,0.591,0.16,0.166,0.163,0.905,0.913,0.92,0.484,0.465,0.468,0.401,0.483,0.613,0.164,0.154,0.155,0.918,0.918,0.909,0.403,0.474,0.448,0.397,0.48,0.598,0.156,0.163,0.168,0.879,0.839,0.883,0.346,0.38,0.417,0.443,0.406,0.6,0.155,0.164,0.161,0.733,0.752,0.739,0.371,0.384,0.391,0.52,0.507,0.514,0.161,0.161,0.152,0.641,0.662,0.648,0.342,0.365,0.37,0.467,0.473,0.47,0.132,0.131,0.131,0.499,0.475,0.462,0.212,0.213,0.209,0.217,0.223,0.241
12.5,0.166,0.167,0.16,0.945,0.959,0.946,0.599,0.59,0.577,0.6,0.609,0.592,0.172,0.167,0.183,0.925,0.932,0.968,0.579,0.556,0.559,0.5,0.452,0.605,0.169,0.176,0.172,0.924,0.916,0.922,0.495,0.472,0.477,0.413,0.494,0.618,0.174,0.159,0.162,0.924,0.921,0.924,0.414,0.482,0.461,0.415,0.495,0.608,0.162,0.172,0.178,0.895,0.847,0.899,0.354,0.39,0.426,0.454,0.415,0.609,0.16,0.173,0.168,0.737,0.754,0.743,0.375,0.389,0.393,0.527,0.511,0.518,0.169,0.167,0.156,0.645,0.664,0.651,0.341,0.364,0.366,0.47,0.474,0.472,0.132,0.131,0.131,0.51,0.485,0.473,0.212,0.212,0.209,0.218,0.223,0.241
13,0.175,0.178,0.168,0.945,0.959,0.954,0.607,0.594,0.583,0.61,0.612,0.597,0.184,0.177,0.198,0.927,0.942,0.971,0.588,0.558,0.569,0.521,0.473,0.612,0.181,0.19,0.183,0.927,0.922,0.929,0.503,0.477,0.483,0.431,0.507,0.627,0.185,0.165,0.172,0.935,0.934,0.923,0.422,0.487,0.47,0.437,0.515,0.618,0.17,0.184,0.191,0.901,0.855,0.9,0.361,0.396,0.432,0.466,0.426,0.617,0.168,0.184,0.178,0.739,0.756,0.745,0.377,0.393,0.395,0.531,0.519,0.525,0.179,0.175,0.163,0.645,0.666,0.652,0.345,0.361,0.367,0.472,0.478,0.473,0.132,0.132,0.131,0.521,0.496,0.484,0.211,0.211,0.208,0.219,0.224,0.243
13.5,0.188,0.192,0.178,0.951,0.962,0.95,0.616,0.602,0.595,0.617,0.624,0.607,0.2,0.19,0.217,0.932,0.943,0.97,0.593,0.564,0.583,0.54,0.492,0.617,0.195,0.207,0.197,0.93,0.927,0.931,0.509,0.485,0.492,0.452,0.518,0.636,0.2,0.172,0.183,0.933,0.933,0.932,0.429,0.494,0.479,0.461,0.536,0.626,0.18,0.199,0.208,0.905,0.856,0.902,0.367,0.4,0.438,0.479,0.439,0.62,0.177,0.2,0.191,0.739,0.758,0.746,0.377,0.396,0.397,0.535,0.521,0.528,0.193,0.186,0.171,0.644,0.666,0.653,0.339,0.361,0.365,0.475,0.481,0.476,0.133,0.132,0.131,0.533,0.506,0.495,0.211,0.211,0.208,0.219,0.224,0.244
14,0.204,0.21,0.191,0.949,0.963,0.952,0.622,0.609,0.596,0.626,0.621,0.616,0.223,0.207,0.242,0.934,0.947,0.971,0.607,0.573,0.606,0.557,0.509,0.63,0.216,0.23,0.215,0.936,0.925,0.931,0.518,0.492,0.497,0.472,0.53,0.638,0.219,0.179,0.198,0.936,0.934,0.93,0.435,0.5,0.486,0.489,0.553,0.635,0.195,0.22,0.231,0.908,0.852,0.901,0.372,0.404,0.443,0.492,0.454,0.627,0.19,0.221,0.208,0.74,0.759,0.748,0.382,0.396,0.4,0.537,0.524,0.532,0.213,0.2,0.182,0.644,0.664,0.652,0.345,0.365,0.372,0.476,0.484,0.478,0.133,0.132,0.131,0.543,0.517,0.504,0.211,0.21,0.207,0.22,0.225,0.245
14.5,0.224,0.237,0.207,0.948,0.971,0.957,0.632,0.615,0.605,0.626,0.632,0.623,0.253,0.232,0.277,0.932,0.946,0.971,0.622,0.583,0.63,0.581,0.525,0.633,0.244,0.263,0.241,0.933,0.928,0.936,0.527,0.498,0.506,0.497,0.542,0.643,0.247,0.188,0.219,0.937,0.934,0.929,0.44,0.505,0.494,0.515,0.572,0.641,0.214,0.248,0.262,0.91,0.858,0.898,0.378,0.409,0.449,0.506,0.472,0.632,0.208,0.25,0.232,0.741,0.759,0.749,0.383,0.401,0.404,0.543,0.527,0.535,0.238,0.22,0.197,0.642,0.663,0.652,0.34,0.365,0.368,0.478,0.485,0.479,0.133,0.132,0.132,0.553,0.527,0.514,0.21,0.21,0.206,0.221,0.225,0.247
15,0.252,0.274,0.231,0.955,0.964,0.953,0.636,0.625,0.611,0.635,0.643,0.631,0.294,0.265,0.321,0.934,0.944,0.973,0.642,0.594,0.652,0.602,0.544,0.644,0.282,0.306,0.277,0.933,0.927,0.936,0.536,0.507,0.512,0.525,0.554,0.646,0.285,0.197,0.248,0.939,0.934,0.932,0.446,0.512,0.502,0.536,0.59,0.652,0.242,0.288,0.304,0.905,0.857,0.9,0.383,0.414,0.455,0.521,0.489,0.635,0.232,0.288,0.264,0.741,0.76,0.749,0.385,0.404,0.405,0.544,0.528,0.536,0.27,0.245,0.216,0.643,0.663,0.651,0.345,0.366,0.376,0.479,0.486,0.481,0.133,0.132,0.132,0.564,0.537,0.523,0.21,0.209,0.206,0.221,0.226,0.248
15.5,0.292,0.319,0.263,0.949,0.965,0.954,0.646,0.635,0.617,0.643,0.641,0.639,0.34,0.309,0.367,0.936,0.946,0.973,0.653,0.605,0.675,0.617,0.558,0.653,0.328,0.353,0.322,0.934,0.93,0.936,0.545,0.521,0.523,0.545,0.569,0.655,0.332,0.21,0.287,0.936,0.939,0.932,0.453,0.518,0.51,0.557,0.605,0.66,0.278,0.337,0.351,0.902,0.859,0.901,0.388,0.42,0.463,0.535,0.505,0.642,0.264,0.332,0.304,0.741,0.761,0.748,0.39,0.407,0.408,0.547,0.532,0.54,0.307,0.275,0.24,0.643,0.662,0.65,0.347,0.368,0.376,0.481,0.487,0.482,0.133,0.133,0.132,0.573,0.545,0.532,0.211,0.209,0.205,0.221,0.226,0.249
16,0.339,0.363,0.305,0.949,0.966,0.952,0.655,0.652,0.63,0.649,0.655,0.646,0.386,0.357,0.411,0.934,0.947,0.973,0.675,0.621,0.695,0.634,0.573,0.652,0.374,0.4,0.368,0.935,0.93,0.935,0.552,0.539,0.541,0.567,0.586,0.659,0.379,0.228,0.329,0.938,0.935,0.93,0.459,0.523,0.52,0.572,0.621,0.671,0.319,0.387,0.399,0.905,0.861,0.903,0.393,0.428,0.475,0.55,0.521,0.646,0.302,0.376,0.346,0.74,0.761,0.747,0.39,0.409,0.411,0.549,0.533,0.541,0.346,0.311,0.27,0.643,0.661,0.65,0.35,0.374,0.375,0.479,0.487,0.482,0.133,0.133,0.132,0.582,0.554,0.541,0.21,0.209,0.204,0.222,0.227,0.249
16.5,0.382,0.404,0.349,0.951,0.968,0.953,0.658,0.669,0.632,0.656,0.656,0.652,0.425,0.403,0.456,0.933,0.946,0.973,0.697,0.639,0.714,0.651,0.589,0.661,0.417,0.446,0.413,0.935,0.931,0.937,0.562,0.556,0.561,0.579,0.603,0.67,0.428,0.253,0.37,0.937,0.94,0.933,0.468,0.531,0.532,0.588,0.631,0.684,0.358,0.433,0.443,0.905,0.863,0.903,0.402,0.439,0.488,0.562,0.533,0.651,0.339,0.416,0.386,0.74,0.76,0.746,0.393,0.412,0.409,0.551,0.535,0.543,0.385,0.347,0.301,0.642,0.661,0.649,0.354,0.375,0.381,0.481,0.489,0.484,0.134,0.133,0.132,0.59,0.562,0.549,0.21,0.208,0.204,0.222,0.227,0.251
17,0.424,0.446,0.39,0.946,0.968,0.954,0.673,0.686,0.641,0.659,0.674,0.656,0.464,0.447,0.501,0.933,0.946,0.974,0.718,0.655,0.722,0.673,0.602,0.665,0.461,0.492,0.455,0.938,0.931,0.937,0.571,0.574,0.577,0.589,0.615,0.682,0.471,0.286,0.412,0.941,0.937,0.932,0.479,0.541,0.549,0.604,0.641,0.694,0.402,0.479,0.485,0.905,0.865,0.903,0.412,0.454,0.503,0.573,0.544,0.656,0.376,0.455,0.424,0.738,0.758,0.744,0.392,0.415,0.415,0.553,0.535,0.545,0.421,0.382,0.332,0.641,0.659,0.647,0.356,0.38,0.381,0.482,0.49,0.483,0.134,0.133,0.132,0.598,0.568,0.556,0.21,0.208,0.204,0.222,0.228,0.251
17.5,0.467,0.495,0.431,0.949,0.968,0.954,0.689,0.704,0.653,0.667,0.675,0.665,0.513,0.497,0.552,0.931,0.947,0.972,0.741,0.672,0.739,0.676,0.615,0.67,0.518,0.544,0.502,0.937,0.931,0.937,0.584,0.596,0.591,0.598,0.628,0.692,0.521,0.322,0.459,0.937,0.936,0.933,0.491,0.552,0.563,0.619,0.653,0.702,0.449,0.532,0.531,0.907,0.863,0.906,0.424,0.471,0.517,0.585,0.557,0.658,0.415,0.495,0.465,0.737,0.758,0.743,0.394,0.417,0.419,0.554,0.537,0.547,0.456,0.419,0.365,0.64,0.658,0.646,0.359,0.377,0.38,0.483,0.49,0.484,0.134,0.133,0.132,0.602,0.572,0.56,0.209,0.207,0.203,0.222,0.228,0.25
18,0.534,0.575,0.487,0.948,0.966,0.954,0.703,0.723,0.666,0.674,0.681,0.666,0.592,0.575,0.629,0.931,0.946,0.971,0.755,0.695,0.767,0.679,0.623,0.669,0.605,0.621,0.57,0.939,0.932,0.936,0.595,0.615,0.6,0.611,0.638,0.713,0.595,0.356,0.533,0.937,0.936,0.933,0.506,0.567,0.582,0.626,0.663,0.716,0.517,0.599,0.59,0.906,0.863,0.905,0.44,0.491,0.535,0.594,0.567,0.667,0.458,0.538,0.51,0.737,0.756,0.742,0.396,0.423,0.424,0.556,0.539,0.547,0.491,0.454,0.396,0.638,0.656,0.644,0.36,0.378,0.389,0.483,0.491,0.484,0.134,0.134,0.133,0.605,0.575,0.563,0.21,0.207,0.203,0.223,0.228,0.252
18.5,0.617,0.656,0.571,0.947,0.966,0.954,0.739,0.734,0.683,0.672,0.688,0.671,0.671,0.66,0.709,0.93,0.946,0.969,0.775,0.713,0.776,0.687,0.632,0.672,0.68,0.706,0.657,0.937,0.932,0.935,0.612,0.632,0.612,0.621,0.648,0.725,0.682,0.391,0.622,0.936,0.933,0.932,0.524,0.584,0.598,0.636,0.671,0.726,0.588,0.675,0.666,0.906,0.863,0.906,0.457,0.513,0.556,0.604,0.575,0.675,0.504,0.582,0.555,0.735,0.754,0.741,0.398,0.427,0.428,0.556,0.539,0.55,0.525,0.486,0.427,0.636,0.655,0.643,0.367,0.383,0.386,0.484,0.491,0.483,0.134,0.134,0.133,0.606,0.577,0.565,0.209,0.207,0.203,0.223,0.228,0.252
19,0.681,0.713,0.644,0.947,0.966,0.954,0.749,0.758,0.705,0.682,0.694,0.679,0.727,0.721,0.762,0.928,0.946,0.969,0.804,0.726,0.788,0.699,0.641,0.677,0.73,0.765,0.724,0.936,0.931,0.935,0.621,0.653,0.624,0.632,0.657,0.742,0.746,0.437,0.687,0.935,0.934,0.931,0.54,0.583,0.617,0.643,0.685,0.737,0.642,0.732,0.726,0.909,0.862,0.905,0.477,0.534,0.577,0.614,0.582,0.682,0.546,0.621,0.592,0.735,0.754,0.74,0.399,0.43,0.432,0.558,0.541,0.55,0.557,0.517,0.457,0.635,0.653,0.641,0.367,0.382,0.389,0.485,0.492,0.483,0.135,0.134,0.133,0.607,0.577,0.566,0.208,0.207,0.203,0.224,0.228,0.252
19.5,0.727,0.759,0.693,0.945,0.966,0.954,0.763,0.777,0.722,0.689,0.701,0.682,0.772,0.77,0.809,0.928,0.944,0.97,0.819,0.745,0.8,0.7,0.652,0.682,0.772,0.812,0.773,0.936,0.929,0.934,0.639,0.668,0.642,0.644,0.666,0.754,0.794,0.508,0.734,0.934,0.931,0.93,0.558,0.591,0.636,0.652,0.69,0.748,0.683,0.773,0.77,0.909,0.859,0.905,0.494,0.556,0.597,0.622,0.591,0.692,0.58,0.653,0.623,0.736,0.754,0.74,0.4,0.436,0.439,0.558,0.541,0.551,0.583,0.544,0.483,0.634,0.652,0.64,0.364,0.384,0.391,0.485,0.492,0.485,0.135,0.134,0.133,0.606,0.577,0.565,0.208,0.206,0.203,0.224,0.228,0.252
20,0.773,0.806,0.74,0.943,0.965,0.952,0.775,0.805,0.761,0.693,0.703,0.686,0.819,0.817,0.853,0.926,0.942,0.969,0.827,0.764,0.827,0.718,0.661,0.688,0.819,0.856,0.818,0.935,0.929,0.933,0.656,0.683,0.659,0.649,0.67,0.764,0.84,0.575,0.781,0.932,0.931,0.928,0.575,0.598,0.656,0.659,0.701,0.759,0.724,0.812,0.809,0.908,0.858,0.904,0.513,0.58,0.615,0.63,0.6,0.704,0.609,0.68,0.649,0.735,0.753,0.74,0.402,0.444,0.45,0.558,0.542,0.552,0.607,0.569,0.507,0.633,0.652,0.639,0.368,0.387,0.389,0.485,0.491,0.488,0.135,0.134,0.133,0.605,0.576,0.563,0.206,0.206,0.202,0.224,0.228,0.253
20.5,0.818,0.851,0.786,0.943,0.965,0.951,0.818,0.828,0.79,0.698,0.704,0.688,0.862,0.86,0.896,0.926,0.941,0.969,0.847,0.785,0.852,0.715,0.666,0.688,0.855,0.898,0.863,0.935,0.927,0.931,0.678,0.698,0.675,0.655,0.675,0.773,0.884,0.623,0.821,0.931,0.931,0.927,0.595,0.614,0.675,0.669,0.703,0.768,0.764,0.849,0.848,0.91,0.857,0.905,0.533,0.607,0.631,0.636,0.607,0.713,0.634,0.704,0.674,0.735,0.753,0.74,0.405,0.454,0.46,0.56,0.543,0.553,0.629,0.591,0.527,0.633,0.65,0.639,0.369,0.388,0.391,0.486,0.492,0.487,0.135,0.134,0.133,0.604,0.575,0.563,0.206,0.206,0.202,0.224,0.228,0.253
21,0.858,0.889,0.827,0.942,0.962,0.951,0.827,0.858,0.801,0.702,0.713,0.696,0.899,0.892,0.928,0.927,0.94,0.967,0.877,0.805,0.851,0.72,0.675,0.694,0.895,0.928,0.896,0.934,0.926,0.93,0.703,0.714,0.696,0.665,0.685,0.782,0.92,0.663,0.857,0.931,0.931,0.927,0.61,0.634,0.691,0.675,0.713,0.777,0.8,0.885,0.882,0.907,0.858,0.906,0.55,0.626,0.648,0.643,0.613,0.719,0.657,0.726,0.695,0.736,0.754,0.74,0.407,0.462,0.474,0.561,0.544,0.552,0.647,0.609,0.546,0.632,0.65,0.638,0.374,0.387,0.392,0.487,0.494,0.486,0.135,0.135,0.133,0.603,0.574,0.562,0.206,0.206,0.202,0.224,0.227,0.252
21.5,0.887,0.914,0.861,0.943,0.963,0.951,0.837,0.872,0.839,0.707,0.722,0.699,0.932,0.921,0.955,0.926,0.94,0.967,0.89,0.84,0.865,0.729,0.678,0.695,0.92,0.954,0.927,0.933,0.926,0.93,0.741,0.725,0.708,0.676,0.69,0.796,0.954,0.708,0.89,0.929,0.93,0.926,0.626,0.646,0.713,0.678,0.721,0.786,0.832,0.913,0.913,0.908,0.854,0.906,0.57,0.642,0.67,0.65,0.618,0.731,0.678,0.745,0.715,0.735,0.753,0.739,0.416,0.476,0.493,0.56,0.544,0.554,0.665,0.627,0.562,0.631,0.649,0.638,0.373,0.388,0.396,0.486,0.494,0.488,0.135,0.135,0.133,0.604,0.574,0.563,0.206,0.206,0.202,0.224,0.227,0.252
22,0.917,0.947,0.889,0.944,0.963,0.95,0.85,0.888,0.851,0.709,0.729,0.706,0.961,0.954,0.98,0.925,0.939,0.966,0.908,0.855,0.891,0.734,0.685,0.697,0.951,0.98,0.952,0.933,0.925,0.93,0.777,0.739,0.735,0.682,0.699,0.803,0.973,0.748,0.909,0.928,0.929,0.926,0.64,0.658,0.728,0.682,0.725,0.794,0.857,0.938,0.94,0.907,0.854,0.905,0.587,0.656,0.686,0.658,0.623,0.741,0.698,0.764,0.734,0.736,0.753,0.739,0.42,0.489,0.507,0.561,0.544,0.554,0.681,0.643,0.577,0.631,0.649,0.638,0.373,0.39,0.402,0.487,0.493,0.489,0.135,0.135,0.133,0.604,0.575,0.564,0.207,0.206,0.202,0.224,0.227,0.252
22.5,0.942,0.966,0.914,0.943,0.962,0.949,0.866,0.911,0.868,0.715,0.735,0.708,0.979,0.984,1.01,0.924,0.938,0.966,0.937,0.874,0.905,0.732,0.696,0.706,0.969,0.999,0.973,0.931,0.925,0.929,0.791,0.758,0.761,0.684,0.705,0.808,1,0.78,0.933,0.928,0.93,0.925,0.661,0.665,0.736,0.688,0.73,0.798,0.878,0.954,0.959,0.905,0.854,0.906,0.602,0.674,0.705,0.665,0.63,0.745,0.717,0.781,0.751,0.737,0.754,0.74,0.429,0.503,0.519,0.564,0.544,0.554,0.696,0.658,0.591,0.631,0.649,0.637,0.374,0.387,0.398,0.488,0.493,0.487,0.135,0.135,0.133,0.604,0.575,0.564,0.206,0.206,0.202,0.223,0.227,0.252
23,0.956,0.988,0.93,0.943,0.961,0.948,0.88,0.929,0.882,0.716,0.738,0.711,0.972,0.999,1.023,0.923,0.938,0.965,0.958,0.897,0.925,0.739,0.702,0.711,0.973,1.016,0.991,0.931,0.924,0.929,0.818,0.776,0.787,0.691,0.713,0.812,1.009,0.807,0.947,0.928,0.929,0.925,0.678,0.678,0.748,0.696,0.735,0.805,0.896,0.973,0.978,0.908,0.855,0.906,0.62,0.694,0.724,0.672,0.634,0.751,0.734,0.797,0.766,0.737,0.755,0.741,0.442,0.521,0.543,0.563,0.545,0.555,0.709,0.67,0.606,0.631,0.649,0.637,0.374,0.391,0.401,0.487,0.493,0.486,0.135,0.135,0.134,0.604,0.576,0.565,0.206,0.206,0.201,0.223,0.227,0.251
23.5,0.97,1.004,0.949,0.943,0.961,0.948,0.891,0.942,0.898,0.723,0.744,0.712,1.004,0.985,1.015,0.922,0.937,0.965,0.964,0.915,0.93,0.746,0.705,0.709,0.994,1.022,1.009,0.93,0.924,0.929,0.829,0.791,0.806,0.701,0.721,0.82,1.027,0.833,0.959,0.928,0.929,0.925,0.695,0.69,0.764,0.699,0.742,0.811,0.915,0.996,0.994,0.908,0.854,0.904,0.64,0.711,0.759,0.676,0.637,0.761,0.749,0.811,0.781,0.737,0.754,0.74,0.459,0.54,0.576,0.563,0.544,0.554,0.721,0.683,0.617,0.63,0.648,0.637,0.376,0.391,0.4,0.487,0.493,0.49,0.135,0.135,0.134,0.605,0.576,0.566,0.205,0.205,0.201,0.222,0.226,0.251
24,0.973,1,0.935,0.942,0.962,0.947,0.905,0.958,0.914,0.725,0.75,0.714,0.994,1.005,1.035,0.923,0.938,0.965,0.975,0.924,0.94,0.75,0.711,0.716,0.997,1.033,1.008,0.929,0.924,0.928,0.843,0.813,0.834,0.705,0.723,0.823,1.028,0.843,0.973,0.927,0.929,0.924,0.711,0.699,0.783,0.7,0.748,0.815,0.928,1.009,1.01,0.905,0.854,0.905,0.66,0.73,0.787,0.682,0.642,0.768,0.763,0.824,0.793,0.737,0.755,0.741,0.478,0.559,0.601,0.564,0.545,0.554,0.732,0.694,0.629,0.63,0.648,0.636,0.373,0.39,0.401,0.487,0.493,0.488,0.136,0.135,0.134,0.605,0.576,0.567,0.206,0.206,0.201,0.222,0.227,0.25
24.5,0.986,1.005,0.955,0.943,0.961,0.947,0.918,0.972,0.929,0.731,0.755,0.716,1.017,1.017,1.051,0.922,0.938,0.964,0.989,0.945,0.961,0.765,0.72,0.723,1.006,1.047,1.018,0.929,0.925,0.928,0.859,0.854,0.846,0.712,0.731,0.829,1.045,0.865,0.98,0.927,0.928,0.924,0.728,0.712,0.795,0.704,0.753,0.821,0.938,1.018,1.02,0.906,0.854,0.905,0.679,0.752,0.795,0.687,0.648,0.769,0.776,0.831,0.803,0.738,0.756,0.742,0.498,0.584,0.62,0.564,0.545,0.555,0.736,0.703,0.637,0.631,0.649,0.637,0.374,0.4,0.406,0.486,0.493,0.489,0.136,0.136,0.134,0.606,0.577,0.567,0.206,0.206,0.201,0.222,0.227,0.25
25,0.993,1.016,0.977,0.943,0.962,0.947,0.924,0.98,0.938,0.734,0.763,0.722,1.017,1.023,1.046,0.922,0.937,0.963,1,0.949,0.97,0.769,0.721,0.728,1.018,1.049,1.031,0.929,0.924,0.928,0.873,0.866,0.859,0.716,0.738,0.837,1.046,0.887,0.983,0.927,0.928,0.923,0.744,0.719,0.812,0.711,0.756,0.825,0.944,1.029,1.029,0.906,0.853,0.905,0.708,0.769,0.803,0.691,0.653,0.775,0.779,0.833,0.807,0.738,0.755,0.742,0.521,0.61,0.649,0.564,0.546,0.555,0.738,0.704,0.643,0.63,0.649,0.636,0.377,0.399,0.408,0.487,0.493,0.489,0.136,0.135,0.134,0.607,0.577,0.568,0.206,0.206,0.201,0.221,0.227,0.25
25.5,0.996,1.014,0.986,0.942,0.961,0.946,0.931,0.988,0.947,0.736,0.77,0.727,1.02,1.019,1.053,0.922,0.937,0.965,1.009,0.959,0.978,0.761,0.724,0.733,1.012,1.051,1.027,0.928,0.924,0.928,0.884,0.873,0.872,0.721,0.745,0.844,1.044,0.905,0.979,0.926,0.928,0.922,0.761,0.725,0.827,0.714,0.762,0.829,0.94,1.028,1.028,0.907,0.853,0.904,0.715,0.782,0.813,0.696,0.656,0.78,0.781,0.835,0.808,0.738,0.756,0.742,0.55,0.627,0.652,0.564,0.545,0.554,0.738,0.704,0.643,0.63,0.648,0.636,0.378,0.401,0.414,0.486,0.493,0.49,0.136,0.135,0.134,0.608,0.578,0.569,0.205,0.205,0.2,0.221,0.226,0.249
26,0.998,1.016,0.976,0.942,0.961,0.947,0.941,0.996,0.953,0.735,0.773,0.729,1.023,1.026,1.046,0.921,0.937,0.964,1.017,0.97,0.983,0.768,0.732,0.74,1.016,1.047,1.033,0.928,0.923,0.928,0.891,0.887,0.882,0.725,0.749,0.847,1.051,0.911,0.987,0.926,0.928,0.921,0.774,0.73,0.841,0.716,0.767,0.836,0.953,1.034,1.039,0.904,0.853,0.903,0.721,0.789,0.822,0.7,0.658,0.784,0.783,0.836,0.81,0.739,0.756,0.743,0.572,0.639,0.662,0.564,0.545,0.555,0.737,0.704,0.644,0.63,0.648,0.636,0.38,0.401,0.42,0.486,0.492,0.493,0.136,0.135,0.134,0.609,0.579,0.57,0.206,0.205,0.2,0.221,0.226,0.248
26.5,0.999,1.024,0.99,0.941,0.96,0.946,0.945,1.001,0.962,0.742,0.776,0.731,1.017,1.019,1.054,0.921,0.936,0.964,1.022,0.975,0.99,0.775,0.737,0.743,1.017,1.052,1.031,0.928,0.923,0.927,0.9,0.896,0.887,0.728,0.753,0.849,1.057,0.916,0.989,0.926,0.927,0.922,0.784,0.736,0.857,0.726,0.77,0.839,0.948,1.033,1.035,0.904,0.853,0.903,0.727,0.795,0.829,0.704,0.664,0.789,0.785,0.837,0.812,0.739,0.756,0.743,0.592,0.646,0.666,0.564,0.545,0.554,0.735,0.705,0.644,0.63,0.649,0.636,0.383,0.406,0.431,0.487,0.492,0.493,0.136,0.136,0.134,0.61,0.579,0.571,0.206,0.205,0.2,0.22,0.225,0.247
27,0.995,1.018,0.981,0.941,0.96,0.946,0.95,1.005,0.967,0.746,0.781,0.735,1.029,1.024,1.052,0.921,0.936,0.962,1.028,0.98,0.996,0.775,0.745,0.745,1.015,1.054,1.037,0.928,0.923,0.926,0.907,0.902,0.896,0.73,0.762,0.858,1.06,0.918,0.987,0.926,0.926,0.921,0.798,0.743,0.868,0.727,0.774,0.847,0.949,1.033,1.044,0.905,0.853,0.902,0.733,0.799,0.837,0.708,0.667,0.798,0.785,0.838,0.812,0.739,0.757,0.743,0.607,0.652,0.669,0.564,0.545,0.554,0.734,0.705,0.644,0.63,0.648,0.636,0.394,0.415,0.445,0.486,0.492,0.494,0.136,0.136,0.134,0.61,0.58,0.572,0.206,0.205,0.199,0.22,0.225,0.247
27.5,1.002,1.024,0.982,0.941,0.96,0.946,0.957,1.011,0.975,0.749,0.788,0.737,1.025,1.022,1.052,0.922,0.936,0.963,1.034,0.987,1.002,0.779,0.748,0.75,1.014,1.059,1.034,0.928,0.923,0.927,0.913,0.917,0.903,0.736,0.764,0.862,1.054,0.929,0.991,0.926,0.926,0.923,0.805,0.749,0.878,0.73,0.775,0.851,0.951,1.033,1.038,0.907,0.854,0.902,0.74,0.805,0.845,0.711,0.669,0.803,0.786,0.838,0.813,0.74,0.756,0.743,0.615,0.657,0.675,0.565,0.545,0.554,0.733,0.705,0.646,0.63,0.649,0.636,0.402,0.431,0.459,0.486,0.491,0.494,0.136,0.136,0.134,0.611,0.58,0.573,0.206,0.206,0.199,0.22,0.225,0.247
28,1.007,1.021,0.987,0.942,0.96,0.946,0.96,1.013,0.982,0.754,0.794,0.749,1.024,1.034,1.053,0.921,0.937,0.963,1.037,0.99,1.007,0.783,0.754,0.751,1.022,1.06,1.033,0.928,0.922,0.927,0.918,0.923,0.908,0.741,0.768,0.865,1.055,0.913,0.996,0.926,0.927,0.921,0.811,0.754,0.882,0.731,0.783,0.856,0.952,1.036,1.038,0.903,0.853,0.902,0.746,0.81,0.85,0.714,0.671,0.807,0.786,0.838,0.813,0.74,0.757,0.744,0.62,0.661,0.679,0.565,0.545,0.554,0.731,0.704,0.644,0.63,0.649,0.636,0.41,0.444,0.476,0.486,0.492,0.497,0.136,0.136,0.134,0.612,0.581,0.574,0.205,0.206,0.199,0.22,0.225,0.246
28.5,1.005,1.026,0.983,0.942,0.96,0.946,0.964,1.016,0.986,0.757,0.801,0.752,1.033,1.023,1.058,0.921,0.936,0.964,1.04,0.994,1.011,0.793,0.762,0.756,1.024,1.059,1.042,0.928,0.923,0.927,0.923,0.927,0.914,0.741,0.773,0.868,1.054,0.914,0.993,0.926,0.926,0.92,0.818,0.757,0.892,0.737,0.788,0.859,0.953,1.035,1.039,0.903,0.853,0.902,0.751,0.816,0.856,0.717,0.677,0.814,0.787,0.838,0.813,0.741,0.758,0.744,0.623,0.664,0.682,0.565,0.545,0.554,0.73,0.703,0.644,0.63,0.649,0.636,0.416,0.461,0.493,0.485,0.492,0.499,0.136,0.136,0.134,0.613,0.583,0.575,0.205,0.205,0.199,0.219,0.225,0.245
29,1.003,1.023,0.984,0.942,0.96,0.946,0.965,1.018,0.992,0.763,0.819,0.763,1.026,1.033,1.056,0.921,0.936,0.964,1.043,0.997,1.016,0.791,0.764,0.761,1.021,1.059,1.038,0.928,0.923,0.927,0.927,0.931,0.918,0.744,0.777,0.872,1.058,0.915,0.995,0.925,0.926,0.921,0.823,0.761,0.898,0.741,0.796,0.864,0.954,1.034,1.039,0.905,0.853,0.901,0.755,0.82,0.86,0.72,0.681,0.822,0.787,0.838,0.812,0.741,0.757,0.744,0.627,0.667,0.686,0.566,0.543,0.553,0.727,0.7,0.642,0.63,0.649,0.636,0.429,0.481,0.512,0.484,0.493,0.5,0.136,0.136,0.134,0.614,0.584,0.576,0.205,0.206,0.199,0.219,0.224,0.245
29.5,1.006,1.025,0.989,0.943,0.96,0.946,0.972,1.023,0.996,0.766,0.825,0.771,1.028,1.026,1.054,0.922,0.937,0.963,1.048,1.002,1.018,0.798,0.768,0.765,1.024,1.063,1.037,0.928,0.922,0.927,0.931,0.936,0.923,0.751,0.782,0.877,1.054,0.918,0.997,0.926,0.926,0.921,0.824,0.767,0.902,0.743,0.798,0.868,0.955,1.036,1.04,0.902,0.853,0.901,0.76,0.826,0.865,0.723,0.686,0.828,0.787,0.837,0.812,0.742,0.758,0.745,0.631,0.672,0.69,0.567,0.544,0.554,0.726,0.699,0.64,0.631,0.649,0.636,0.448,0.506,0.523,0.485,0.494,0.499,0.136,0.136,0.134,0.615,0.585,0.577,0.205,0.206,0.199,0.219,0.224,0.245
30,1.003,1.021,0.988,0.942,0.96,0.947,0.974,1.025,0.999,0.776,0.832,0.778,1.026,1.032,1.056,0.922,0.937,0.964,1.051,1.005,1.022,0.803,0.776,0.769,1.029,1.057,1.045,0.927,0.923,0.927,0.935,0.94,0.927,0.753,0.786,0.881,1.055,0.922,0.992,0.926,0.926,0.921,0.827,0.768,0.904,0.749,0.807,0.87,0.955,1.037,1.038,0.903,0.853,0.901,0.763,0.83,0.868,0.727,0.689,0.83,0.787,0.837,0.811,0.742,0.758,0.746,0.634,0.675,0.693,0.568,0.544,0.555,0.724,0.697,0.638,0.631,0.649,0.636,0.472,0.518,0.539,0.485,0.496,0.502,0.136,0.136,0.134,0.616,0.585,0.578,0.205,0.205,0.199,0.218,0.224,0.244
30.5,1.002,1.022,0.992,0.943,0.96,0.947,0.976,1.027,1.002,0.786,0.839,0.791,1.024,1.027,1.057,0.922,0.936,0.964,1.053,1.007,1.025,0.809,0.772,0.772,1.025,1.062,1.039,0.928,0.924,0.927,0.938,0.942,0.93,0.754,0.789,0.888,1.058,0.922,0.993,0.926,0.926,0.921,0.83,0.772,0.908,0.748,0.815,0.874,0.955,1.035,1.04,0.903,0.853,0.902,0.765,0.834,0.871,0.73,0.693,0.83,0.786,0.837,0.811,0.743,0.759,0.746,0.637,0.677,0.696,0.57,0.543,0.557,0.723,0.696,0.638,0.631,0.649,0.636,0.491,0.528,0.551,0.484,0.497,0.505,0.136,0.136,0.134,0.617,0.587,0.579,0.205,0.206,0.198,0.218,0.223,0.244
31,1.011,1.023,0.992,0.942,0.959,0.946,0.982,1.031,1.005,0.791,0.848,0.794,1.029,1.028,1.054,0.922,0.936,0.964,1.058,1.012,1.028,0.816,0.772,0.781,1.025,1.06,1.041,0.929,0.924,0.927,0.942,0.946,0.936,0.758,0.794,0.892,1.055,0.923,0.994,0.926,0.926,0.92,0.833,0.776,0.908,0.753,0.815,0.877,0.958,1.036,1.04,0.904,0.853,0.902,0.768,0.836,0.873,0.731,0.698,0.832,0.785,0.836,0.811,0.743,0.76,0.746,0.64,0.681,0.698,0.572,0.544,0.559,0.721,0.694,0.635,0.631,0.649,0.637,0.499,0.535,0.563,0.485,0.498,0.505,0.136,0.136,0.134,0.617,0.589,0.581,0.205,0.206,0.199,0.218,0.223,0.244
31.5,1.006,1.023,0.989,0.943,0.96,0.946,0.975,1.024,1.001,0.803,0.856,0.796,1.03,1.029,1.061,0.923,0.936,0.965,1.055,1.01,1.031,0.815,0.776,0.785,1.026,1.062,1.044,0.928,0.924,0.928,0.938,0.945,0.937,0.764,0.797,0.894,1.056,0.926,0.994,0.928,0.927,0.921,0.837,0.778,0.91,0.754,0.811,0.883,0.958,1.035,1.039,0.902,0.853,0.903,0.769,0.838,0.875,0.733,0.699,0.841,0.784,0.836,0.81,0.743,0.76,0.747,0.641,0.681,0.7,0.575,0.544,0.561,0.721,0.694,0.636,0.631,0.65,0.637,0.506,0.54,0.57,0.485,0.502,0.508,0.136,0.136,0.134,0.619,0.59,0.582,0.205,0.206,0.198,0.217,0.223,0.244
32,1.004,1.023,0.99,0.943,0.96,0.947,0.985,1.033,1.01,0.805,0.86,0.806,1.029,1.028,1.06,0.923,0.937,0.965,1.061,1.015,1.032,0.813,0.779,0.791,1.026,1.061,1.042,0.928,0.923,0.928,0.947,0.952,0.942,0.764,0.8,0.899,1.053,0.926,0.997,0.925,0.927,0.922,0.837,0.78,0.914,0.761,0.81,0.884,0.96,1.036,1.039,0.904,0.854,0.902,0.771,0.839,0.877,0.738,0.702,0.843,0.784,0.835,0.809,0.744,0.76,0.748,0.644,0.685,0.703,0.577,0.545,0.564,0.719,0.693,0.634,0.631,0.649,0.637,0.511,0.542,0.575,0.485,0.503,0.514,0.136,0.136,0.134,0.62,0.591,0.584,0.204,0.206,0.198,0.217,0.222,0.243
32.5,1.005,1.023,0.994,0.943,0.959,0.947,0.986,1.033,1.01,0.812,0.866,0.819,1.028,1.027,1.056,0.923,0.937,0.966,1.063,1.016,1.034,0.821,0.784,0.792,1.025,1.059,1.041,0.927,0.924,0.929,0.95,0.952,0.946,0.765,0.805,0.901,1.054,0.927,0.997,0.927,0.928,0.921,0.841,0.782,0.916,0.76,0.817,0.887,0.959,1.036,1.037,0.903,0.854,0.902,0.773,0.841,0.879,0.739,0.705,0.844,0.784,0.835,0.809,0.744,0.761,0.748,0.646,0.685,0.704,0.579,0.545,0.566,0.719,0.691,0.634,0.631,0.65,0.637,0.516,0.546,0.579,0.485,0.506,0.52,0.136,0.136,0.134,0.621,0.592,0.585,0.205,0.206,0.198,0.217,0.222,0.243
33,1.01,1.021,0.994,0.944,0.96,0.947,0.988,1.035,1.012,0.814,0.872,0.826,1.027,1.027,1.054,0.923,0.937,0.965,1.064,1.019,1.036,0.824,0.785,0.798,1.024,1.059,1.042,0.93,0.925,0.929,0.952,0.954,0.947,0.765,0.81,0.905,1.053,0.929,0.995,0.927,0.928,0.922,0.843,0.784,0.919,0.764,0.824,0.888,0.96,1.034,1.036,0.903,0.854,0.902,0.775,0.842,0.881,0.743,0.708,0.848,0.783,0.835,0.808,0.745,0.761,0.748,0.647,0.687,0.706,0.582,0.547,0.571,0.718,0.691,0.633,0.632,0.65,0.637,0.52,0.549,0.582,0.486,0.509,0.524,0.136,0.136,0.134,0.623,0.594,0.587,0.204,0.206,0.198,0.216,0.221,0.243
33.5,1.008,1.021,0.991,0.944,0.96,0.948,0.989,1.035,1.013,0.825,0.875,0.826,1.028,1.027,1.054,0.924,0.937,0.967,1.067,1.02,1.038,0.825,0.792,0.802,1.025,1.06,1.043,0.93,0.924,0.929,0.954,0.956,0.951,0.766,0.812,0.909,1.054,0.929,0.995,0.927,0.928,0.922,0.847,0.784,0.921,0.76,0.827,0.889,0.959,1.035,1.034,0.903,0.854,0.904,0.776,0.844,0.883,0.745,0.711,0.843,0.782,0.835,0.808,0.745,0.761,0.749,0.649,0.69,0.707,0.587,0.549,0.576,0.718,0.691,0.633,0.632,0.651,0.638,0.523,0.55,0.584,0.487,0.512,0.527,0.136,0.136,0.135,0.624,0.595,0.588,0.204,0.206,0.198,0.216,0.221,0.242
34,1.006,1.021,0.99,0.945,0.961,0.947,0.992,1.037,1.016,0.829,0.876,0.83,1.029,1.027,1.057,0.925,0.937,0.967,1.068,1.023,1.04,0.831,0.794,0.806,1.026,1.06,1.042,0.928,0.926,0.93,0.956,0.958,0.952,0.772,0.815,0.912,1.054,0.929,0.996,0.927,0.929,0.922,0.847,0.786,0.921,0.768,0.822,0.888,0.959,1.036,1.034,0.904,0.854,0.903,0.778,0.846,0.884,0.746,0.713,0.844,0.783,0.834,0.808,0.746,0.762,0.75,0.65,0.691,0.709,0.595,0.55,0.58,0.718,0.69,0.632,0.632,0.651,0.638,0.525,0.551,0.587,0.488,0.514,0.53,0.136,0.136,0.134,0.626,0.597,0.59,0.204,0.206,0.198,0.215,0.221,0.242
34.5,1.005,1.022,0.989,0.945,0.961,0.947,0.992,1.037,1.016,0.834,0.88,0.831,1.029,1.027,1.057,0.925,0.938,0.967,1.07,1.023,1.041,0.83,0.793,0.81,1.025,1.06,1.042,0.929,0.925,0.93,0.958,0.959,0.954,0.775,0.814,0.913,1.053,0.928,0.996,0.928,0.929,0.922,0.848,0.787,0.922,0.77,0.827,0.894,0.958,1.034,1.034,0.904,0.854,0.903,0.779,0.846,0.885,0.749,0.715,0.849,0.782,0.833,0.807,0.746,0.763,0.75,0.651,0.692,0.71,0.602,0.552,0.585,0.718,0.69,0.633,0.632,0.65,0.638,0.526,0.552,0.588,0.489,0.516,0.535,0.136,0.136,0.135,0.627,0.598,0.592,0.204,0.206,0.198,0.215,0.22,0.242
35,1.003,1.021,0.989,0.945,0.962,0.948,0.992,1.037,1.017,0.836,0.883,0.836,1.03,1.028,1.057,0.926,0.939,0.968,1.071,1.025,1.043,0.834,0.798,0.816,1.024,1.06,1.042,0.93,0.926,0.93,0.959,0.96,0.953,0.77,0.813,0.916,1.054,0.93,0.995,0.93,0.929,0.923,0.849,0.789,0.922,0.771,0.825,0.894,0.957,1.031,1.033,0.905,0.854,0.902,0.781,0.848,0.887,0.749,0.717,0.852,0.782,0.833,0.807,0.747,0.763,0.75,0.652,0.693,0.711,0.608,0.555,0.589,0.717,0.69,0.632,0.633,0.651,0.639,0.528,0.553,0.587,0.49,0.519,0.537,0.136,0.136,0.134,0.628,0.6,0.593,0.204,0.206,0.197,0.215,0.22,0.241
35.5,1.003,1.021,0.991,0.946,0.961,0.948,0.995,1.039,1.02,0.838,0.881,0.84,1.028,1.027,1.056,0.926,0.938,0.969,1.072,1.026,1.044,0.827,0.798,0.82,1.025,1.06,1.042,0.93,0.927,0.931,0.961,0.962,0.957,0.771,0.816,0.923,1.051,0.93,0.996,0.93,0.931,0.923,0.849,0.79,0.923,0.772,0.826,0.894,0.956,1.034,1.033,0.905,0.855,0.903,0.782,0.849,0.889,0.751,0.722,0.852,0.782,0.832,0.807,0.747,0.763,0.751,0.654,0.694,0.713,0.612,0.56,0.593,0.717,0.689,0.632,0.633,0.651,0.639,0.529,0.554,0.587,0.493,0.522,0.542,0.136,0.136,0.134,0.63,0.601,0.595,0.204,0.205,0.198,0.214,0.219,0.242
36,1.003,1.022,0.99,0.946,0.962,0.949,0.996,1.039,1.018,0.838,0.882,0.838,1.027,1.027,1.056,0.927,0.94,0.969,1.073,1.028,1.046,0.821,0.799,0.822,1.025,1.059,1.042,0.93,0.928,0.931,0.963,0.964,0.959,0.774,0.818,0.923,1.053,0.929,0.995,0.929,0.931,0.924,0.85,0.79,0.923,0.765,0.828,0.893,0.955,1.033,1.031,0.906,0.854,0.904,0.783,0.85,0.89,0.753,0.724,0.851,0.782,0.831,0.806,0.748,0.765,0.751,0.655,0.696,0.714,0.616,0.565,0.597,0.717,0.689,0.631,0.633,0.652,0.639,0.531,0.555,0.589,0.495,0.525,0.545,0.136,0.136,0.134,0.631,0.603,0.597,0.203,0.205,0.198,0.214,0.219,0.241
36.5,1.001,1.023,0.99,0.946,0.963,0.949,0.999,1.042,1.022,0.841,0.885,0.841,1.027,1.026,1.055,0.928,0.94,0.969,1.074,1.03,1.046,0.829,0.805,0.825,1.024,1.06,1.042,0.931,0.928,0.932,0.964,0.965,0.962,0.777,0.82,0.924,1.052,0.929,0.995,0.93,0.932,0.924,0.851,0.791,0.924,0.77,0.833,0.894,0.955,1.03,1.031,0.906,0.855,0.905,0.784,0.851,0.891,0.755,0.726,0.852,0.781,0.831,0.806,0.749,0.765,0.752,0.656,0.697,0.715,0.618,0.569,0.601,0.716,0.688,0.632,0.634,0.652,0.64,0.531,0.557,0.591,0.497,0.53,0.548,0.136,0.136,0.134,0.633,0.604,0.598,0.202,0.204,0.198,0.214,0.219,0.241
37,1.001,1.024,0.99,0.947,0.963,0.949,1.001,1.044,1.024,0.847,0.883,0.845,1.028,1.027,1.054,0.928,0.94,0.97,1.076,1.032,1.046,0.842,0.81,0.822,1.025,1.06,1.043,0.931,0.928,0.932,0.965,0.967,0.962,0.777,0.824,0.924,1.052,0.929,0.996,0.931,0.933,0.925,0.852,0.793,0.925,0.77,0.834,0.894,0.955,1.033,1.029,0.906,0.856,0.906,0.786,0.853,0.894,0.759,0.727,0.851,0.78,0.83,0.805,0.75,0.766,0.753,0.657,0.698,0.716,0.62,0.573,0.604,0.716,0.688,0.632,0.635,0.653,0.64,0.532,0.558,0.593,0.5,0.533,0.552,0.136,0.136,0.134,0.635,0.606,0.601,0.202,0.205,0.198,0.213,0.219,0.241
37.5,1,1.021,0.99,0.948,0.964,0.95,1.001,1.045,1.026,0.847,0.886,0.844,1.027,1.027,1.054,0.929,0.942,0.971,1.077,1.033,1.047,0.836,0.812,0.822,1.024,1.058,1.041,0.933,0.928,0.933,0.967,0.968,0.965,0.781,0.825,0.924,1.051,0.93,0.995,0.933,0.933,0.926,0.853,0.793,0.927,0.771,0.835,0.893,0.956,1.031,1.028,0.907,0.856,0.906,0.787,0.853,0.894,0.759,0.729,0.85,0.78,0.83,0.805,0.75,0.767,0.754,0.658,0.699,0.717,0.622,0.577,0.608,0.715,0.688,0.632,0.635,0.653,0.64,0.533,0.559,0.595,0.503,0.537,0.556,0.136,0.136,0.134,0.637,0.608,0.603,0.202,0.204,0.198,0.213,0.218,0.241
38,0.999,1.02,0.989,0.948,0.964,0.95,1.002,1.046,1.026,0.848,0.886,0.844,1.026,1.027,1.055,0.929,0.942,0.971,1.078,1.033,1.048,0.842,0.809,0.826,1.025,1.059,1.042,0.933,0.929,0.933,0.968,0.969,0.966,0.784,0.822,0.925,1.05,0.929,0.994,0.932,0.935,0.927,0.855,0.794,0.929,0.776,0.833,0.895,0.955,1.031,1.03,0.913,0.856,0.907,0.788,0.855,0.896,0.762,0.731,0.851,0.78,0.83,0.805,0.751,0.768,0.754,0.659,0.7,0.718,0.623,0.581,0.612,0.715,0.687,0.631,0.635,0.654,0.641,0.535,0.56,0.595,0.506,0.542,0.56,0.136,0.136,0.134,0.639,0.61,0.605,0.202,0.204,0.198,0.212,0.218,0.24
38.5,0.999,1.02,0.989,0.949,0.964,0.95,1.003,1.047,1.027,0.848,0.889,0.847,1.025,1.027,1.055,0.93,0.944,0.973,1.079,1.033,1.048,0.84,0.813,0.828,1.024,1.06,1.042,0.934,0.93,0.934,0.97,0.97,0.967,0.782,0.827,0.925,1.051,0.929,0.994,0.933,0.935,0.927,0.855,0.795,0.928,0.78,0.832,0.898,0.956,1.03,1.029,0.913,0.857,0.908,0.79,0.856,0.896,0.764,0.732,0.854,0.78,0.83,0.804,0.751,0.768,0.755,0.659,0.7,0.719,0.626,0.585,0.615,0.714,0.687,0.631,0.635,0.654,0.642,0.535,0.561,0.595,0.51,0.547,0.564,0.136,0.136,0.134,0.641,0.611,0.606,0.202,0.204,0.198,0.212,0.217,0.24
39,0.999,1.02,0.988,0.95,0.965,0.951,1.005,1.047,1.027,0.849,0.89,0.847,1.026,1.026,1.055,0.931,0.944,0.973,1.08,1.034,1.05,0.849,0.812,0.828,1.025,1.06,1.041,0.935,0.931,0.935,0.972,0.97,0.969,0.783,0.824,0.924,1.051,0.931,0.995,0.934,0.936,0.928,0.857,0.796,0.929,0.779,0.834,0.9,0.955,1.031,1.03,0.913,0.856,0.907,0.79,0.857,0.897,0.765,0.734,0.854,0.779,0.829,0.804,0.751,0.768,0.756,0.66,0.702,0.719,0.627,0.589,0.619,0.714,0.687,0.63,0.636,0.654,0.642,0.536,0.561,0.596,0.513,0.551,0.569,0.136,0.136,0.134,0.643,0.613,0.608,0.202,0.204,0.198,0.212,0.217,0.239
39.5,0.999,1.02,0.988,0.95,0.966,0.951,1.006,1.049,1.029,0.851,0.891,0.846,1.026,1.026,1.055,0.931,0.945,0.974,1.081,1.035,1.05,0.844,0.814,0.83,1.025,1.06,1.042,0.935,0.931,0.936,0.972,0.971,0.97,0.785,0.823,0.926,1.051,0.93,0.995,0.936,0.938,0.929,0.859,0.799,0.93,0.779,0.835,0.899,0.955,1.031,1.03,0.914,0.857,0.909,0.791,0.858,0.898,0.768,0.734,0.855,0.779,0.829,0.804,0.751,0.769,0.756,0.661,0.702,0.721,0.631,0.595,0.624,0.713,0.686,0.63,0.636,0.654,0.642,0.537,0.562,0.597,0.517,0.556,0.574,0.136,0.136,0.134,0.644,0.615,0.61,0.202,0.204,0.198,0.211,0.217,0.238
40,1,1.02,0.988,0.951,0.966,0.952,1.008,1.051,1.031,0.85,0.892,0.849,1.026,1.027,1.056,0.932,0.946,0.975,1.082,1.039,1.051,0.846,0.817,0.828,1.026,1.06,1.043,0.936,0.933,0.936,0.972,0.973,0.972,0.787,0.826,0.927,1.052,0.93,0.996,0.938,0.939,0.929,0.858,0.801,0.931,0.781,0.835,0.899,0.956,1.032,1.032,0.914,0.857,0.91,0.793,0.859,0.899,0.77,0.735,0.854,0.779,0.829,0.804,0.753,0.77,0.757,0.661,0.703,0.722,0.636,0.6,0.629,0.713,0.686,0.63,0.636,0.656,0.643,0.538,0.564,0.599,0.52,0.561,0.578,0.136,0.136,0.134,0.646,0.617,0.613,0.202,0.205,0.199,0.211,0.216,0.238
40.5,1.001,1.021,0.988,0.952,0.967,0.952,1.006,1.049,1.029,0.85,0.892,0.849,1.026,1.026,1.057,0.933,0.947,0.976,1.081,1.036,1.052,0.845,0.818,0.831,1.026,1.061,1.042,0.937,0.932,0.938,0.975,0.973,0.973,0.787,0.824,0.926,1.052,0.931,0.995,0.938,0.939,0.93,0.86,0.8,0.931,0.784,0.837,0.903,0.955,1.031,1.03,0.915,0.856,0.91,0.793,0.86,0.9,0.772,0.736,0.854,0.778,0.829,0.804,0.754,0.77,0.757,0.661,0.703,0.722,0.64,0.605,0.633,0.713,0.685,0.628,0.637,0.656,0.643,0.539,0.564,0.599,0.523,0.566,0.583,0.136,0.136,0.134,0.648,0.619,0.614,0.201,0.204,0.198,0.211,0.216,0.238
41,1,1.022,0.988,0.953,0.968,0.954,1.007,1.05,1.029,0.852,0.893,0.85,1.027,1.027,1.058,0.934,0.948,0.978,1.083,1.038,1.052,0.846,0.817,0.834,1.026,1.061,1.043,0.938,0.933,0.938,0.976,0.973,0.973,0.788,0.824,0.927,1.063,0.931,0.996,0.938,0.941,0.931,0.861,0.799,0.933,0.784,0.838,0.903,0.955,1.031,1.031,0.915,0.856,0.911,0.794,0.86,0.901,0.774,0.737,0.857,0.778,0.829,0.804,0.754,0.77,0.758,0.662,0.704,0.723,0.643,0.611,0.637,0.712,0.686,0.628,0.637,0.656,0.644,0.54,0.565,0.6,0.527,0.57,0.588,0.136,0.136,0.134,0.65,0.621,0.616,0.202,0.204,0.199,0.211,0.216,0.237
41.5,1,1.021,0.989,0.954,0.969,0.955,1.013,1.054,1.035,0.853,0.895,0.852,1.027,1.027,1.057,0.934,0.949,0.977,1.086,1.043,1.054,0.847,0.821,0.827,1.027,1.062,1.044,0.938,0.934,0.939,0.975,0.977,0.976,0.789,0.826,0.926,1.054,0.932,0.997,0.939,0.942,0.932,0.862,0.803,0.935,0.785,0.834,0.904,0.956,1.032,1.031,0.915,0.858,0.912,0.795,0.862,0.902,0.776,0.738,0.855,0.778,0.83,0.804,0.755,0.771,0.759,0.664,0.706,0.724,0.649,0.617,0.641,0.712,0.685,0.629,0.637,0.657,0.645,0.541,0.566,0.601,0.531,0.576,0.591,0.136,0.136,0.134,0.652,0.623,0.619,0.201,0.204,0.199,0.21,0.216,0.236
42,1.002,1.023,0.989,0.955,0.969,0.955,1.013,1.055,1.034,0.854,0.897,0.855,1.027,1.028,1.058,0.935,0.95,0.979,1.085,1.043,1.054,0.843,0.823,0.827,1.027,1.062,1.044,0.939,0.936,0.94,0.978,0.976,0.976,0.79,0.827,0.926,1.138,0.932,0.996,0.94,0.943,0.932,0.862,0.8,0.935,0.786,0.838,0.904,0.956,1.032,1.03,0.917,0.858,0.912,0.795,0.862,0.903,0.777,0.738,0.855,0.777,0.83,0.804,0.755,0.773,0.759,0.665,0.705,0.725,0.652,0.622,0.645,0.713,0.685,0.628,0.637,0.657,0.645,0.542,0.567,0.602,0.534,0.581,0.597,0.136,0.136,0.134,0.653,0.625,0.621,0.201,0.204,0.199,0.209,0.215,0.235
42.5,1.002,1.022,0.99,0.956,0.97,0.956,1.012,1.052,1.032,0.855,0.897,0.855,1.027,1.028,1.057,0.937,0.952,0.981,1.085,1.041,1.054,0.845,0.818,0.834,1.028,1.062,1.044,0.94,0.937,0.94,0.98,0.976,0.977,0.79,0.825,0.929,1.109,0.932,0.997,0.94,0.944,0.934,0.863,0.799,0.935,0.787,0.837,0.905,0.957,1.032,1.031,0.917,0.858,0.913,0.795,0.863,0.903,0.778,0.737,0.856,0.777,0.831,0.804,0.756,0.772,0.759,0.664,0.706,0.725,0.656,0.625,0.648,0.712,0.685,0.627,0.638,0.657,0.645,0.542,0.568,0.603,0.538,0.585,0.602,0.136,0.136,0.134,0.656,0.627,0.623,0.201,0.204,0.199,0.21,0.214,0.234
43,1.002,1.022,0.99,0.958,0.971,0.956,1.013,1.054,1.034,0.854,0.898,0.856,1.028,1.028,1.058,0.938,0.953,0.981,1.087,1.044,1.056,0.849,0.821,0.834,1.028,1.064,1.045,0.941,0.937,0.942,0.98,0.978,0.978,0.791,0.823,0.93,1.059,0.933,0.998,0.942,0.945,0.934,0.864,0.8,0.938,0.786,0.837,0.905,0.957,1.033,1.031,0.918,0.858,0.914,0.796,0.864,0.904,0.779,0.737,0.859,0.778,0.831,0.805,0.756,0.773,0.76,0.665,0.707,0.726,0.66,0.629,0.65,0.712,0.685,0.627,0.639,0.658,0.645,0.543,0.568,0.604,0.542,0.59,0.605,0.136,0.136,0.134,0.658,0.628,0.625,0.201,0.204,0.199,0.209,0.215,0.234
43.5,1.004,1.023,0.991,0.958,0.972,0.957,1.014,1.055,1.035,0.855,0.901,0.857,1.028,1.029,1.058,0.938,0.954,0.982,1.087,1.043,1.056,0.85,0.82,0.835,1.029,1.064,1.045,0.94,0.938,0.943,0.981,0.978,0.978,0.792,0.822,0.928,1.069,0.934,0.998,0.941,0.945,0.935,0.865,0.791,0.938,0.787,0.837,0.907,0.957,1.032,1.031,0.918,0.858,0.915,0.796,0.864,0.905,0.78,0.738,0.86,0.778,0.832,0.805,0.756,0.773,0.761,0.665,0.707,0.726,0.664,0.634,0.653,0.712,0.684,0.628,0.639,0.658,0.645,0.544,0.569,0.604,0.545,0.594,0.608,0.136,0.136,0.134,0.66,0.63,0.627,0.2,0.204,0.199,0.208,0.214,0.233
44,1.004,1.023,0.992,0.959,0.973,0.958,1.012,1.053,1.03,0.857,0.9,0.856,1.03,1.029,1.06,0.939,0.954,0.983,1.087,1.043,1.057,0.843,0.82,0.836,1.029,1.065,1.046,0.942,0.938,0.944,0.983,0.978,0.978,0.792,0.822,0.931,1.057,0.935,0.999,0.943,0.946,0.936,0.865,0.786,0.937,0.789,0.84,0.909,0.956,1.033,1.032,0.919,0.857,0.915,0.796,0.866,0.905,0.78,0.739,0.861,0.778,0.832,0.805,0.756,0.774,0.761,0.664,0.708,0.727,0.668,0.636,0.654,0.712,0.684,0.626,0.639,0.658,0.646,0.544,0.57,0.605,0.551,0.597,0.609,0.136,0.136,0.134,0.662,0.632,0.629,0.201,0.203,0.199,0.208,0.214,0.232
44.5,1.004,1.023,0.992,0.961,0.974,0.96,1.013,1.055,1.033,0.861,0.904,0.86,1.03,1.031,1.061,0.94,0.955,0.984,1.088,1.045,1.058,0.849,0.817,0.835,1.03,1.065,1.047,0.943,0.939,0.945,0.983,0.979,0.98,0.788,0.824,0.931,1.116,0.935,0.999,0.943,0.947,0.937,0.866,0.787,0.938,0.789,0.841,0.909,0.957,1.035,1.033,0.919,0.858,0.915,0.797,0.866,0.906,0.781,0.739,0.862,0.779,0.832,0.806,0.757,0.774,0.761,0.666,0.709,0.727,0.671,0.64,0.656,0.712,0.684,0.627,0.639,0.659,0.646,0.545,0.571,0.605,0.555,0.602,0.611,0.136,0.136,0.134,0.664,0.634,0.631,0.2,0.203,0.199,0.208,0.214,0.232
45,1.004,1.023,0.993,0.961,0.974,0.96,1.016,1.057,1.039,0.863,0.909,0.863,1.03,1.031,1.061,0.94,0.955,0.984,1.09,1.046,1.059,0.851,0.819,0.835,1.031,1.065,1.047,0.944,0.94,0.945,0.982,0.982,0.981,0.789,0.823,0.932,1.068,0.935,1,0.944,0.947,0.937,0.867,0.783,0.939,0.787,0.84,0.909,0.958,1.034,1.034,0.92,0.858,0.916,0.798,0.867,0.907,0.781,0.739,0.862,0.779,0.833,0.807,0.758,0.775,0.761,0.667,0.709,0.727,0.675,0.642,0.657,0.712,0.684,0.628,0.64,0.659,0.647,0.546,0.571,0.606,0.561,0.605,0.613,0.136,0.136,0.134,0.666,0.636,0.634,0.201,0.203,0.199,0.208,0.213,0.231
45.5,1.006,1.024,0.991,0.962,0.975,0.961,1.014,1.055,1.033,0.861,0.904,0.861,1.032,1.031,1.062,0.942,0.957,0.985,1.089,1.045,1.059,0.85,0.815,0.838,1.032,1.067,1.047,0.946,0.941,0.946,0.986,0.98,0.981,0.792,0.824,0.933,1.077,0.936,1.002,0.944,0.948,0.938,0.867,0.784,0.94,0.791,0.84,0.912,0.958,1.034,1.033,0.92,0.857,0.918,0.798,0.868,0.907,0.781,0.738,0.863,0.778,0.833,0.807,0.758,0.775,0.762,0.666,0.71,0.729,0.677,0.643,0.657,0.713,0.684,0.627,0.64,0.66,0.647,0.547,0.573,0.607,0.566,0.607,0.615,0.136,0.136,0.134,0.668,0.638,0.636,0.2,0.203,0.199,0.207,0.213,0.23
46,1.006,1.025,0.991,0.963,0.976,0.963,1.017,1.058,1.036,0.862,0.907,0.862,1.032,1.032,1.063,0.942,0.957,0.986,1.09,1.046,1.06,0.854,0.819,0.838,1.033,1.068,1.049,0.946,0.942,0.947,0.985,0.982,0.982,0.792,0.826,0.934,1.071,0.937,1.001,0.944,0.949,0.939,0.868,0.779,0.942,0.79,0.841,0.912,0.958,1.036,1.034,0.921,0.858,0.918,0.798,0.869,0.907,0.781,0.738,0.863,0.779,0.834,0.807,0.759,0.775,0.763,0.667,0.71,0.728,0.678,0.646,0.658,0.713,0.684,0.627,0.64,0.659,0.647,0.547,0.573,0.607,0.572,0.61,0.617,0.136,0.136,0.134,0.67,0.64,0.638,0.201,0.203,0.199,0.207,0.213,0.23
46.5,1.007,1.025,0.992,0.964,0.976,0.963,1.018,1.059,1.037,0.863,0.91,0.865,1.033,1.031,1.063,0.943,0.957,0.986,1.092,1.048,1.061,0.852,0.819,0.839,1.033,1.069,1.05,0.947,0.943,0.948,0.985,0.982,0.982,0.791,0.825,0.936,1.066,0.937,1.001,0.946,0.95,0.939,0.869,0.776,0.941,0.79,0.841,0.911,0.958,1.036,1.034,0.921,0.858,0.918,0.799,0.869,0.907,0.781,0.739,0.864,0.779,0.834,0.808,0.759,0.775,0.763,0.667,0.71,0.729,0.68,0.646,0.657,0.713,0.684,0.627,0.64,0.66,0.647,0.548,0.573,0.608,0.577,0.611,0.618,0.136,0.136,0.134,0.672,0.643,0.64,0.2,0.203,0.2,0.207,0.213,0.229
47,1.008,1.026,0.992,0.965,0.977,0.965,1.019,1.06,1.04,0.866,0.912,0.867,1.034,1.033,1.064,0.943,0.958,0.987,1.093,1.048,1.062,0.852,0.819,0.839,1.034,1.07,1.05,0.948,0.944,0.948,0.984,0.984,0.983,0.792,0.828,0.936,1.081,0.938,1.002,0.946,0.951,0.94,0.87,0.776,0.942,0.79,0.842,0.913,0.959,1.036,1.035,0.921,0.858,0.919,0.799,0.87,0.908,0.78,0.739,0.866,0.779,0.835,0.808,0.759,0.775,0.763,0.666,0.711,0.73,0.681,0.647,0.657,0.713,0.685,0.627,0.641,0.661,0.647,0.548,0.574,0.609,0.581,0.613,0.62,0.136,0.136,0.134,0.675,0.644,0.642,0.2,0.203,0.2,0.206,0.213,0.228
47.5,1.008,1.027,0.999,0.966,0.977,0.966,1.018,1.059,1.039,0.868,0.913,0.868,1.035,1.034,1.065,0.944,0.959,0.988,1.093,1.048,1.063,0.852,0.822,0.841,1.035,1.07,1.051,0.948,0.944,0.949,0.986,0.984,0.983,0.794,0.828,0.937,1.076,0.938,1.003,0.948,0.95,0.941,0.871,0.775,0.944,0.791,0.843,0.915,0.959,1.037,1.038,0.922,0.858,0.92,0.801,0.871,0.908,0.779,0.739,0.866,0.779,0.835,0.809,0.759,0.776,0.763,0.668,0.711,0.73,0.681,0.648,0.657,0.713,0.685,0.627,0.641,0.66,0.648,0.548,0.574,0.609,0.585,0.614,0.62,0.136,0.136,0.134,0.676,0.646,0.644,0.2,0.203,0.2,0.206,0.212,0.228
48,1.009,1.027,0.996,0.967,0.978,0.966,1.019,1.059,1.04,0.869,0.915,0.87,1.035,1.034,1.066,0.944,0.96,0.988,1.093,1.049,1.063,0.856,0.824,0.843,1.036,1.071,1.051,0.95,0.945,0.949,0.986,0.984,0.983,0.794,0.829,0.939,1.081,0.94,1.004,0.947,0.951,0.941,0.871,0.779,0.944,0.791,0.844,0.916,0.96,1.039,1.038,0.923,0.859,0.92,0.801,0.871,0.908,0.779,0.738,0.867,0.78,0.836,0.81,0.759,0.776,0.764,0.667,0.712,0.73,0.682,0.649,0.657,0.713,0.685,0.627,0.641,0.661,0.647,0.548,0.574,0.61,0.589,0.614,0.621,0.136,0.136,0.134,0.678,0.648,0.647,0.2,0.203,0.2,0.206,0.212,0.227
