Hours,A1,A2,A3,A4,A5,A6,A7,A8,A9,A10,A11,A12,B1,B2,B3,B4,B5,B6,B7,B8,B9,B10,B11,B12,C1,C2,C3,C4,C5,C6,C7,C8,C9,C10,C11,C12,D1,D2,D3,D4,D5,D6,D7,D8,D9,D10,D11,D12,E1,E2,E3,E4,E5,E6,E7,E8,E9,E10,E11,E12,F1,F2,F3,F4,F5,F6,F7,F8,F9,F10,F11,F12,G1,G2,G3,G4,G5,G6,G7,G8,G9,G10,G11,G12,H1,H2,H3,H4,H5,H6,H7,H8,H9,H10,H11,H12
0,0.213,0.216,0.216,0.172,0.157,0.159,0.223,0.217,0.218,0.225,0.23,0.241,0.213,0.314,0.222,0.172,0.165,0.162,0.217,0.237,0.222,0.235,0.24,0.223,0.166,0.234,0.209,0.166,0.166,0.162,0.208,0.237,0.238,0.242,0.239,0.195,0.165,0.21,0.221,0.162,0.161,0.166,0.236,0.229,0.229,0.211,0.211,0.222,0.3,0.308,0.31,0.188,0.189,0.19,0.193,0.196,0.193,0.136,0.137,0.139,0.319,0.318,0.306,0.19,0.206,0.186,0.193,0.196,0.194,0.136,0.136,0.142,0.282,0.287,0.309,0.19,0.188,0.186,0.197,0.198,0.193,0.138,0.138,0.142,0.211,0.269,0.292,0.187,0.188,0.188,0.189,0.191,0.199,0.138,0.137,0.143
0.5,0.225,0.222,0.222,0.174,0.163,0.163,0.233,0.234,0.237,0.238,0.236,0.238,0.221,0.31,0.22,0.172,0.163,0.162,0.218,0.231,0.233,0.23,0.245,0.235,0.218,0.221,0.212,0.165,0.165,0.161,0.22,0.238,0.229,0.239,0.237,0.21,0.215,0.217,0.223,0.161,0.164,0.166,0.237,0.23,0.227,0.221,0.218,0.219,0.324,0.322,0.321,0.19,0.19,0.191,0.193,0.195,0.191,0.136,0.137,0.139,0.324,0.315,0.311,0.191,0.21,0.188,0.193,0.195,0.192,0.136,0.136,0.142,0.316,0.291,0.3,0.191,0.19,0.188,0.197,0.194,0.191,0.138,0.138,0.142,0.304,0.298,0.312,0.189,0.188,0.189,0.19,0.191,0.196,0.138,0.138,0.143
1,0.234,0.235,0.23,0.176,0.164,0.164,0.233,0.238,0.244,0.261,0.26,0.261,0.231,0.329,0.228,0.172,0.164,0.163,0.222,0.232,0.238,0.251,0.27,0.252,0.23,0.223,0.218,0.165,0.165,0.163,0.226,0.238,0.229,0.246,0.248,0.23,0.223,0.223,0.23,0.161,0.164,0.166,0.238,0.232,0.228,0.235,0.231,0.232,0.332,0.352,0.342,0.193,0.193,0.194,0.196,0.197,0.193,0.137,0.138,0.14,0.351,0.335,0.328,0.193,0.21,0.191,0.195,0.197,0.193,0.137,0.137,0.143,0.334,0.314,0.306,0.194,0.192,0.191,0.198,0.197,0.193,0.139,0.139,0.143,0.311,0.32,0.332,0.191,0.192,0.192,0.191,0.194,0.198,0.139,0.139,0.144
1.5,0.247,0.242,0.232,0.177,0.165,0.165,0.236,0.243,0.247,0.254,0.249,0.296,0.244,0.338,0.24,0.173,0.164,0.165,0.226,0.235,0.242,0.276,0.242,0.235,0.247,0.226,0.227,0.166,0.166,0.165,0.232,0.241,0.235,0.253,0.24,0.234,0.227,0.233,0.242,0.161,0.165,0.166,0.241,0.234,0.23,0.248,0.238,0.262,0.326,0.349,0.367,0.196,0.196,0.197,0.199,0.2,0.195,0.138,0.139,0.14,0.335,0.342,0.339,0.196,0.216,0.195,0.199,0.199,0.196,0.138,0.138,0.143,0.331,0.361,0.346,0.196,0.195,0.195,0.202,0.201,0.196,0.14,0.14,0.145,0.33,0.351,0.363,0.194,0.194,0.195,0.194,0.197,0.202,0.14,0.14,0.144
2,0.244,0.262,0.25,0.179,0.167,0.167,0.241,0.248,0.252,0.281,0.265,0.295,0.259,0.359,0.255,0.175,0.166,0.166,0.232,0.24,0.246,0.273,0.272,0.261,0.239,0.235,0.236,0.168,0.168,0.167,0.238,0.246,0.24,0.255,0.259,0.255,0.237,0.245,0.255,0.162,0.166,0.167,0.246,0.236,0.236,0.265,0.264,0.281,0.37,0.387,0.386,0.199,0.198,0.199,0.201,0.203,0.199,0.139,0.14,0.142,0.381,0.335,0.366,0.198,0.22,0.197,0.201,0.203,0.199,0.139,0.139,0.144,0.404,0.378,0.364,0.198,0.197,0.197,0.204,0.204,0.199,0.141,0.14,0.145,0.36,0.375,0.366,0.196,0.195,0.197,0.197,0.2,0.204,0.14,0.141,0.145
2.5,0.271,0.251,0.252,0.181,0.169,0.169,0.253,0.256,0.263,0.294,0.298,0.309,0.256,0.369,0.272,0.178,0.168,0.168,0.24,0.247,0.254,0.305,0.324,0.307,0.239,0.239,0.241,0.17,0.17,0.169,0.246,0.251,0.248,0.287,0.3,0.29,0.249,0.261,0.257,0.164,0.168,0.169,0.254,0.242,0.244,0.297,0.302,0.317,0.417,0.431,0.45,0.202,0.2,0.201,0.203,0.205,0.201,0.14,0.141,0.141,0.404,0.359,0.417,0.2,0.223,0.199,0.203,0.205,0.201,0.14,0.14,0.144,0.384,0.419,0.402,0.201,0.199,0.199,0.205,0.206,0.201,0.141,0.141,0.145,0.419,0.41,0.396,0.197,0.196,0.198,0.2,0.201,0.206,0.141,0.141,0.146
3,0.266,0.257,0.266,0.183,0.171,0.172,0.266,0.271,0.276,0.332,0.341,0.333,0.28,0.379,0.288,0.18,0.171,0.17,0.252,0.258,0.267,0.339,0.364,0.353,0.257,0.248,0.252,0.172,0.173,0.171,0.259,0.265,0.261,0.335,0.358,0.338,0.264,0.271,0.254,0.166,0.17,0.171,0.265,0.255,0.257,0.361,0.364,0.377,0.465,0.48,0.466,0.204,0.203,0.204,0.204,0.207,0.206,0.14,0.141,0.142,0.455,0.46,0.441,0.203,0.226,0.201,0.206,0.207,0.205,0.141,0.141,0.145,0.454,0.462,0.461,0.203,0.202,0.201,0.207,0.208,0.205,0.141,0.142,0.146,0.48,0.473,0.464,0.2,0.199,0.201,0.203,0.205,0.208,0.142,0.142,0.146
3.5,0.275,0.266,0.277,0.186,0.174,0.175,0.283,0.295,0.301,0.366,0.39,0.378,0.269,0.381,0.278,0.183,0.173,0.172,0.272,0.275,0.281,0.392,0.42,0.413,0.263,0.259,0.279,0.175,0.175,0.174,0.274,0.284,0.279,0.378,0.42,0.401,0.285,0.276,0.267,0.168,0.173,0.173,0.278,0.273,0.278,0.426,0.425,0.442,0.54,0.547,0.502,0.207,0.205,0.207,0.205,0.209,0.209,0.141,0.142,0.143,0.551,0.534,0.516,0.205,0.228,0.203,0.207,0.208,0.206,0.141,0.141,0.145,0.535,0.519,0.531,0.205,0.204,0.203,0.208,0.209,0.205,0.142,0.142,0.146,0.57,0.556,0.537,0.201,0.199,0.202,0.203,0.204,0.208,0.142,0.143,0.146
4,0.286,0.281,0.289,0.19,0.177,0.178,0.297,0.306,0.327,0.419,0.445,0.431,0.281,0.397,0.301,0.186,0.176,0.177,0.288,0.289,0.303,0.446,0.478,0.475,0.276,0.281,0.281,0.179,0.179,0.178,0.296,0.303,0.31,0.435,0.48,0.463,0.29,0.281,0.279,0.171,0.176,0.176,0.291,0.296,0.299,0.489,0.489,0.508,0.607,0.618,0.608,0.21,0.208,0.21,0.207,0.211,0.212,0.142,0.142,0.143,0.626,0.601,0.631,0.208,0.231,0.206,0.209,0.211,0.209,0.142,0.142,0.146,0.61,0.608,0.6,0.208,0.207,0.206,0.21,0.211,0.208,0.142,0.143,0.147,0.678,0.633,0.629,0.204,0.2,0.204,0.207,0.206,0.209,0.143,0.143,0.147
4.5,0.302,0.299,0.308,0.193,0.181,0.181,0.319,0.324,0.341,0.474,0.504,0.489,0.297,0.416,0.293,0.19,0.18,0.18,0.301,0.293,0.315,0.509,0.543,0.543,0.282,0.305,0.295,0.183,0.182,0.181,0.325,0.315,0.327,0.493,0.537,0.528,0.3,0.299,0.308,0.175,0.18,0.18,0.333,0.321,0.334,0.555,0.56,0.57,0.703,0.689,0.681,0.212,0.21,0.212,0.209,0.213,0.21,0.142,0.143,0.143,0.717,0.689,0.704,0.21,0.232,0.208,0.211,0.213,0.21,0.142,0.142,0.146,0.706,0.73,0.681,0.21,0.209,0.208,0.212,0.212,0.209,0.143,0.143,0.147,0.771,0.712,0.713,0.206,0.202,0.206,0.208,0.206,0.21,0.143,0.143,0.146
5,0.324,0.323,0.334,0.197,0.185,0.186,0.329,0.34,0.362,0.535,0.57,0.547,0.312,0.446,0.313,0.194,0.184,0.183,0.327,0.33,0.339,0.57,0.613,0.616,0.301,0.323,0.318,0.188,0.187,0.186,0.339,0.335,0.343,0.549,0.604,0.598,0.314,0.318,0.33,0.178,0.185,0.183,0.354,0.357,0.353,0.624,0.631,0.64,0.775,0.76,0.786,0.216,0.212,0.215,0.212,0.216,0.212,0.142,0.143,0.144,0.816,0.783,0.788,0.213,0.234,0.211,0.213,0.216,0.212,0.142,0.142,0.146,0.794,0.82,0.754,0.213,0.211,0.21,0.219,0.214,0.211,0.143,0.144,0.148,0.86,0.796,0.811,0.208,0.203,0.208,0.21,0.207,0.212,0.144,0.144,0.147
5.5,0.34,0.346,0.362,0.2,0.189,0.19,0.339,0.379,0.39,0.609,0.65,0.616,0.334,0.463,0.338,0.198,0.188,0.187,0.355,0.365,0.369,0.643,0.686,0.697,0.304,0.336,0.348,0.192,0.192,0.19,0.372,0.363,0.374,0.612,0.675,0.668,0.331,0.343,0.341,0.183,0.191,0.187,0.38,0.412,0.392,0.683,0.689,0.702,0.885,0.827,0.859,0.218,0.215,0.218,0.215,0.218,0.213,0.143,0.143,0.144,0.889,0.892,0.885,0.215,0.237,0.213,0.215,0.217,0.214,0.143,0.142,0.146,0.901,0.882,0.83,0.215,0.213,0.213,0.223,0.216,0.213,0.144,0.144,0.148,0.934,0.887,0.89,0.211,0.206,0.211,0.212,0.208,0.213,0.143,0.144,0.147
6,0.363,0.374,0.394,0.204,0.193,0.194,0.346,0.411,0.417,0.673,0.716,0.688,0.358,0.477,0.362,0.202,0.191,0.193,0.396,0.376,0.399,0.708,0.755,0.758,0.332,0.372,0.367,0.196,0.196,0.195,0.399,0.397,0.396,0.676,0.734,0.728,0.355,0.361,0.365,0.187,0.196,0.191,0.414,0.457,0.432,0.726,0.727,0.747,0.944,0.894,0.936,0.221,0.216,0.22,0.218,0.221,0.21,0.143,0.143,0.144,0.979,0.974,0.957,0.218,0.238,0.216,0.218,0.22,0.216,0.143,0.143,0.147,0.949,0.943,0.9,0.218,0.215,0.216,0.225,0.218,0.214,0.144,0.144,0.148,0.991,0.956,0.951,0.214,0.207,0.213,0.215,0.209,0.216,0.144,0.144,0.147
6.5,0.399,0.402,0.412,0.208,0.197,0.198,0.377,0.445,0.45,0.731,0.769,0.741,0.384,0.498,0.386,0.206,0.195,0.2,0.409,0.386,0.434,0.752,0.803,0.802,0.356,0.4,0.39,0.201,0.2,0.201,0.436,0.42,0.428,0.731,0.78,0.773,0.385,0.382,0.395,0.193,0.201,0.196,0.454,0.508,0.466,0.764,0.761,0.777,0.996,0.948,0.988,0.222,0.219,0.221,0.219,0.221,0.207,0.143,0.143,0.145,1.03,1.015,1.014,0.22,0.238,0.216,0.218,0.22,0.218,0.143,0.143,0.147,0.995,1.01,0.95,0.218,0.217,0.216,0.224,0.218,0.216,0.144,0.145,0.148,1.015,0.997,0.992,0.216,0.21,0.214,0.216,0.212,0.215,0.144,0.144,0.147
7,0.431,0.434,0.441,0.211,0.201,0.202,0.384,0.472,0.493,0.773,0.811,0.783,0.412,0.522,0.409,0.209,0.199,0.207,0.401,0.386,0.452,0.79,0.842,0.846,0.388,0.43,0.408,0.206,0.205,0.206,0.466,0.45,0.451,0.77,0.816,0.807,0.417,0.409,0.426,0.199,0.207,0.202,0.495,0.549,0.506,0.794,0.793,0.812,1.029,0.987,1.024,0.223,0.218,0.222,0.221,0.222,0.201,0.143,0.144,0.145,1.051,1.037,1.047,0.221,0.239,0.217,0.223,0.222,0.219,0.143,0.143,0.147,1.015,1.019,0.993,0.219,0.217,0.216,0.211,0.22,0.217,0.144,0.145,0.148,1.033,1.014,1.004,0.217,0.211,0.215,0.218,0.211,0.219,0.144,0.144,0.148
7.5,0.46,0.465,0.46,0.214,0.204,0.206,0.403,0.511,0.53,0.816,0.85,0.821,0.437,0.542,0.438,0.213,0.203,0.215,0.411,0.395,0.482,0.828,0.882,0.888,0.439,0.448,0.429,0.211,0.208,0.212,0.502,0.482,0.473,0.802,0.852,0.844,0.462,0.438,0.473,0.206,0.214,0.208,0.52,0.594,0.542,0.823,0.821,0.839,1.062,1.025,1.05,0.224,0.216,0.223,0.215,0.228,0.197,0.143,0.144,0.145,1.066,1.06,1.062,0.222,0.24,0.218,0.22,0.226,0.221,0.143,0.143,0.147,1.042,1.028,1.002,0.219,0.218,0.217,0.209,0.223,0.219,0.144,0.145,0.148,1.046,1.018,1.02,0.218,0.212,0.216,0.221,0.212,0.221,0.145,0.144,0.147
8,0.481,0.509,0.49,0.218,0.207,0.209,0.434,0.557,0.574,0.857,0.892,0.86,0.457,0.553,0.473,0.216,0.206,0.224,0.425,0.399,0.516,0.863,0.92,0.926,0.498,0.48,0.469,0.215,0.212,0.217,0.544,0.509,0.498,0.835,0.885,0.879,0.508,0.464,0.507,0.215,0.219,0.217,0.565,0.625,0.573,0.848,0.844,0.867,1.052,1.047,1.041,0.225,0.216,0.226,0.21,0.228,0.194,0.144,0.144,0.145,1.07,1.057,1.071,0.224,0.241,0.219,0.225,0.229,0.222,0.144,0.144,0.147,1.034,1.033,1.015,0.221,0.22,0.219,0.207,0.222,0.218,0.144,0.145,0.149,1.047,1.034,1.029,0.221,0.214,0.22,0.217,0.212,0.222,0.145,0.145,0.147
8.5,0.51,0.549,0.541,0.22,0.21,0.212,0.495,0.609,0.619,0.897,0.923,0.895,0.491,0.576,0.516,0.219,0.208,0.234,0.444,0.412,0.553,0.894,0.954,0.956,0.564,0.519,0.501,0.219,0.215,0.227,0.581,0.546,0.541,0.868,0.917,0.906,0.56,0.497,0.536,0.224,0.226,0.226,0.587,0.663,0.612,0.875,0.868,0.888,1.062,1.063,1.053,0.23,0.217,0.232,0.204,0.23,0.191,0.144,0.144,0.145,1.08,1.065,1.077,0.226,0.246,0.223,0.217,0.232,0.224,0.144,0.144,0.147,1.04,1.045,1.018,0.225,0.222,0.222,0.201,0.217,0.22,0.145,0.145,0.149,1.052,1.039,1.03,0.223,0.215,0.222,0.211,0.205,0.226,0.145,0.145,0.147
9,0.559,0.585,0.588,0.223,0.213,0.214,0.547,0.662,0.669,0.928,0.953,0.923,0.523,0.601,0.56,0.221,0.211,0.243,0.482,0.433,0.574,0.921,0.981,0.982,0.634,0.557,0.538,0.224,0.218,0.237,0.612,0.581,0.565,0.898,0.946,0.932,0.615,0.529,0.596,0.234,0.231,0.235,0.612,0.681,0.639,0.894,0.885,0.913,1.063,1.06,1.05,0.231,0.219,0.233,0.198,0.228,0.19,0.144,0.145,0.145,1.07,1.075,1.064,0.227,0.248,0.228,0.212,0.234,0.227,0.144,0.144,0.148,1.051,1.042,1.026,0.226,0.223,0.223,0.194,0.212,0.218,0.145,0.145,0.149,1.064,1.048,1.045,0.225,0.217,0.223,0.206,0.199,0.223,0.145,0.145,0.147
9.5,0.582,0.636,0.62,0.226,0.215,0.218,0.593,0.695,0.712,0.952,0.976,0.948,0.568,0.626,0.6,0.224,0.214,0.254,0.53,0.461,0.606,0.94,1.002,1.001,0.668,0.591,0.577,0.229,0.221,0.248,0.638,0.61,0.595,0.924,0.964,0.954,0.648,0.56,0.625,0.245,0.237,0.244,0.642,0.693,0.643,0.911,0.906,0.932,1.066,1.066,1.072,0.234,0.222,0.234,0.193,0.226,0.188,0.145,0.145,0.146,1.076,1.069,1.077,0.23,0.249,0.228,0.208,0.231,0.229,0.144,0.145,0.148,1.05,1.054,1.029,0.229,0.226,0.226,0.188,0.208,0.214,0.145,0.146,0.149,1.071,1.048,1.04,0.227,0.219,0.226,0.202,0.193,0.216,0.145,0.145,0.147
10,0.628,0.654,0.66,0.229,0.218,0.221,0.638,0.733,0.734,0.97,0.995,0.968,0.602,0.653,0.625,0.227,0.216,0.265,0.567,0.495,0.638,0.96,1.018,1.019,0.693,0.639,0.622,0.235,0.223,0.259,0.656,0.638,0.617,0.945,0.982,0.972,0.687,0.589,0.652,0.256,0.243,0.255,0.647,0.71,0.66,0.929,0.918,0.943,1.065,1.067,1.063,0.238,0.224,0.235,0.187,0.219,0.187,0.145,0.145,0.145,1.087,1.08,1.079,0.233,0.253,0.231,0.204,0.224,0.227,0.145,0.145,0.148,1.045,1.057,1.023,0.231,0.229,0.229,0.183,0.205,0.209,0.145,0.146,0.149,1.059,1.038,1.05,0.229,0.222,0.229,0.199,0.188,0.21,0.146,0.145,0.147
10.5,0.65,0.698,0.688,0.232,0.221,0.224,0.674,0.748,0.759,0.988,1.011,0.985,0.636,0.685,0.668,0.229,0.219,0.277,0.596,0.532,0.651,0.978,1.033,1.034,0.726,0.656,0.654,0.243,0.226,0.271,0.675,0.638,0.632,0.961,1,0.987,0.711,0.608,0.672,0.268,0.249,0.266,0.683,0.707,0.669,0.941,0.931,0.958,1.072,1.068,1.054,0.243,0.225,0.236,0.183,0.212,0.186,0.145,0.145,0.145,1.075,1.074,1.07,0.233,0.254,0.234,0.201,0.217,0.222,0.145,0.145,0.148,1.057,1.061,1.027,0.228,0.23,0.23,0.178,0.202,0.203,0.145,0.146,0.149,1.069,1.043,1.034,0.229,0.225,0.231,0.196,0.186,0.206,0.146,0.145,0.147
11,0.667,0.725,0.711,0.234,0.224,0.228,0.699,0.748,0.757,1.003,1.024,0.998,0.667,0.709,0.699,0.232,0.222,0.29,0.623,0.566,0.666,0.987,1.047,1.046,0.762,0.693,0.675,0.253,0.228,0.283,0.687,0.658,0.657,0.979,1.013,1,0.733,0.636,0.717,0.282,0.257,0.279,0.67,0.719,0.681,0.949,0.933,0.965,1.076,1.07,1.064,0.247,0.226,0.237,0.179,0.207,0.187,0.145,0.145,0.145,1.075,1.067,1.083,0.236,0.254,0.235,0.198,0.212,0.218,0.145,0.145,0.148,1.05,1.057,1.02,0.226,0.229,0.233,0.175,0.2,0.201,0.145,0.146,0.149,1.073,1.051,1.044,0.232,0.228,0.236,0.195,0.184,0.203,0.146,0.146,0.147
11.5,0.711,0.752,0.737,0.238,0.227,0.231,0.722,0.768,0.758,1.013,1.036,1.009,0.701,0.732,0.725,0.234,0.224,0.302,0.646,0.583,0.675,1.001,1.058,1.057,0.806,0.71,0.703,0.263,0.23,0.296,0.707,0.664,0.657,0.991,1.027,1.014,0.759,0.663,0.735,0.295,0.268,0.292,0.68,0.734,0.684,0.953,0.942,0.972,1.068,1.069,1.061,0.245,0.227,0.236,0.176,0.204,0.188,0.145,0.145,0.145,1.085,1.079,1.082,0.238,0.251,0.234,0.197,0.207,0.212,0.145,0.145,0.148,1.065,1.053,1.028,0.223,0.226,0.233,0.173,0.198,0.197,0.145,0.146,0.149,1.073,1.05,1.046,0.234,0.231,0.24,0.193,0.183,0.201,0.146,0.146,0.147
12,0.738,0.779,0.753,0.24,0.231,0.234,0.74,0.774,0.757,1.025,1.046,1.019,0.705,0.749,0.75,0.237,0.229,0.314,0.661,0.606,0.695,1.006,1.066,1.061,0.83,0.746,0.725,0.273,0.233,0.309,0.702,0.684,0.661,1.002,1.035,1.02,0.781,0.678,0.754,0.308,0.279,0.305,0.713,0.731,0.694,0.956,0.942,0.971,1.081,1.067,1.081,0.241,0.227,0.233,0.175,0.201,0.188,0.145,0.145,0.145,1.083,1.073,1.088,0.241,0.248,0.234,0.195,0.203,0.208,0.145,0.145,0.148,1.07,1.065,1.032,0.222,0.223,0.236,0.172,0.197,0.194,0.145,0.146,0.149,1.084,1.049,1.053,0.239,0.233,0.243,0.192,0.183,0.199,0.146,0.146,0.147
12.5,0.753,0.798,0.776,0.243,0.234,0.24,0.755,0.78,0.765,1.03,1.051,1.025,0.729,0.774,0.766,0.241,0.235,0.326,0.676,0.62,0.702,1.01,1.071,1.061,0.855,0.769,0.731,0.283,0.237,0.321,0.712,0.677,0.667,1.011,1.041,1.022,0.798,0.706,0.756,0.32,0.29,0.319,0.689,0.739,0.702,0.956,0.942,0.971,1.076,1.069,1.066,0.238,0.229,0.231,0.174,0.199,0.189,0.145,0.146,0.145,1.091,1.085,1.093,0.243,0.248,0.234,0.194,0.2,0.204,0.145,0.145,0.148,1.061,1.063,1.032,0.222,0.223,0.24,0.172,0.195,0.192,0.144,0.146,0.149,1.082,1.061,1.06,0.242,0.235,0.246,0.192,0.183,0.198,0.146,0.146,0.147
13,0.779,0.806,0.795,0.247,0.238,0.248,0.772,0.782,0.775,1.035,1.054,1.03,0.758,0.793,0.78,0.246,0.242,0.338,0.692,0.638,0.705,1.011,1.074,1.07,0.875,0.782,0.756,0.294,0.244,0.332,0.719,0.686,0.675,1.014,1.041,1.022,0.818,0.713,0.772,0.332,0.302,0.33,0.708,0.735,0.712,0.958,0.939,0.974,1.094,1.072,1.088,0.236,0.232,0.229,0.173,0.197,0.19,0.145,0.145,0.145,1.106,1.089,1.097,0.241,0.247,0.234,0.192,0.198,0.199,0.145,0.145,0.148,1.073,1.076,1.043,0.221,0.222,0.243,0.171,0.194,0.19,0.144,0.146,0.149,1.096,1.055,1.056,0.244,0.235,0.248,0.191,0.182,0.196,0.146,0.146,0.146
13.5,0.809,0.821,0.811,0.253,0.244,0.255,0.783,0.8,0.802,1.036,1.06,1.032,0.766,0.811,0.8,0.252,0.25,0.348,0.7,0.652,0.703,1.014,1.078,1.068,0.895,0.793,0.771,0.306,0.25,0.343,0.735,0.693,0.679,1.019,1.042,1.026,0.834,0.739,0.794,0.344,0.313,0.342,0.696,0.745,0.707,0.96,0.937,0.976,1.104,1.078,1.094,0.233,0.235,0.228,0.172,0.194,0.191,0.145,0.145,0.145,1.103,1.103,1.115,0.24,0.245,0.234,0.19,0.196,0.196,0.145,0.145,0.148,1.092,1.088,1.051,0.219,0.22,0.245,0.171,0.192,0.188,0.144,0.146,0.149,1.106,1.076,1.081,0.246,0.236,0.25,0.19,0.181,0.195,0.146,0.146,0.146
14,0.822,0.846,0.825,0.26,0.251,0.263,0.799,0.806,0.793,1.041,1.061,1.03,0.783,0.83,0.811,0.259,0.259,0.358,0.711,0.667,0.713,1.017,1.078,1.071,0.915,0.817,0.784,0.315,0.257,0.356,0.741,0.692,0.686,1.018,1.043,1.024,0.87,0.736,0.804,0.353,0.328,0.351,0.705,0.751,0.714,0.962,0.935,0.976,1.101,1.083,1.097,0.231,0.239,0.226,0.171,0.193,0.193,0.145,0.146,0.145,1.109,1.105,1.114,0.238,0.243,0.232,0.19,0.196,0.193,0.145,0.145,0.148,1.088,1.087,1.05,0.219,0.219,0.246,0.171,0.191,0.187,0.144,0.146,0.149,1.106,1.076,1.072,0.246,0.238,0.252,0.191,0.18,0.193,0.146,0.146,0.146
14.5,0.831,0.879,0.845,0.267,0.258,0.271,0.808,0.834,0.808,1.043,1.062,1.036,0.785,0.831,0.831,0.267,0.268,0.367,0.718,0.679,0.718,1.018,1.08,1.072,0.938,0.841,0.799,0.325,0.265,0.364,0.737,0.699,0.702,1.018,1.047,1.029,0.88,0.748,0.817,0.362,0.337,0.361,0.703,0.761,0.725,0.963,0.936,0.975,1.109,1.087,1.108,0.229,0.24,0.224,0.171,0.192,0.195,0.145,0.146,0.144,1.116,1.11,1.121,0.236,0.243,0.229,0.189,0.193,0.191,0.145,0.145,0.148,1.089,1.09,1.065,0.217,0.217,0.246,0.171,0.189,0.185,0.144,0.146,0.149,1.119,1.073,1.081,0.243,0.239,0.253,0.19,0.18,0.192,0.146,0.146,0.146
15,0.845,0.881,0.859,0.275,0.266,0.281,0.816,0.832,0.824,1.048,1.065,1.04,0.811,0.845,0.837,0.275,0.277,0.375,0.732,0.691,0.725,1.02,1.082,1.071,0.954,0.833,0.81,0.336,0.273,0.375,0.74,0.709,0.697,1.022,1.049,1.028,0.88,0.758,0.833,0.369,0.349,0.37,0.727,0.766,0.735,0.962,0.936,0.975,1.113,1.096,1.107,0.227,0.241,0.222,0.17,0.191,0.197,0.145,0.146,0.144,1.122,1.114,1.134,0.237,0.241,0.227,0.189,0.194,0.189,0.145,0.145,0.148,1.095,1.103,1.068,0.217,0.217,0.245,0.171,0.189,0.185,0.143,0.146,0.149,1.125,1.082,1.087,0.241,0.241,0.255,0.19,0.18,0.192,0.146,0.146,0.146
15.5,0.859,0.896,0.875,0.283,0.274,0.29,0.827,0.839,0.834,1.05,1.066,1.036,0.825,0.863,0.856,0.284,0.286,0.382,0.736,0.702,0.732,1.015,1.083,1.071,0.978,0.858,0.813,0.345,0.281,0.383,0.753,0.72,0.701,1.024,1.048,1.028,0.883,0.769,0.863,0.371,0.358,0.377,0.734,0.779,0.744,0.962,0.935,0.975,1.128,1.097,1.125,0.224,0.242,0.219,0.17,0.19,0.2,0.145,0.146,0.144,1.135,1.129,1.141,0.235,0.239,0.226,0.188,0.194,0.188,0.145,0.146,0.148,1.106,1.107,1.077,0.215,0.215,0.242,0.171,0.188,0.184,0.143,0.146,0.15,1.131,1.087,1.097,0.239,0.244,0.256,0.191,0.18,0.191,0.146,0.146,0.145
16,0.868,0.918,0.889,0.29,0.282,0.298,0.835,0.854,0.858,1.051,1.066,1.04,0.841,0.886,0.872,0.291,0.294,0.387,0.745,0.712,0.745,1.013,1.08,1.069,0.997,0.863,0.828,0.353,0.289,0.39,0.755,0.733,0.715,1.026,1.048,1.026,0.906,0.779,0.895,0.375,0.371,0.382,0.736,0.808,0.751,0.961,0.933,0.975,1.138,1.109,1.137,0.222,0.243,0.217,0.17,0.189,0.202,0.145,0.146,0.144,1.148,1.137,1.152,0.233,0.237,0.225,0.187,0.192,0.187,0.145,0.145,0.148,1.123,1.119,1.084,0.214,0.214,0.241,0.172,0.187,0.183,0.143,0.146,0.149,1.138,1.093,1.105,0.237,0.246,0.257,0.192,0.181,0.19,0.146,0.146,0.145
16.5,0.887,0.952,0.914,0.299,0.289,0.305,0.854,0.88,0.858,1.051,1.066,1.035,0.846,0.898,0.886,0.3,0.303,0.393,0.75,0.721,0.763,1.015,1.08,1.068,1.014,0.879,0.844,0.362,0.298,0.399,0.785,0.732,0.724,1.027,1.048,1.026,0.914,0.787,0.888,0.378,0.376,0.386,0.756,0.804,0.759,0.958,0.934,0.977,1.144,1.113,1.143,0.22,0.245,0.214,0.17,0.189,0.205,0.145,0.146,0.144,1.15,1.142,1.161,0.232,0.236,0.225,0.187,0.191,0.187,0.145,0.146,0.149,1.124,1.127,1.088,0.214,0.213,0.24,0.173,0.186,0.183,0.143,0.146,0.149,1.145,1.103,1.111,0.234,0.248,0.257,0.191,0.181,0.19,0.146,0.146,0.145
17,0.899,0.947,0.95,0.306,0.297,0.311,0.856,0.874,0.856,1.052,1.067,1.035,0.857,0.897,0.899,0.308,0.311,0.4,0.761,0.729,0.766,1.012,1.079,1.07,1.02,0.901,0.849,0.37,0.306,0.407,0.78,0.74,0.731,1.026,1.048,1.027,0.941,0.795,0.888,0.382,0.385,0.389,0.747,0.823,0.761,0.959,0.933,0.976,1.156,1.121,1.155,0.217,0.246,0.212,0.17,0.188,0.208,0.145,0.146,0.144,1.166,1.154,1.17,0.23,0.236,0.226,0.186,0.191,0.187,0.145,0.145,0.149,1.136,1.136,1.105,0.213,0.212,0.238,0.173,0.185,0.183,0.142,0.146,0.149,1.153,1.113,1.119,0.232,0.248,0.258,0.192,0.182,0.19,0.146,0.146,0.145
17.5,0.912,0.961,0.952,0.313,0.303,0.319,0.873,0.87,0.883,1.05,1.065,1.032,0.879,0.906,0.911,0.316,0.318,0.408,0.77,0.738,0.789,1.016,1.078,1.069,1.02,0.899,0.86,0.376,0.314,0.419,0.784,0.747,0.739,1.026,1.047,1.025,0.942,0.833,0.913,0.384,0.39,0.392,0.754,0.832,0.783,0.959,0.931,0.976,1.166,1.126,1.163,0.214,0.248,0.211,0.17,0.187,0.211,0.145,0.146,0.144,1.172,1.162,1.176,0.229,0.238,0.226,0.186,0.19,0.186,0.145,0.146,0.149,1.146,1.144,1.102,0.212,0.212,0.235,0.174,0.185,0.184,0.142,0.146,0.149,1.16,1.12,1.126,0.23,0.247,0.259,0.192,0.183,0.19,0.147,0.146,0.145
18,0.923,0.976,0.983,0.32,0.309,0.326,0.867,0.883,0.897,1.049,1.067,1.032,0.886,0.902,0.915,0.323,0.325,0.416,0.776,0.749,0.792,1.014,1.078,1.069,1.06,0.917,0.881,0.383,0.321,0.435,0.791,0.766,0.746,1.025,1.045,1.026,0.956,0.824,0.906,0.387,0.4,0.395,0.783,0.843,0.775,0.958,0.932,0.976,1.179,1.14,1.177,0.212,0.245,0.211,0.171,0.187,0.214,0.145,0.146,0.143,1.184,1.175,1.186,0.227,0.239,0.225,0.186,0.189,0.187,0.145,0.145,0.149,1.159,1.155,1.12,0.212,0.211,0.234,0.176,0.184,0.185,0.142,0.146,0.15,1.171,1.134,1.138,0.228,0.246,0.258,0.193,0.184,0.19,0.146,0.146,0.145
18.5,0.945,0.999,0.994,0.326,0.316,0.333,0.894,0.905,0.906,1.049,1.066,1.032,0.892,0.915,0.926,0.33,0.331,0.427,0.787,0.754,0.803,1.013,1.078,1.069,1.039,0.923,0.89,0.391,0.328,0.449,0.796,0.77,0.755,1.024,1.044,1.027,0.981,0.831,0.919,0.39,0.411,0.4,0.785,0.854,0.796,0.958,0.931,0.976,1.186,1.142,1.185,0.21,0.241,0.211,0.172,0.186,0.217,0.145,0.146,0.143,1.191,1.183,1.192,0.226,0.24,0.224,0.186,0.189,0.188,0.145,0.146,0.149,1.167,1.163,1.133,0.212,0.211,0.232,0.176,0.184,0.185,0.142,0.146,0.149,1.178,1.143,1.146,0.226,0.244,0.258,0.194,0.186,0.191,0.146,0.146,0.145
19,0.958,1.001,1.003,0.332,0.322,0.339,0.89,0.906,0.905,1.05,1.068,1.029,0.908,0.93,0.942,0.336,0.337,0.437,0.797,0.764,0.811,1.014,1.079,1.07,1.081,0.922,0.9,0.4,0.334,0.466,0.815,0.776,0.762,1.025,1.046,1.027,0.972,0.835,0.925,0.393,0.422,0.403,0.784,0.86,0.798,0.959,0.931,0.973,1.181,1.151,1.182,0.209,0.238,0.211,0.172,0.186,0.22,0.145,0.146,0.143,1.186,1.181,1.189,0.224,0.24,0.222,0.185,0.188,0.189,0.146,0.146,0.149,1.162,1.162,1.131,0.211,0.211,0.232,0.177,0.184,0.186,0.142,0.146,0.15,1.175,1.14,1.144,0.225,0.241,0.258,0.195,0.187,0.192,0.147,0.146,0.144
19.5,0.973,1.015,1.008,0.338,0.327,0.345,0.886,0.913,0.915,1.049,1.068,1.028,0.913,0.942,0.956,0.343,0.343,0.447,0.803,0.772,0.813,1.016,1.079,1.071,1.056,0.925,0.932,0.413,0.34,0.484,0.841,0.802,0.772,1.025,1.046,1.025,0.987,0.844,0.927,0.398,0.429,0.408,0.8,0.865,0.808,0.959,0.929,0.974,1.19,1.158,1.19,0.208,0.235,0.211,0.173,0.186,0.221,0.145,0.146,0.143,1.194,1.19,1.194,0.223,0.241,0.221,0.185,0.188,0.189,0.145,0.145,0.149,1.171,1.169,1.143,0.211,0.211,0.232,0.179,0.184,0.188,0.142,0.146,0.15,1.184,1.149,1.153,0.223,0.238,0.259,0.196,0.188,0.193,0.146,0.147,0.144
20,0.991,1.04,1.022,0.344,0.333,0.353,0.902,0.915,0.917,1.049,1.069,1.028,0.92,0.945,0.966,0.348,0.348,0.457,0.812,0.783,0.818,1.013,1.08,1.071,1.072,0.936,0.934,0.43,0.346,0.496,0.831,0.801,0.782,1.024,1.045,1.026,1.002,0.842,0.951,0.402,0.44,0.412,0.809,0.881,0.816,0.957,0.929,0.974,1.195,1.167,1.197,0.207,0.232,0.211,0.174,0.185,0.222,0.145,0.146,0.143,1.199,1.198,1.2,0.221,0.242,0.22,0.186,0.189,0.19,0.145,0.145,0.148,1.177,1.177,1.157,0.21,0.21,0.232,0.18,0.184,0.189,0.142,0.146,0.15,1.192,1.157,1.16,0.221,0.235,0.259,0.198,0.19,0.193,0.147,0.147,0.144
20.5,0.998,1.049,1.035,0.35,0.34,0.36,0.905,0.926,0.936,1.051,1.07,1.025,0.939,0.95,0.978,0.354,0.354,0.467,0.819,0.791,0.829,1.011,1.081,1.073,1.071,0.946,0.931,0.448,0.351,0.511,0.836,0.799,0.79,1.025,1.043,1.027,1.001,0.845,0.945,0.405,0.455,0.418,0.807,0.885,0.826,0.958,0.927,0.972,1.193,1.171,1.196,0.207,0.229,0.211,0.175,0.185,0.225,0.145,0.146,0.143,1.198,1.199,1.202,0.22,0.242,0.218,0.186,0.189,0.192,0.145,0.145,0.149,1.178,1.178,1.164,0.21,0.21,0.231,0.182,0.184,0.191,0.141,0.146,0.15,1.198,1.158,1.161,0.22,0.232,0.258,0.2,0.191,0.195,0.147,0.146,0.144
21,1.007,1.061,1.04,0.355,0.349,0.368,0.907,0.937,0.936,1.053,1.073,1.027,0.955,0.954,0.986,0.36,0.36,0.476,0.829,0.8,0.852,1.013,1.082,1.073,1.075,0.95,0.933,0.464,0.357,0.523,0.857,0.809,0.807,1.025,1.046,1.028,1.026,0.869,0.973,0.407,0.463,0.426,0.822,0.892,0.834,0.958,0.925,0.97,1.187,1.181,1.19,0.207,0.227,0.211,0.176,0.185,0.226,0.145,0.146,0.143,1.191,1.195,1.201,0.218,0.242,0.217,0.187,0.19,0.193,0.146,0.146,0.149,1.172,1.178,1.16,0.209,0.21,0.23,0.184,0.185,0.192,0.141,0.146,0.149,1.201,1.155,1.158,0.218,0.229,0.257,0.201,0.193,0.196,0.147,0.147,0.144
21.5,1.013,1.071,1.045,0.361,0.36,0.378,0.916,0.945,0.941,1.053,1.074,1.026,0.966,0.972,0.996,0.366,0.367,0.483,0.835,0.811,0.85,1.013,1.082,1.074,1.081,0.952,0.952,0.479,0.364,0.531,0.859,0.816,0.813,1.026,1.046,1.027,1.02,0.91,0.953,0.415,0.469,0.43,0.83,0.9,0.842,0.956,0.923,0.969,1.198,1.187,1.202,0.206,0.225,0.211,0.178,0.186,0.227,0.145,0.146,0.143,1.206,1.211,1.214,0.217,0.242,0.216,0.187,0.19,0.194,0.145,0.145,0.149,1.186,1.193,1.178,0.209,0.21,0.23,0.185,0.185,0.194,0.141,0.146,0.149,1.219,1.168,1.17,0.217,0.226,0.257,0.202,0.195,0.197,0.147,0.146,0.144
22,1.026,1.1,1.056,0.37,0.375,0.392,0.922,0.948,0.945,1.052,1.072,1.023,0.974,0.981,1.003,0.374,0.376,0.49,0.844,0.817,0.86,1.013,1.081,1.072,1.083,0.962,0.973,0.495,0.37,0.542,0.857,0.834,0.815,1.025,1.047,1.027,1.038,0.891,0.979,0.42,0.471,0.437,0.839,0.908,0.849,0.956,0.923,0.971,1.2,1.193,1.204,0.206,0.223,0.211,0.18,0.186,0.229,0.145,0.146,0.143,1.207,1.214,1.22,0.216,0.242,0.216,0.188,0.191,0.197,0.145,0.145,0.149,1.189,1.2,1.182,0.208,0.209,0.229,0.187,0.186,0.196,0.141,0.146,0.149,1.226,1.172,1.173,0.216,0.224,0.256,0.204,0.196,0.199,0.146,0.146,0.143
22.5,1.033,1.107,1.059,0.382,0.394,0.408,0.931,0.955,0.954,1.053,1.074,1.02,0.979,0.985,1.012,0.385,0.388,0.498,0.851,0.825,0.864,1.012,1.081,1.074,1.087,0.973,0.974,0.504,0.38,0.551,0.86,0.845,0.83,1.025,1.046,1.027,1.034,0.882,0.972,0.424,0.475,0.442,0.844,0.918,0.856,0.954,0.921,0.97,1.199,1.197,1.203,0.207,0.222,0.212,0.181,0.186,0.231,0.145,0.146,0.144,1.205,1.215,1.22,0.215,0.241,0.216,0.189,0.192,0.198,0.145,0.145,0.148,1.189,1.2,1.187,0.208,0.209,0.228,0.19,0.186,0.197,0.141,0.146,0.149,1.228,1.173,1.174,0.215,0.221,0.256,0.205,0.198,0.2,0.146,0.146,0.143
23,1.043,1.095,1.065,0.396,0.414,0.425,0.939,0.97,0.961,1.055,1.076,1.019,0.986,0.99,1.023,0.398,0.403,0.504,0.864,0.834,0.878,1.014,1.083,1.075,1.092,0.983,0.969,0.513,0.39,0.557,0.876,0.852,0.844,1.025,1.046,1.026,1.048,0.891,0.976,0.428,0.488,0.448,0.854,0.921,0.864,0.955,0.92,0.968,1.198,1.204,1.201,0.207,0.221,0.212,0.183,0.187,0.234,0.145,0.146,0.144,1.203,1.214,1.218,0.214,0.241,0.218,0.19,0.194,0.201,0.145,0.145,0.149,1.188,1.2,1.192,0.207,0.208,0.227,0.191,0.187,0.2,0.141,0.146,0.15,1.228,1.174,1.174,0.214,0.219,0.255,0.207,0.2,0.202,0.146,0.146,0.143
23.5,1.053,1.104,1.084,0.412,0.435,0.44,0.947,0.976,0.97,1.056,1.078,1.018,0.988,1.004,1.028,0.414,0.419,0.511,0.869,0.843,0.894,1.015,1.083,1.077,1.095,0.995,0.975,0.522,0.401,0.567,0.887,0.848,0.843,1.026,1.046,1.03,1.04,0.904,0.987,0.433,0.499,0.454,0.861,0.935,0.87,0.955,0.918,0.967,1.195,1.208,1.199,0.207,0.22,0.212,0.185,0.188,0.236,0.145,0.146,0.145,1.202,1.214,1.218,0.213,0.241,0.219,0.192,0.196,0.203,0.145,0.146,0.149,1.187,1.199,1.195,0.207,0.208,0.226,0.194,0.188,0.202,0.141,0.146,0.15,1.229,1.174,1.175,0.213,0.217,0.254,0.208,0.203,0.203,0.147,0.147,0.143
24,1.062,1.145,1.096,0.43,0.453,0.455,0.951,0.986,0.976,1.058,1.078,1.017,0.995,1,1.049,0.43,0.436,0.518,0.873,0.851,0.897,1.015,1.084,1.081,1.098,1.019,0.995,0.529,0.417,0.572,0.895,0.863,0.854,1.029,1.047,1.032,1.048,0.913,0.982,0.435,0.503,0.457,0.868,0.937,0.876,0.956,0.918,0.966,1.188,1.211,1.193,0.208,0.22,0.213,0.187,0.189,0.238,0.145,0.146,0.146,1.193,1.205,1.208,0.213,0.241,0.219,0.193,0.197,0.204,0.145,0.145,0.149,1.181,1.191,1.197,0.207,0.208,0.225,0.196,0.189,0.205,0.141,0.146,0.15,1.224,1.168,1.17,0.212,0.216,0.254,0.21,0.205,0.205,0.147,0.147,0.143
24.5,1.069,1.122,1.107,0.447,0.471,0.475,0.961,0.999,0.982,1.058,1.078,1.012,1.009,1.002,1.043,0.446,0.452,0.523,0.88,0.861,0.898,1.013,1.086,1.08,1.102,1.001,0.987,0.543,0.433,0.578,0.899,0.87,0.861,1.029,1.049,1.032,1.056,0.904,0.985,0.439,0.509,0.459,0.874,0.947,0.883,0.957,0.916,0.965,1.185,1.213,1.19,0.208,0.219,0.213,0.188,0.19,0.24,0.145,0.146,0.146,1.193,1.205,1.209,0.212,0.24,0.219,0.194,0.199,0.205,0.145,0.145,0.149,1.179,1.194,1.199,0.206,0.208,0.224,0.198,0.19,0.206,0.141,0.146,0.15,1.225,1.17,1.169,0.211,0.214,0.253,0.212,0.207,0.206,0.146,0.147,0.143
25,1.1,1.113,1.113,0.464,0.486,0.488,0.969,1.011,0.987,1.056,1.079,1.01,1.02,1.009,1.041,0.461,0.466,0.527,0.886,0.868,0.899,1.013,1.086,1.081,1.105,1.005,0.987,0.55,0.443,0.584,0.909,0.875,0.871,1.031,1.05,1.03,1.05,0.925,0.992,0.443,0.509,0.464,0.88,0.951,0.888,0.958,0.914,0.966,1.183,1.212,1.184,0.208,0.218,0.214,0.191,0.191,0.242,0.144,0.146,0.147,1.19,1.203,1.206,0.211,0.239,0.219,0.196,0.2,0.207,0.145,0.146,0.149,1.176,1.191,1.193,0.206,0.208,0.224,0.2,0.191,0.208,0.141,0.146,0.15,1.224,1.168,1.167,0.21,0.213,0.253,0.214,0.21,0.208,0.147,0.146,0.143
25.5,1.095,1.155,1.115,0.479,0.5,0.5,0.976,1.023,0.993,1.056,1.078,1.009,1.026,1.013,1.052,0.474,0.48,0.532,0.894,0.873,0.921,1.01,1.087,1.081,1.108,1.021,1.007,0.559,0.458,0.592,0.916,0.884,0.88,1.03,1.05,1.034,1.042,0.931,0.994,0.447,0.519,0.468,0.887,0.955,0.894,0.957,0.912,0.966,1.179,1.214,1.187,0.208,0.217,0.214,0.193,0.192,0.245,0.144,0.146,0.149,1.186,1.2,1.203,0.211,0.239,0.219,0.198,0.202,0.209,0.145,0.145,0.149,1.172,1.189,1.195,0.206,0.207,0.223,0.202,0.192,0.209,0.14,0.146,0.149,1.222,1.165,1.166,0.21,0.211,0.252,0.217,0.213,0.21,0.147,0.146,0.143
26,1.091,1.139,1.112,0.492,0.51,0.511,0.985,1.033,1.003,1.055,1.079,1.007,1.033,1.021,1.062,0.485,0.492,0.536,0.9,0.88,0.923,1.01,1.088,1.081,1.112,1.036,1.011,0.564,0.47,0.606,0.925,0.894,0.884,1.028,1.049,1.034,1.051,0.944,0.996,0.451,0.529,0.472,0.893,0.958,0.9,0.958,0.908,0.965,1.179,1.217,1.185,0.209,0.218,0.215,0.196,0.194,0.247,0.145,0.146,0.15,1.184,1.198,1.203,0.211,0.24,0.219,0.2,0.204,0.211,0.145,0.145,0.149,1.173,1.188,1.192,0.206,0.207,0.222,0.205,0.194,0.212,0.141,0.146,0.15,1.222,1.165,1.168,0.209,0.211,0.251,0.219,0.216,0.212,0.147,0.147,0.143
26.5,1.091,1.14,1.122,0.503,0.524,0.522,0.994,1.042,1.01,1.054,1.079,1.004,1.052,1.04,1.057,0.496,0.503,0.542,0.904,0.884,0.927,1.009,1.088,1.081,1.115,1.031,1.007,0.576,0.481,0.611,0.93,0.899,0.888,1.028,1.05,1.033,1.053,0.934,1,0.454,0.532,0.474,0.899,0.962,0.904,0.957,0.903,0.964,1.183,1.214,1.184,0.209,0.217,0.215,0.199,0.195,0.249,0.145,0.146,0.153,1.182,1.196,1.205,0.211,0.239,0.219,0.201,0.206,0.213,0.145,0.145,0.149,1.173,1.189,1.19,0.205,0.207,0.222,0.207,0.195,0.213,0.141,0.146,0.149,1.223,1.161,1.166,0.209,0.21,0.248,0.223,0.219,0.215,0.147,0.146,0.143
27,1.102,1.152,1.132,0.515,0.533,0.531,0.999,1.052,1.018,1.054,1.079,1.004,1.062,1.054,1.075,0.508,0.513,0.545,0.911,0.89,0.928,1.005,1.089,1.082,1.118,1.032,1.016,0.582,0.491,0.616,0.936,0.906,0.899,1.026,1.05,1.034,1.046,0.931,1.003,0.456,0.545,0.478,0.905,0.967,0.91,0.957,0.902,0.963,1.176,1.214,1.18,0.209,0.218,0.215,0.202,0.197,0.252,0.145,0.146,0.156,1.176,1.191,1.198,0.21,0.239,0.218,0.204,0.208,0.215,0.145,0.145,0.149,1.168,1.18,1.192,0.205,0.207,0.221,0.209,0.197,0.215,0.141,0.146,0.149,1.215,1.16,1.16,0.208,0.209,0.244,0.226,0.222,0.218,0.147,0.147,0.143
27.5,1.117,1.153,1.13,0.524,0.545,0.543,1.007,1.06,1.024,1.053,1.079,1.001,1.056,1.059,1.078,0.516,0.522,0.55,0.917,0.898,0.932,1.004,1.092,1.082,1.123,1.041,1.024,0.593,0.501,0.628,0.944,0.913,0.909,1.026,1.053,1.034,1.045,0.952,1.004,0.459,0.544,0.482,0.91,0.972,0.915,0.956,0.899,0.962,1.172,1.212,1.175,0.209,0.218,0.215,0.205,0.199,0.253,0.144,0.145,0.159,1.172,1.188,1.197,0.21,0.239,0.218,0.205,0.21,0.217,0.145,0.145,0.149,1.164,1.179,1.19,0.204,0.207,0.221,0.211,0.198,0.216,0.141,0.146,0.149,1.213,1.156,1.159,0.207,0.208,0.237,0.227,0.226,0.22,0.146,0.146,0.142
28,1.136,1.152,1.135,0.534,0.555,0.55,1.016,1.066,1.032,1.052,1.079,0.999,1.052,1.057,1.077,0.525,0.531,0.553,0.922,0.901,0.941,1.002,1.091,1.081,1.127,1.034,1.023,0.601,0.509,0.632,0.95,0.921,0.917,1.023,1.052,1.031,1.051,0.954,1.007,0.462,0.548,0.485,0.915,0.974,0.919,0.955,0.895,0.959,1.17,1.214,1.175,0.209,0.218,0.216,0.209,0.201,0.255,0.145,0.146,0.163,1.173,1.187,1.199,0.21,0.239,0.217,0.208,0.212,0.22,0.145,0.145,0.149,1.164,1.179,1.189,0.204,0.207,0.22,0.214,0.2,0.219,0.141,0.146,0.149,1.211,1.155,1.158,0.207,0.207,0.233,0.229,0.23,0.224,0.147,0.147,0.143
28.5,1.137,1.17,1.148,0.543,0.565,0.559,1.023,1.073,1.039,1.051,1.077,0.997,1.067,1.052,1.08,0.534,0.54,0.561,0.927,0.908,0.948,1,1.091,1.079,1.131,1.043,1.023,0.607,0.517,0.634,0.956,0.926,0.923,1.022,1.052,1.031,1.044,0.945,1.009,0.465,0.556,0.487,0.919,0.978,0.923,0.952,0.891,0.958,1.172,1.21,1.171,0.208,0.218,0.216,0.213,0.203,0.257,0.145,0.146,0.167,1.172,1.185,1.198,0.21,0.238,0.217,0.21,0.215,0.222,0.145,0.145,0.149,1.162,1.178,1.187,0.204,0.206,0.219,0.215,0.201,0.221,0.14,0.146,0.149,1.205,1.154,1.158,0.206,0.206,0.23,0.232,0.233,0.226,0.146,0.146,0.142
29,1.127,1.162,1.157,0.551,0.575,0.567,1.031,1.079,1.045,1.05,1.076,0.996,1.069,1.065,1.085,0.542,0.549,0.563,0.931,0.917,0.954,0.998,1.092,1.077,1.136,1.051,1.028,0.617,0.526,0.652,0.962,0.933,0.929,1.023,1.051,1.03,1.045,0.948,1.013,0.468,0.559,0.491,0.923,0.978,0.927,0.953,0.889,0.955,1.171,1.208,1.169,0.208,0.218,0.216,0.218,0.205,0.261,0.145,0.146,0.172,1.171,1.184,1.198,0.21,0.238,0.217,0.213,0.217,0.224,0.145,0.145,0.149,1.161,1.177,1.185,0.204,0.206,0.219,0.217,0.203,0.223,0.14,0.146,0.149,1.198,1.154,1.156,0.206,0.205,0.228,0.234,0.238,0.228,0.147,0.146,0.142
29.5,1.129,1.162,1.143,0.558,0.583,0.576,1.038,1.084,1.052,1.049,1.073,0.997,1.065,1.068,1.092,0.549,0.558,0.568,0.936,0.919,0.96,0.996,1.089,1.074,1.14,1.051,1.035,0.625,0.534,0.649,0.967,0.939,0.935,1.02,1.049,1.027,1.048,0.958,1.016,0.471,0.567,0.495,0.928,0.984,0.93,0.952,0.888,0.953,1.169,1.206,1.167,0.208,0.219,0.217,0.221,0.208,0.264,0.145,0.146,0.176,1.168,1.181,1.195,0.209,0.238,0.216,0.216,0.22,0.227,0.145,0.145,0.149,1.158,1.174,1.185,0.203,0.206,0.219,0.22,0.206,0.227,0.14,0.146,0.15,1.189,1.15,1.155,0.205,0.205,0.226,0.236,0.24,0.231,0.147,0.147,0.142
30,1.145,1.173,1.151,0.567,0.59,0.584,1.045,1.09,1.058,1.049,1.073,0.996,1.061,1.068,1.096,0.558,0.565,0.572,0.941,0.926,0.963,0.994,1.09,1.071,1.146,1.055,1.042,0.631,0.54,0.66,0.973,0.945,0.94,1.02,1.047,1.026,1.047,0.956,1.019,0.473,0.573,0.498,0.932,0.992,0.934,0.951,0.885,0.95,1.166,1.206,1.165,0.208,0.219,0.217,0.226,0.211,0.266,0.145,0.146,0.181,1.167,1.181,1.196,0.209,0.238,0.216,0.22,0.223,0.23,0.145,0.146,0.149,1.158,1.175,1.185,0.203,0.206,0.218,0.222,0.208,0.229,0.141,0.146,0.15,1.182,1.151,1.154,0.205,0.204,0.224,0.238,0.243,0.233,0.147,0.147,0.142
30.5,1.156,1.173,1.161,0.576,0.597,0.592,1.049,1.094,1.064,1.049,1.068,0.998,1.069,1.072,1.095,0.566,0.573,0.576,0.945,0.929,0.966,0.995,1.091,1.068,1.151,1.056,1.04,0.63,0.546,0.667,0.978,0.951,0.947,1.019,1.048,1.02,1.048,0.954,1.02,0.478,0.575,0.5,0.935,0.99,0.938,0.948,0.886,0.949,1.167,1.205,1.164,0.208,0.219,0.217,0.23,0.213,0.268,0.145,0.146,0.186,1.164,1.178,1.192,0.209,0.237,0.216,0.223,0.226,0.233,0.145,0.145,0.149,1.156,1.173,1.184,0.203,0.206,0.218,0.223,0.21,0.232,0.14,0.146,0.149,1.173,1.148,1.153,0.204,0.203,0.223,0.241,0.246,0.236,0.146,0.147,0.142
31,1.153,1.169,1.161,0.584,0.606,0.599,1.055,1.098,1.069,1.05,1.068,0.999,1.089,1.076,1.106,0.572,0.582,0.579,0.95,0.935,0.971,0.993,1.087,1.068,1.156,1.056,1.038,0.638,0.554,0.672,0.983,0.956,0.952,1.017,1.044,1.019,1.049,0.958,1.025,0.479,0.582,0.504,0.939,0.987,0.941,0.946,0.885,0.945,1.166,1.203,1.163,0.208,0.219,0.217,0.234,0.216,0.27,0.145,0.146,0.191,1.164,1.176,1.192,0.209,0.237,0.216,0.226,0.229,0.236,0.145,0.145,0.149,1.154,1.172,1.182,0.203,0.206,0.217,0.226,0.212,0.235,0.14,0.146,0.149,1.17,1.145,1.151,0.203,0.203,0.221,0.244,0.249,0.239,0.146,0.147,0.142
31.5,1.147,1.172,1.16,0.592,0.614,0.607,1.062,1.103,1.074,1.051,1.067,0.999,1.085,1.083,1.109,0.579,0.59,0.581,0.954,0.937,0.973,0.991,1.083,1.064,1.16,1.06,1.041,0.652,0.561,0.681,0.988,0.962,0.957,1.017,1.041,1.017,1.05,0.963,1.027,0.481,0.588,0.507,0.942,0.986,0.944,0.945,0.886,0.945,1.165,1.2,1.161,0.208,0.22,0.218,0.238,0.219,0.273,0.145,0.146,0.196,1.161,1.173,1.191,0.209,0.237,0.216,0.229,0.232,0.24,0.145,0.145,0.149,1.154,1.17,1.181,0.202,0.206,0.217,0.228,0.214,0.237,0.14,0.146,0.149,1.167,1.146,1.151,0.203,0.202,0.22,0.247,0.252,0.241,0.146,0.147,0.142
32,1.154,1.176,1.163,0.6,0.622,0.614,1.065,1.106,1.079,1.052,1.064,1,1.081,1.096,1.108,0.587,0.598,0.587,0.958,0.941,0.978,0.992,1.081,1.062,1.164,1.065,1.044,0.651,0.568,0.687,0.992,0.966,0.961,1.017,1.038,1.014,1.053,0.965,1.03,0.485,0.592,0.51,0.946,0.997,0.946,0.944,0.886,0.946,1.164,1.202,1.159,0.207,0.22,0.218,0.242,0.222,0.274,0.145,0.146,0.2,1.16,1.171,1.19,0.209,0.237,0.215,0.233,0.236,0.243,0.145,0.145,0.149,1.152,1.169,1.18,0.202,0.206,0.216,0.231,0.217,0.241,0.14,0.146,0.149,1.163,1.144,1.15,0.203,0.202,0.219,0.249,0.255,0.245,0.146,0.147,0.142
32.5,1.162,1.179,1.167,0.608,0.627,0.621,1.068,1.109,1.083,1.051,1.062,1.002,1.088,1.089,1.118,0.594,0.604,0.591,0.964,0.944,0.982,0.991,1.078,1.058,1.167,1.066,1.046,0.663,0.572,0.69,0.996,0.97,0.966,1.015,1.035,1.012,1.052,0.962,1.033,0.489,0.596,0.515,0.948,0.992,0.949,0.941,0.889,0.946,1.163,1.2,1.157,0.207,0.221,0.218,0.246,0.225,0.276,0.145,0.146,0.205,1.159,1.169,1.189,0.209,0.237,0.215,0.236,0.239,0.246,0.145,0.145,0.149,1.151,1.167,1.178,0.201,0.206,0.216,0.232,0.219,0.243,0.14,0.145,0.149,1.16,1.142,1.148,0.202,0.201,0.218,0.251,0.258,0.247,0.146,0.146,0.141
33,1.161,1.185,1.168,0.615,0.636,0.63,1.074,1.111,1.086,1.054,1.064,1.001,1.089,1.092,1.129,0.603,0.611,0.593,0.968,0.949,0.986,0.991,1.075,1.062,1.171,1.067,1.051,0.663,0.58,0.698,1,0.975,0.97,1.017,1.034,1.014,1.057,0.965,1.037,0.49,0.601,0.518,0.951,0.996,0.951,0.944,0.892,0.947,1.162,1.195,1.156,0.207,0.221,0.218,0.249,0.23,0.277,0.146,0.146,0.209,1.157,1.168,1.188,0.209,0.238,0.215,0.24,0.243,0.25,0.145,0.145,0.149,1.15,1.166,1.177,0.201,0.205,0.215,0.235,0.222,0.247,0.14,0.146,0.149,1.159,1.141,1.148,0.202,0.201,0.217,0.254,0.26,0.25,0.146,0.147,0.142
33.5,1.159,1.188,1.17,0.625,0.641,0.638,1.078,1.115,1.09,1.053,1.062,1.004,1.089,1.098,1.125,0.61,0.619,0.597,0.974,0.952,0.989,0.991,1.072,1.06,1.174,1.068,1.05,0.673,0.585,0.703,1.004,0.979,0.974,1.016,1.034,1.013,1.057,0.968,1.039,0.495,0.605,0.521,0.953,1.002,0.953,0.944,0.895,0.949,1.161,1.192,1.154,0.207,0.222,0.218,0.253,0.233,0.278,0.146,0.147,0.214,1.157,1.166,1.187,0.209,0.237,0.215,0.244,0.246,0.253,0.145,0.145,0.149,1.149,1.164,1.175,0.201,0.205,0.215,0.236,0.224,0.251,0.14,0.146,0.149,1.159,1.14,1.146,0.201,0.2,0.216,0.255,0.262,0.253,0.146,0.146,0.141
34,1.162,1.187,1.174,0.634,0.648,0.646,1.081,1.115,1.091,1.054,1.061,1.005,1.094,1.106,1.123,0.616,0.627,0.6,0.978,0.957,0.993,0.995,1.07,1.06,1.178,1.072,1.052,0.678,0.588,0.707,1.006,0.983,0.977,1.017,1.033,1.012,1.058,0.969,1.042,0.497,0.609,0.526,0.955,1,0.955,0.947,0.898,0.952,1.159,1.195,1.153,0.206,0.223,0.219,0.256,0.236,0.28,0.146,0.147,0.218,1.155,1.164,1.185,0.21,0.237,0.216,0.248,0.249,0.256,0.145,0.145,0.149,1.147,1.162,1.174,0.201,0.205,0.215,0.24,0.228,0.254,0.14,0.146,0.149,1.158,1.138,1.146,0.201,0.2,0.216,0.257,0.264,0.255,0.146,0.146,0.141
34.5,1.167,1.189,1.179,0.639,0.65,0.653,1.085,1.119,1.096,1.056,1.061,1.005,1.099,1.106,1.128,0.626,0.633,0.604,0.986,0.962,0.998,0.994,1.071,1.06,1.181,1.076,1.052,0.681,0.594,0.711,1.01,0.987,0.981,1.019,1.034,1.013,1.059,0.968,1.044,0.499,0.611,0.529,0.957,1.004,0.958,0.947,0.901,0.954,1.158,1.192,1.152,0.206,0.223,0.219,0.259,0.239,0.281,0.146,0.147,0.222,1.153,1.163,1.184,0.209,0.236,0.216,0.251,0.253,0.26,0.145,0.145,0.149,1.145,1.161,1.173,0.201,0.205,0.215,0.242,0.23,0.257,0.14,0.145,0.149,1.158,1.136,1.145,0.2,0.2,0.215,0.259,0.266,0.258,0.146,0.146,0.141
35,1.172,1.194,1.183,0.647,0.658,0.659,1.089,1.121,1.099,1.057,1.06,1.008,1.098,1.111,1.137,0.631,0.64,0.606,0.993,0.968,1.004,0.994,1.071,1.062,1.184,1.078,1.056,0.686,0.597,0.714,1.013,0.99,0.985,1.02,1.036,1.015,1.061,0.971,1.048,0.501,0.617,0.531,0.959,1.003,0.96,0.948,0.903,0.955,1.158,1.194,1.151,0.206,0.224,0.219,0.262,0.243,0.282,0.147,0.148,0.225,1.152,1.162,1.183,0.209,0.237,0.215,0.256,0.256,0.263,0.145,0.145,0.149,1.144,1.16,1.171,0.2,0.205,0.214,0.244,0.233,0.26,0.14,0.145,0.149,1.16,1.135,1.145,0.2,0.2,0.214,0.26,0.267,0.26,0.146,0.146,0.141
35.5,1.176,1.198,1.185,0.654,0.661,0.664,1.091,1.123,1.103,1.059,1.06,1.008,1.097,1.115,1.14,0.638,0.647,0.608,0.997,0.974,1.007,0.996,1.073,1.063,1.188,1.078,1.059,0.691,0.6,0.718,1.016,0.993,0.988,1.02,1.037,1.016,1.061,0.971,1.051,0.503,0.619,0.534,0.962,1.005,0.961,0.95,0.907,0.957,1.157,1.191,1.149,0.205,0.225,0.219,0.266,0.247,0.283,0.147,0.148,0.227,1.151,1.161,1.182,0.21,0.237,0.216,0.26,0.261,0.266,0.145,0.145,0.149,1.143,1.158,1.169,0.2,0.205,0.214,0.246,0.236,0.261,0.14,0.145,0.149,1.161,1.133,1.144,0.199,0.199,0.213,0.261,0.268,0.262,0.146,0.146,0.141
36,1.178,1.201,1.189,0.661,0.663,0.67,1.095,1.125,1.106,1.061,1.061,1.013,1.098,1.117,1.146,0.644,0.653,0.611,1.002,0.977,1.01,0.997,1.072,1.065,1.19,1.081,1.062,0.696,0.607,0.721,1.018,0.996,0.991,1.021,1.04,1.019,1.062,0.972,1.053,0.505,0.622,0.537,0.963,1.003,0.963,0.953,0.91,0.96,1.156,1.189,1.148,0.205,0.225,0.219,0.27,0.251,0.285,0.148,0.149,0.227,1.15,1.159,1.182,0.21,0.237,0.216,0.264,0.265,0.27,0.145,0.145,0.149,1.142,1.158,1.167,0.2,0.205,0.214,0.247,0.24,0.263,0.14,0.145,0.149,1.163,1.133,1.143,0.199,0.199,0.213,0.262,0.268,0.264,0.146,0.146,0.141
36.5,1.18,1.207,1.193,0.666,0.67,0.678,1.095,1.126,1.108,1.062,1.061,1.015,1.103,1.119,1.146,0.649,0.66,0.616,1.006,0.981,1.013,0.999,1.073,1.065,1.193,1.082,1.062,0.699,0.614,0.724,1.02,0.999,0.993,1.024,1.04,1.02,1.065,0.974,1.057,0.508,0.625,0.539,0.965,1.004,0.965,0.956,0.913,0.962,1.154,1.188,1.147,0.205,0.225,0.22,0.272,0.254,0.287,0.148,0.15,0.227,1.149,1.159,1.18,0.21,0.237,0.216,0.268,0.269,0.273,0.145,0.145,0.149,1.141,1.156,1.167,0.2,0.205,0.213,0.248,0.244,0.264,0.14,0.145,0.149,1.162,1.132,1.142,0.198,0.199,0.212,0.262,0.268,0.265,0.146,0.146,0.141
37,1.183,1.212,1.198,0.672,0.675,0.685,1.098,1.128,1.11,1.064,1.062,1.016,1.107,1.123,1.149,0.653,0.666,0.617,1.009,0.986,1.017,1,1.074,1.068,1.195,1.085,1.064,0.702,0.618,0.727,1.022,1.002,0.995,1.026,1.043,1.023,1.066,0.977,1.06,0.507,0.629,0.543,0.967,1.005,0.966,0.958,0.916,0.966,1.154,1.188,1.146,0.205,0.225,0.22,0.275,0.258,0.288,0.149,0.151,0.226,1.148,1.158,1.179,0.21,0.237,0.216,0.273,0.272,0.275,0.145,0.145,0.149,1.14,1.155,1.165,0.199,0.205,0.213,0.249,0.245,0.265,0.14,0.145,0.149,1.164,1.131,1.141,0.198,0.199,0.212,0.263,0.269,0.265,0.146,0.146,0.141
37.5,1.185,1.215,1.2,0.677,0.679,0.69,1.099,1.129,1.111,1.065,1.062,1.022,1.108,1.121,1.152,0.661,0.673,0.62,1.012,0.989,1.02,1.002,1.075,1.066,1.197,1.086,1.067,0.703,0.622,0.73,1.025,1.004,0.997,1.027,1.044,1.024,1.067,0.977,1.059,0.512,0.631,0.546,0.968,1.002,0.968,0.959,0.92,0.967,1.152,1.186,1.144,0.204,0.225,0.22,0.277,0.262,0.287,0.15,0.152,0.225,1.146,1.156,1.177,0.21,0.237,0.216,0.276,0.276,0.276,0.145,0.145,0.149,1.139,1.153,1.164,0.199,0.205,0.213,0.25,0.247,0.264,0.14,0.145,0.149,1.164,1.13,1.14,0.198,0.198,0.211,0.263,0.269,0.266,0.146,0.146,0.141
38,1.19,1.217,1.205,0.686,0.686,0.696,1.101,1.131,1.115,1.065,1.063,1.024,1.11,1.121,1.157,0.666,0.681,0.622,1.017,0.993,1.023,1.003,1.076,1.067,1.2,1.091,1.07,0.707,0.625,0.732,1.027,1.006,1,1.029,1.046,1.026,1.067,0.977,1.063,0.515,0.634,0.549,0.97,1.004,0.969,0.961,0.923,0.969,1.152,1.185,1.144,0.204,0.225,0.22,0.278,0.266,0.286,0.151,0.153,0.224,1.146,1.156,1.177,0.21,0.237,0.216,0.281,0.28,0.278,0.145,0.145,0.149,1.138,1.153,1.162,0.199,0.205,0.213,0.25,0.25,0.265,0.14,0.145,0.149,1.166,1.131,1.14,0.197,0.198,0.21,0.263,0.27,0.266,0.146,0.146,0.141
38.5,1.195,1.223,1.209,0.691,0.69,0.701,1.105,1.131,1.114,1.067,1.065,1.026,1.115,1.128,1.163,0.674,0.682,0.625,1.02,0.996,1.025,1.006,1.076,1.072,1.201,1.095,1.074,0.713,0.633,0.736,1.027,1.008,1,1.033,1.05,1.033,1.069,0.979,1.065,0.514,0.638,0.552,0.971,1.005,0.969,0.965,0.925,0.971,1.151,1.184,1.142,0.204,0.225,0.22,0.28,0.268,0.288,0.153,0.154,0.221,1.145,1.154,1.176,0.21,0.237,0.216,0.284,0.282,0.278,0.144,0.145,0.149,1.136,1.152,1.159,0.199,0.205,0.212,0.251,0.251,0.265,0.14,0.145,0.149,1.166,1.13,1.138,0.197,0.197,0.21,0.263,0.269,0.266,0.146,0.146,0.141
39,1.2,1.228,1.213,0.695,0.7,0.712,1.106,1.132,1.117,1.068,1.068,1.03,1.117,1.13,1.167,0.681,0.691,0.628,1.023,1,1.028,1.009,1.078,1.072,1.205,1.096,1.076,0.715,0.637,0.738,1.03,1.01,1.002,1.033,1.051,1.034,1.07,0.984,1.066,0.518,0.64,0.556,0.973,1.005,0.972,0.968,0.929,0.973,1.15,1.184,1.141,0.204,0.226,0.22,0.281,0.271,0.286,0.154,0.156,0.219,1.144,1.154,1.175,0.21,0.237,0.216,0.287,0.285,0.28,0.145,0.145,0.149,1.136,1.15,1.16,0.199,0.204,0.212,0.251,0.252,0.266,0.14,0.145,0.149,1.167,1.13,1.139,0.197,0.197,0.21,0.263,0.27,0.266,0.146,0.146,0.141
39.5,1.202,1.231,1.216,0.702,0.701,0.72,1.109,1.133,1.117,1.068,1.069,1.033,1.12,1.135,1.173,0.69,0.694,0.631,1.025,1.002,1.03,1.009,1.079,1.077,1.205,1.101,1.079,0.719,0.647,0.74,1.031,1.011,1.003,1.037,1.055,1.041,1.072,0.985,1.067,0.519,0.644,0.558,0.974,1.006,0.971,0.97,0.931,0.976,1.149,1.185,1.139,0.203,0.226,0.22,0.283,0.272,0.285,0.156,0.158,0.216,1.143,1.153,1.174,0.21,0.238,0.217,0.288,0.285,0.279,0.144,0.145,0.149,1.134,1.15,1.157,0.198,0.204,0.212,0.251,0.253,0.264,0.14,0.145,0.149,1.168,1.129,1.138,0.196,0.197,0.209,0.263,0.271,0.266,0.146,0.146,0.14
40,1.206,1.234,1.22,0.709,0.705,0.723,1.111,1.133,1.118,1.069,1.069,1.035,1.123,1.137,1.178,0.692,0.698,0.632,1.028,1.006,1.032,1.011,1.081,1.079,1.206,1.103,1.081,0.722,0.65,0.742,1.032,1.012,1.004,1.039,1.056,1.043,1.073,0.983,1.066,0.522,0.645,0.56,0.974,1.008,0.973,0.972,0.934,0.977,1.148,1.181,1.138,0.203,0.225,0.22,0.284,0.274,0.284,0.158,0.16,0.214,1.141,1.152,1.173,0.21,0.237,0.216,0.29,0.286,0.279,0.144,0.145,0.149,1.133,1.148,1.155,0.198,0.204,0.211,0.252,0.253,0.265,0.14,0.145,0.149,1.169,1.128,1.137,0.195,0.196,0.208,0.262,0.27,0.266,0.146,0.146,0.14
40.5,1.21,1.237,1.223,0.715,0.706,0.726,1.111,1.134,1.12,1.07,1.073,1.038,1.126,1.136,1.18,0.697,0.705,0.632,1.031,1.008,1.035,1.013,1.086,1.077,1.209,1.103,1.083,0.723,0.653,0.745,1.034,1.014,1.006,1.041,1.058,1.043,1.074,0.983,1.068,0.523,0.646,0.562,0.975,1.006,0.974,0.974,0.937,0.979,1.146,1.181,1.138,0.203,0.225,0.221,0.286,0.274,0.282,0.16,0.163,0.211,1.141,1.152,1.172,0.21,0.237,0.217,0.291,0.286,0.279,0.144,0.145,0.149,1.132,1.147,1.154,0.198,0.204,0.211,0.252,0.253,0.265,0.14,0.145,0.149,1.169,1.127,1.136,0.195,0.196,0.208,0.262,0.271,0.266,0.146,0.146,0.14
41,1.216,1.242,1.228,0.723,0.718,0.729,1.113,1.137,1.124,1.07,1.074,1.041,1.13,1.139,1.183,0.701,0.71,0.637,1.035,1.012,1.039,1.016,1.089,1.08,1.213,1.106,1.087,0.727,0.658,0.748,1.037,1.016,1.009,1.043,1.062,1.044,1.073,0.985,1.069,0.525,0.649,0.566,0.978,1.009,0.975,0.976,0.939,0.98,1.146,1.18,1.137,0.203,0.225,0.221,0.287,0.275,0.283,0.162,0.166,0.208,1.14,1.151,1.17,0.21,0.238,0.217,0.291,0.287,0.278,0.144,0.145,0.148,1.131,1.147,1.153,0.198,0.204,0.211,0.252,0.254,0.265,0.14,0.145,0.149,1.169,1.127,1.135,0.195,0.195,0.207,0.262,0.271,0.266,0.146,0.146,0.14
41.5,1.219,1.245,1.231,0.727,0.715,0.734,1.115,1.138,1.125,1.07,1.072,1.043,1.132,1.141,1.186,0.706,0.712,0.639,1.037,1.014,1.042,1.018,1.086,1.079,1.216,1.111,1.089,0.731,0.662,0.75,1.037,1.017,1.01,1.047,1.065,1.047,1.075,0.988,1.071,0.526,0.651,0.567,0.979,1.011,0.976,0.98,0.942,0.982,1.145,1.18,1.136,0.202,0.225,0.221,0.288,0.275,0.281,0.165,0.169,0.206,1.139,1.151,1.169,0.21,0.237,0.217,0.292,0.287,0.278,0.144,0.145,0.149,1.13,1.146,1.152,0.197,0.204,0.211,0.253,0.254,0.264,0.14,0.145,0.149,1.169,1.126,1.134,0.195,0.195,0.207,0.262,0.27,0.266,0.146,0.146,0.14
42,1.222,1.247,1.234,0.731,0.724,0.736,1.114,1.139,1.126,1.071,1.074,1.046,1.133,1.141,1.191,0.71,0.718,0.642,1.039,1.016,1.044,1.021,1.084,1.081,1.216,1.109,1.089,0.732,0.664,0.753,1.038,1.018,1.011,1.047,1.067,1.046,1.076,0.988,1.07,0.529,0.653,0.57,0.979,1.007,0.977,0.983,0.944,0.985,1.143,1.178,1.135,0.202,0.224,0.221,0.289,0.276,0.277,0.167,0.172,0.203,1.137,1.15,1.168,0.21,0.238,0.217,0.291,0.287,0.278,0.144,0.145,0.148,1.128,1.144,1.151,0.197,0.204,0.211,0.253,0.254,0.264,0.14,0.145,0.149,1.169,1.124,1.133,0.194,0.194,0.206,0.262,0.27,0.265,0.146,0.146,0.14
42.5,1.224,1.25,1.236,0.737,0.724,0.742,1.116,1.138,1.125,1.072,1.075,1.048,1.137,1.143,1.195,0.714,0.721,0.643,1.041,1.018,1.045,1.022,1.086,1.082,1.217,1.112,1.092,0.736,0.669,0.755,1.038,1.019,1.011,1.051,1.07,1.05,1.076,0.989,1.072,0.531,0.655,0.571,0.98,1.008,0.977,0.985,0.946,0.986,1.143,1.176,1.133,0.202,0.223,0.221,0.29,0.274,0.279,0.17,0.174,0.201,1.137,1.149,1.167,0.21,0.237,0.217,0.291,0.286,0.277,0.144,0.144,0.148,1.128,1.143,1.148,0.197,0.204,0.211,0.253,0.253,0.264,0.14,0.145,0.149,1.169,1.123,1.132,0.194,0.194,0.205,0.261,0.27,0.264,0.145,0.146,0.14
43,1.228,1.254,1.24,0.742,0.726,0.747,1.118,1.14,1.126,1.075,1.077,1.051,1.142,1.146,1.198,0.718,0.726,0.645,1.043,1.021,1.047,1.023,1.088,1.085,1.219,1.114,1.094,0.737,0.672,0.757,1.04,1.021,1.012,1.052,1.073,1.055,1.078,0.99,1.074,0.531,0.657,0.573,0.982,1.01,0.978,0.985,0.947,0.989,1.142,1.179,1.133,0.202,0.223,0.222,0.291,0.275,0.28,0.173,0.178,0.198,1.136,1.148,1.166,0.21,0.238,0.217,0.291,0.286,0.278,0.144,0.145,0.148,1.127,1.142,1.147,0.197,0.203,0.21,0.253,0.254,0.265,0.14,0.145,0.149,1.169,1.123,1.131,0.193,0.193,0.205,0.261,0.269,0.264,0.146,0.146,0.14
43.5,1.231,1.256,1.242,0.746,0.731,0.754,1.12,1.139,1.126,1.076,1.079,1.053,1.144,1.149,1.2,0.723,0.735,0.646,1.044,1.021,1.048,1.025,1.09,1.087,1.216,1.117,1.097,0.741,0.676,0.758,1.04,1.021,1.012,1.056,1.074,1.057,1.079,0.992,1.077,0.535,0.659,0.576,0.982,1.011,0.979,0.989,0.95,0.991,1.14,1.175,1.131,0.202,0.222,0.222,0.292,0.275,0.277,0.175,0.181,0.196,1.134,1.146,1.165,0.21,0.238,0.217,0.29,0.286,0.278,0.144,0.144,0.148,1.126,1.141,1.146,0.197,0.203,0.21,0.254,0.254,0.264,0.14,0.145,0.149,1.169,1.121,1.13,0.193,0.193,0.204,0.26,0.268,0.264,0.145,0.146,0.14
44,1.234,1.259,1.245,0.752,0.735,0.753,1.118,1.142,1.129,1.078,1.08,1.056,1.146,1.149,1.202,0.728,0.737,0.648,1.049,1.025,1.052,1.027,1.091,1.089,1.221,1.117,1.097,0.742,0.678,0.758,1.043,1.023,1.014,1.054,1.073,1.053,1.078,0.992,1.079,0.537,0.66,0.578,0.983,1.011,0.981,0.989,0.953,0.993,1.139,1.177,1.131,0.202,0.222,0.222,0.291,0.274,0.28,0.178,0.184,0.194,1.134,1.146,1.164,0.211,0.237,0.217,0.29,0.286,0.278,0.144,0.144,0.148,1.124,1.14,1.145,0.196,0.203,0.211,0.253,0.254,0.263,0.14,0.145,0.148,1.169,1.121,1.129,0.193,0.193,0.204,0.259,0.268,0.264,0.145,0.146,0.14
44.5,1.238,1.263,1.248,0.756,0.738,0.759,1.12,1.143,1.13,1.08,1.081,1.058,1.15,1.153,1.206,0.735,0.742,0.654,1.05,1.027,1.053,1.028,1.093,1.09,1.22,1.121,1.098,0.745,0.681,0.761,1.043,1.024,1.015,1.059,1.075,1.056,1.078,0.993,1.077,0.537,0.661,0.581,0.985,1.01,0.981,0.994,0.954,0.996,1.138,1.175,1.13,0.201,0.221,0.223,0.292,0.275,0.276,0.181,0.187,0.192,1.132,1.144,1.163,0.211,0.239,0.218,0.289,0.285,0.278,0.144,0.144,0.148,1.123,1.139,1.144,0.196,0.204,0.211,0.253,0.255,0.263,0.14,0.145,0.148,1.169,1.12,1.128,0.192,0.193,0.203,0.259,0.268,0.263,0.145,0.146,0.14
45,1.24,1.264,1.251,0.76,0.742,0.763,1.12,1.142,1.13,1.08,1.083,1.059,1.152,1.153,1.208,0.74,0.746,0.656,1.051,1.028,1.055,1.03,1.094,1.092,1.22,1.121,1.099,0.746,0.684,0.763,1.044,1.024,1.015,1.057,1.076,1.055,1.079,0.993,1.079,0.54,0.663,0.581,0.984,1.01,0.982,0.992,0.957,0.998,1.137,1.175,1.129,0.201,0.221,0.223,0.29,0.275,0.277,0.184,0.19,0.19,1.131,1.144,1.162,0.211,0.239,0.218,0.288,0.284,0.277,0.144,0.144,0.148,1.122,1.138,1.144,0.196,0.203,0.21,0.254,0.255,0.263,0.14,0.145,0.148,1.168,1.119,1.128,0.192,0.192,0.203,0.258,0.267,0.263,0.145,0.146,0.14
45.5,1.242,1.265,1.253,0.763,0.743,0.766,1.122,1.143,1.13,1.081,1.084,1.061,1.155,1.157,1.212,0.744,0.752,0.66,1.052,1.029,1.055,1.032,1.096,1.093,1.221,1.122,1.102,0.749,0.687,0.765,1.044,1.025,1.015,1.06,1.077,1.058,1.079,0.995,1.08,0.541,0.664,0.583,0.985,1.01,0.982,0.993,0.96,1,1.136,1.172,1.127,0.201,0.219,0.223,0.291,0.275,0.274,0.187,0.193,0.189,1.13,1.143,1.161,0.211,0.238,0.218,0.288,0.284,0.277,0.144,0.144,0.148,1.121,1.137,1.142,0.196,0.204,0.21,0.253,0.254,0.261,0.14,0.145,0.148,1.168,1.118,1.127,0.192,0.192,0.203,0.257,0.267,0.261,0.145,0.146,0.14
46,1.244,1.267,1.255,0.767,0.744,0.77,1.123,1.143,1.131,1.081,1.085,1.063,1.157,1.159,1.214,0.748,0.753,0.661,1.054,1.031,1.057,1.034,1.099,1.097,1.222,1.123,1.103,0.75,0.689,0.767,1.044,1.025,1.016,1.064,1.079,1.059,1.081,0.996,1.08,0.543,0.667,0.585,0.986,1.009,0.982,0.995,0.962,1.003,1.135,1.173,1.126,0.201,0.219,0.223,0.289,0.274,0.276,0.19,0.196,0.188,1.129,1.142,1.16,0.211,0.238,0.218,0.288,0.284,0.277,0.144,0.144,0.148,1.12,1.136,1.141,0.196,0.204,0.211,0.252,0.255,0.261,0.14,0.145,0.148,1.167,1.117,1.125,0.191,0.192,0.202,0.256,0.266,0.26,0.145,0.146,0.14
46.5,1.248,1.271,1.258,0.77,0.747,0.775,1.124,1.143,1.131,1.083,1.086,1.065,1.162,1.162,1.218,0.752,0.758,0.661,1.055,1.032,1.059,1.034,1.101,1.099,1.226,1.127,1.105,0.754,0.693,0.768,1.046,1.026,1.016,1.066,1.082,1.065,1.08,0.997,1.083,0.544,0.669,0.586,0.987,1.01,0.983,0.997,0.963,1.004,1.135,1.171,1.125,0.201,0.22,0.224,0.289,0.275,0.275,0.193,0.199,0.186,1.128,1.141,1.159,0.211,0.239,0.218,0.288,0.284,0.276,0.144,0.144,0.148,1.119,1.134,1.14,0.195,0.204,0.211,0.252,0.255,0.261,0.14,0.145,0.148,1.167,1.116,1.125,0.191,0.191,0.202,0.256,0.265,0.26,0.145,0.146,0.14
47,1.249,1.274,1.26,0.773,0.751,0.78,1.126,1.143,1.131,1.083,1.088,1.068,1.163,1.165,1.224,0.758,0.764,0.666,1.056,1.032,1.059,1.036,1.103,1.101,1.225,1.131,1.107,0.755,0.695,0.771,1.046,1.027,1.017,1.067,1.085,1.067,1.08,0.998,1.084,0.546,0.67,0.588,0.987,1.01,0.984,1,0.964,1.007,1.133,1.171,1.124,0.201,0.219,0.224,0.287,0.275,0.276,0.196,0.202,0.185,1.127,1.14,1.158,0.211,0.24,0.219,0.288,0.283,0.276,0.144,0.144,0.148,1.118,1.134,1.139,0.195,0.203,0.21,0.25,0.255,0.26,0.14,0.144,0.148,1.166,1.115,1.123,0.191,0.191,0.202,0.255,0.265,0.259,0.145,0.145,0.139
47.5,1.252,1.277,1.262,0.776,0.752,0.782,1.126,1.145,1.132,1.085,1.091,1.069,1.165,1.166,1.226,0.76,0.766,0.668,1.057,1.033,1.061,1.039,1.107,1.105,1.225,1.133,1.108,0.757,0.697,0.772,1.047,1.028,1.017,1.07,1.087,1.067,1.08,0.998,1.085,0.547,0.671,0.59,0.988,1.011,0.985,1.003,0.964,1.009,1.133,1.169,1.123,0.201,0.219,0.225,0.287,0.274,0.276,0.2,0.206,0.184,1.126,1.14,1.157,0.212,0.239,0.219,0.288,0.284,0.276,0.144,0.144,0.148,1.117,1.133,1.138,0.195,0.203,0.211,0.25,0.255,0.259,0.14,0.145,0.148,1.166,1.114,1.123,0.191,0.191,0.201,0.255,0.265,0.258,0.145,0.145,0.139
48,1.256,1.277,1.265,0.78,0.755,0.784,1.126,1.146,1.133,1.088,1.093,1.071,1.168,1.168,1.226,0.762,0.769,0.669,1.059,1.036,1.062,1.039,1.109,1.106,1.228,1.134,1.111,0.76,0.701,0.773,1.048,1.028,1.018,1.071,1.088,1.069,1.081,0.998,1.086,0.548,0.672,0.593,0.989,1.01,0.986,1.004,0.965,1.01,1.131,1.168,1.122,0.2,0.219,0.225,0.287,0.274,0.276,0.203,0.209,0.183,1.125,1.139,1.156,0.212,0.24,0.219,0.287,0.283,0.275,0.144,0.144,0.147,1.116,1.132,1.136,0.195,0.203,0.21,0.25,0.255,0.258,0.14,0.144,0.148,1.166,1.113,1.121,0.19,0.19,0.201,0.254,0.265,0.258,0.145,0.145,0.139
