,Strain,Hypophosphite,OD600,Hours,Delta OD600
0,L. crispatus ATCC33197,0 mM,0.222,0.0,0.0
1,L. crispatus ATCC33197,0 mM,0.228,0.5,0.006000000000000005
2,L. crispatus ATCC33197,0 mM,0.238,1.0,0.015999999999999986
3,L. crispatus ATCC33197,0 mM,0.252,1.5,0.03
4,L. crispatus ATCC33197,0 mM,0.262,2.0,0.04000000000000001
5,L. crispatus ATCC33197,0 mM,0.257,2.5,0.035
6,L. crispatus ATCC33197,0 mM,0.275,3.0,0.05300000000000002
7,L. crispatus ATCC33197,0 mM,0.302,3.5,0.07999999999999999
8,L. crispatus ATCC33197,0 mM,0.301,4.0,0.07899999999999999
9,L. crispatus ATCC33197,0 mM,0.316,4.5,0.094
10,L. crispatus ATCC33197,0 mM,0.333,5.0,0.11100000000000002
11,L. crispatus ATCC33197,0 mM,0.353,5.5,0.13099999999999998
12,L. crispatus ATCC33197,0 mM,0.375,6.0,0.153
13,L. crispatus ATCC33197,0 mM,0.401,6.5,0.17900000000000002
14,L. crispatus ATCC33197,0 mM,0.43,7.0,0.208
15,L. crispatus ATCC33197,0 mM,0.464,7.5,0.24200000000000002
16,L. crispatus ATCC33197,0 mM,0.505,8.0,0.28300000000000003
17,L. crispatus ATCC33197,0 mM,0.545,8.5,0.32300000000000006
18,L. crispatus ATCC33197,0 mM,0.583,9.0,0.361
19,L. crispatus ATCC33197,0 mM,0.615,9.5,0.393
20,L. crispatus ATCC33197,0 mM,0.645,10.0,0.42300000000000004
21,L. crispatus ATCC33197,0 mM,0.673,10.5,0.45100000000000007
22,L. crispatus ATCC33197,0 mM,0.701,11.0,0.479
23,L. crispatus ATCC33197,0 mM,0.73,11.5,0.508
24,L. crispatus ATCC33197,0 mM,0.761,12.0,0.539
25,L. crispatus ATCC33197,0 mM,0.791,12.5,0.5690000000000001
26,L. crispatus ATCC33197,0 mM,0.819,13.0,0.597
27,L. crispatus ATCC33197,0 mM,0.843,13.5,0.621
28,L. crispatus ATCC33197,0 mM,0.866,14.0,0.644
29,L. crispatus ATCC33197,0 mM,0.884,14.5,0.662
30,L. crispatus ATCC33197,0 mM,0.901,15.0,0.679
31,L. crispatus ATCC33197,0 mM,0.919,15.5,0.6970000000000001
32,L. crispatus ATCC33197,0 mM,0.934,16.0,0.7120000000000001
33,L. crispatus ATCC33197,0 mM,0.947,16.5,0.725
34,L. crispatus ATCC33197,0 mM,0.96,17.0,0.738
35,L. crispatus ATCC33197,0 mM,0.969,17.5,0.747
36,L. crispatus ATCC33197,0 mM,0.982,18.0,0.76
37,L. crispatus ATCC33197,0 mM,0.995,18.5,0.773
38,L. crispatus ATCC33197,0 mM,1.005,19.0,0.7829999999999999
39,L. crispatus ATCC33197,0 mM,1.015,19.5,0.7929999999999999
40,L. crispatus ATCC33197,0 mM,1.015,20.0,0.7929999999999999
41,L. crispatus ATCC33197,0 mM,1.021,20.5,0.7989999999999999
42,L. crispatus ATCC33197,0 mM,1.022,21.0,0.8
43,L. crispatus ATCC33197,0 mM,1.025,21.5,0.8029999999999999
44,L. crispatus ATCC33197,0 mM,1.02,22.0,0.798
45,L. crispatus ATCC33197,0 mM,1.024,22.5,0.802
46,L. crispatus ATCC33197,0 mM,1.02,23.0,0.798
47,L. crispatus ATCC33197,0 mM,1.022,23.5,0.8
48,L. crispatus ATCC33197,0 mM,1.022,24.0,0.8
49,L. crispatus ATCC33197,0 mM,1.022,24.5,0.8
50,L. crispatus ATCC33197,0 mM,1.022,25.0,0.8
51,L. crispatus ATCC33197,0 mM,1.023,25.5,0.8009999999999999
52,L. crispatus ATCC33197,0 mM,1.023,26.0,0.8009999999999999
53,L. crispatus ATCC33197,0 mM,1.024,26.5,0.802
54,L. crispatus ATCC33197,0 mM,1.026,27.0,0.804
55,L. crispatus ATCC33197,0 mM,1.026,27.5,0.804
56,L. crispatus ATCC33197,0 mM,1.028,28.0,0.806
57,L. crispatus ATCC33197,0 mM,1.028,28.5,0.806
58,L. crispatus ATCC33197,0 mM,1.028,29.0,0.806
59,L. crispatus ATCC33197,0 mM,1.028,29.5,0.806
60,L. crispatus ATCC33197,0 mM,1.029,30.0,0.8069999999999999
61,L. crispatus ATCC33197,0 mM,1.029,30.5,0.8069999999999999
62,L. crispatus ATCC33197,0 mM,1.03,31.0,0.808
63,L. crispatus ATCC33197,0 mM,1.029,31.5,0.8069999999999999
64,L. crispatus ATCC33197,0 mM,1.03,32.0,0.808
65,L. crispatus ATCC33197,0 mM,1.029,32.5,0.8069999999999999
66,L. crispatus ATCC33197,0 mM,1.029,33.0,0.8069999999999999
67,L. crispatus ATCC33197,0 mM,1.029,33.5,0.8069999999999999
68,L. crispatus ATCC33197,0 mM,1.03,34.0,0.808
69,L. crispatus ATCC33197,0 mM,1.03,34.5,0.808
70,L. crispatus ATCC33197,0 mM,1.03,35.0,0.808
71,L. crispatus ATCC33197,0 mM,1.029,35.5,0.8069999999999999
72,L. crispatus ATCC33197,0 mM,1.03,36.0,0.808
73,L. crispatus ATCC33197,0 mM,1.031,36.5,0.8089999999999999
74,L. crispatus ATCC33197,0 mM,1.031,37.0,0.8089999999999999
75,L. crispatus ATCC33197,0 mM,1.032,37.5,0.81
76,L. crispatus ATCC33197,0 mM,1.033,38.0,0.8109999999999999
77,L. crispatus ATCC33197,0 mM,1.034,38.5,0.812
78,L. crispatus ATCC33197,0 mM,1.033,39.0,0.8109999999999999
79,L. crispatus ATCC33197,0 mM,1.035,39.5,0.813
80,L. crispatus ATCC33197,0 mM,1.037,40.0,0.815
81,L. crispatus ATCC33197,0 mM,1.037,40.5,0.815
82,L. crispatus ATCC33197,0 mM,1.037,41.0,0.815
83,L. crispatus ATCC33197,0 mM,1.038,41.5,0.8160000000000001
84,L. crispatus ATCC33197,0 mM,1.039,42.0,0.817
85,L. crispatus ATCC33197,0 mM,1.041,42.5,0.819
86,L. crispatus ATCC33197,0 mM,1.041,43.0,0.819
87,L. crispatus ATCC33197,0 mM,1.042,43.5,0.8200000000000001
88,L. crispatus ATCC33197,0 mM,1.043,44.0,0.821
89,L. crispatus ATCC33197,0 mM,1.044,44.5,0.8220000000000001
90,L. crispatus ATCC33197,0 mM,1.043,45.0,0.821
91,L. crispatus ATCC33197,0 mM,1.044,45.5,0.8220000000000001
92,L. crispatus ATCC33197,0 mM,1.046,46.0,0.8240000000000001
93,L. crispatus ATCC33197,0 mM,1.046,46.5,0.8240000000000001
94,L. crispatus ATCC33197,0 mM,1.047,47.0,0.825
95,L. crispatus ATCC33197,0 mM,1.048,47.5,0.8260000000000001
96,L. crispatus ATCC33197,0 mM,1.048,48.0,0.8260000000000001
97,L. crispatus ATCC33197,0 mM,0.203,0.0,0.0
98,L. crispatus ATCC33197,0 mM,0.228,0.5,0.024999999999999994
99,L. crispatus ATCC33197,0 mM,0.238,1.0,0.034999999999999976
100,L. crispatus ATCC33197,0 mM,0.268,1.5,0.065
101,L. crispatus ATCC33197,0 mM,0.251,2.0,0.04799999999999999
102,L. crispatus ATCC33197,0 mM,0.263,2.5,0.06
103,L. crispatus ATCC33197,0 mM,0.279,3.0,0.07600000000000001
104,L. crispatus ATCC33197,0 mM,0.285,3.5,0.08199999999999996
105,L. crispatus ATCC33197,0 mM,0.302,4.0,0.09899999999999998
106,L. crispatus ATCC33197,0 mM,0.317,4.5,0.11399999999999999
107,L. crispatus ATCC33197,0 mM,0.333,5.0,0.13
108,L. crispatus ATCC33197,0 mM,0.352,5.5,0.14899999999999997
109,L. crispatus ATCC33197,0 mM,0.371,6.0,0.16799999999999998
110,L. crispatus ATCC33197,0 mM,0.397,6.5,0.194
111,L. crispatus ATCC33197,0 mM,0.426,7.0,0.22299999999999998
112,L. crispatus ATCC33197,0 mM,0.459,7.5,0.256
113,L. crispatus ATCC33197,0 mM,0.498,8.0,0.295
114,L. crispatus ATCC33197,0 mM,0.539,8.5,0.336
115,L. crispatus ATCC33197,0 mM,0.577,9.0,0.37399999999999994
116,L. crispatus ATCC33197,0 mM,0.611,9.5,0.408
117,L. crispatus ATCC33197,0 mM,0.639,10.0,0.436
118,L. crispatus ATCC33197,0 mM,0.669,10.5,0.466
119,L. crispatus ATCC33197,0 mM,0.695,11.0,0.49199999999999994
120,L. crispatus ATCC33197,0 mM,0.725,11.5,0.522
121,L. crispatus ATCC33197,0 mM,0.757,12.0,0.554
122,L. crispatus ATCC33197,0 mM,0.788,12.5,0.585
123,L. crispatus ATCC33197,0 mM,0.814,13.0,0.611
124,L. crispatus ATCC33197,0 mM,0.838,13.5,0.635
125,L. crispatus ATCC33197,0 mM,0.859,14.0,0.6559999999999999
126,L. crispatus ATCC33197,0 mM,0.877,14.5,0.6739999999999999
127,L. crispatus ATCC33197,0 mM,0.895,15.0,0.692
128,L. crispatus ATCC33197,0 mM,0.913,15.5,0.71
129,L. crispatus ATCC33197,0 mM,0.929,16.0,0.726
130,L. crispatus ATCC33197,0 mM,0.943,16.5,0.74
131,L. crispatus ATCC33197,0 mM,0.952,17.0,0.7489999999999999
132,L. crispatus ATCC33197,0 mM,0.965,17.5,0.762
133,L. crispatus ATCC33197,0 mM,0.975,18.0,0.772
134,L. crispatus ATCC33197,0 mM,0.987,18.5,0.784
135,L. crispatus ATCC33197,0 mM,1.0,19.0,0.7969999999999999
136,L. crispatus ATCC33197,0 mM,1.008,19.5,0.8049999999999999
137,L. crispatus ATCC33197,0 mM,1.016,20.0,0.813
138,L. crispatus ATCC33197,0 mM,1.02,20.5,0.817
139,L. crispatus ATCC33197,0 mM,1.02,21.0,0.817
140,L. crispatus ATCC33197,0 mM,1.022,21.5,0.819
141,L. crispatus ATCC33197,0 mM,1.022,22.0,0.819
142,L. crispatus ATCC33197,0 mM,1.023,22.5,0.8199999999999998
143,L. crispatus ATCC33197,0 mM,1.02,23.0,0.817
144,L. crispatus ATCC33197,0 mM,1.022,23.5,0.819
145,L. crispatus ATCC33197,0 mM,1.022,24.0,0.819
146,L. crispatus ATCC33197,0 mM,1.022,24.5,0.819
147,L. crispatus ATCC33197,0 mM,1.022,25.0,0.819
148,L. crispatus ATCC33197,0 mM,1.023,25.5,0.8199999999999998
149,L. crispatus ATCC33197,0 mM,1.023,26.0,0.8199999999999998
150,L. crispatus ATCC33197,0 mM,1.023,26.5,0.8199999999999998
151,L. crispatus ATCC33197,0 mM,1.024,27.0,0.821
152,L. crispatus ATCC33197,0 mM,1.025,27.5,0.8219999999999998
153,L. crispatus ATCC33197,0 mM,1.026,28.0,0.823
154,L. crispatus ATCC33197,0 mM,1.025,28.5,0.8219999999999998
155,L. crispatus ATCC33197,0 mM,1.027,29.0,0.8239999999999998
156,L. crispatus ATCC33197,0 mM,1.027,29.5,0.8239999999999998
157,L. crispatus ATCC33197,0 mM,1.027,30.0,0.8239999999999998
158,L. crispatus ATCC33197,0 mM,1.027,30.5,0.8239999999999998
159,L. crispatus ATCC33197,0 mM,1.027,31.0,0.8239999999999998
160,L. crispatus ATCC33197,0 mM,1.027,31.5,0.8239999999999998
161,L. crispatus ATCC33197,0 mM,1.027,32.0,0.8239999999999998
162,L. crispatus ATCC33197,0 mM,1.026,32.5,0.823
163,L. crispatus ATCC33197,0 mM,1.026,33.0,0.823
164,L. crispatus ATCC33197,0 mM,1.026,33.5,0.823
165,L. crispatus ATCC33197,0 mM,1.026,34.0,0.823
166,L. crispatus ATCC33197,0 mM,1.026,34.5,0.823
167,L. crispatus ATCC33197,0 mM,1.027,35.0,0.8239999999999998
168,L. crispatus ATCC33197,0 mM,1.026,35.5,0.823
169,L. crispatus ATCC33197,0 mM,1.028,36.0,0.825
170,L. crispatus ATCC33197,0 mM,1.028,36.5,0.825
171,L. crispatus ATCC33197,0 mM,1.028,37.0,0.825
172,L. crispatus ATCC33197,0 mM,1.029,37.5,0.8259999999999998
173,L. crispatus ATCC33197,0 mM,1.029,38.0,0.8259999999999998
174,L. crispatus ATCC33197,0 mM,1.03,38.5,0.827
175,L. crispatus ATCC33197,0 mM,1.031,39.0,0.8279999999999998
176,L. crispatus ATCC33197,0 mM,1.031,39.5,0.8279999999999998
177,L. crispatus ATCC33197,0 mM,1.032,40.0,0.829
178,L. crispatus ATCC33197,0 mM,1.032,40.5,0.829
179,L. crispatus ATCC33197,0 mM,1.034,41.0,0.831
180,L. crispatus ATCC33197,0 mM,1.035,41.5,0.8319999999999999
181,L. crispatus ATCC33197,0 mM,1.035,42.0,0.8319999999999999
182,L. crispatus ATCC33197,0 mM,1.035,42.5,0.8319999999999999
183,L. crispatus ATCC33197,0 mM,1.036,43.0,0.833
184,L. crispatus ATCC33197,0 mM,1.037,43.5,0.8339999999999999
185,L. crispatus ATCC33197,0 mM,1.039,44.0,0.8359999999999999
186,L. crispatus ATCC33197,0 mM,1.039,44.5,0.8359999999999999
187,L. crispatus ATCC33197,0 mM,1.039,45.0,0.8359999999999999
188,L. crispatus ATCC33197,0 mM,1.041,45.5,0.8379999999999999
189,L. crispatus ATCC33197,0 mM,1.041,46.0,0.8379999999999999
190,L. crispatus ATCC33197,0 mM,1.041,46.5,0.8379999999999999
191,L. crispatus ATCC33197,0 mM,1.043,47.0,0.8399999999999999
192,L. crispatus ATCC33197,0 mM,1.044,47.5,0.841
193,L. crispatus ATCC33197,0 mM,1.044,48.0,0.841
194,L. crispatus ATCC33197,0 mM,0.248,0.0,0.0
195,L. crispatus ATCC33197,0 mM,0.243,0.5,-0.0050000000000000044
196,L. crispatus ATCC33197,0 mM,0.254,1.0,0.006000000000000005
197,L. crispatus ATCC33197,0 mM,0.26,1.5,0.01200000000000001
198,L. crispatus ATCC33197,0 mM,0.275,2.0,0.027000000000000024
199,L. crispatus ATCC33197,0 mM,0.272,2.5,0.02400000000000002
200,L. crispatus ATCC33197,0 mM,0.293,3.0,0.044999999999999984
201,L. crispatus ATCC33197,0 mM,0.317,3.5,0.069
202,L. crispatus ATCC33197,0 mM,0.346,4.0,0.09799999999999998
203,L. crispatus ATCC33197,0 mM,0.367,4.5,0.119
204,L. crispatus ATCC33197,0 mM,0.395,5.0,0.14700000000000002
205,L. crispatus ATCC33197,0 mM,0.427,5.5,0.179
206,L. crispatus ATCC33197,0 mM,0.463,6.0,0.21500000000000002
207,L. crispatus ATCC33197,0 mM,0.503,6.5,0.255
208,L. crispatus ATCC33197,0 mM,0.553,7.0,0.30500000000000005
209,L. crispatus ATCC33197,0 mM,0.605,7.5,0.357
210,L. crispatus ATCC33197,0 mM,0.654,8.0,0.406
211,L. crispatus ATCC33197,0 mM,0.695,8.5,0.44699999999999995
212,L. crispatus ATCC33197,0 mM,0.731,9.0,0.483
213,L. crispatus ATCC33197,0 mM,0.763,9.5,0.515
214,L. crispatus ATCC33197,0 mM,0.8,10.0,0.552
215,L. crispatus ATCC33197,0 mM,0.833,10.5,0.585
216,L. crispatus ATCC33197,0 mM,0.865,11.0,0.617
217,L. crispatus ATCC33197,0 mM,0.892,11.5,0.644
218,L. crispatus ATCC33197,0 mM,0.922,12.0,0.674
219,L. crispatus ATCC33197,0 mM,0.944,12.5,0.696
220,L. crispatus ATCC33197,0 mM,0.965,13.0,0.717
221,L. crispatus ATCC33197,0 mM,0.985,13.5,0.737
222,L. crispatus ATCC33197,0 mM,0.999,14.0,0.751
223,L. crispatus ATCC33197,0 mM,1.014,14.5,0.766
224,L. crispatus ATCC33197,0 mM,1.027,15.0,0.7789999999999999
225,L. crispatus ATCC33197,0 mM,1.035,15.5,0.7869999999999999
226,L. crispatus ATCC33197,0 mM,1.049,16.0,0.8009999999999999
227,L. crispatus ATCC33197,0 mM,1.064,16.5,0.8160000000000001
228,L. crispatus ATCC33197,0 mM,1.071,17.0,0.823
229,L. crispatus ATCC33197,0 mM,1.073,17.5,0.825
230,L. crispatus ATCC33197,0 mM,1.081,18.0,0.833
231,L. crispatus ATCC33197,0 mM,1.077,18.5,0.829
232,L. crispatus ATCC33197,0 mM,1.079,19.0,0.831
233,L. crispatus ATCC33197,0 mM,1.075,19.5,0.827
234,L. crispatus ATCC33197,0 mM,1.076,20.0,0.8280000000000001
235,L. crispatus ATCC33197,0 mM,1.075,20.5,0.827
236,L. crispatus ATCC33197,0 mM,1.077,21.0,0.829
237,L. crispatus ATCC33197,0 mM,1.077,21.5,0.829
238,L. crispatus ATCC33197,0 mM,1.077,22.0,0.829
239,L. crispatus ATCC33197,0 mM,1.077,22.5,0.829
240,L. crispatus ATCC33197,0 mM,1.078,23.0,0.8300000000000001
241,L. crispatus ATCC33197,0 mM,1.079,23.5,0.831
242,L. crispatus ATCC33197,0 mM,1.081,24.0,0.833
243,L. crispatus ATCC33197,0 mM,1.083,24.5,0.835
244,L. crispatus ATCC33197,0 mM,1.084,25.0,0.8360000000000001
245,L. crispatus ATCC33197,0 mM,1.085,25.5,0.837
246,L. crispatus ATCC33197,0 mM,1.087,26.0,0.839
247,L. crispatus ATCC33197,0 mM,1.089,26.5,0.841
248,L. crispatus ATCC33197,0 mM,1.089,27.0,0.841
249,L. crispatus ATCC33197,0 mM,1.09,27.5,0.8420000000000001
250,L. crispatus ATCC33197,0 mM,1.091,28.0,0.843
251,L. crispatus ATCC33197,0 mM,1.091,28.5,0.843
252,L. crispatus ATCC33197,0 mM,1.091,29.0,0.843
253,L. crispatus ATCC33197,0 mM,1.091,29.5,0.843
254,L. crispatus ATCC33197,0 mM,1.091,30.0,0.843
255,L. crispatus ATCC33197,0 mM,1.091,30.5,0.843
256,L. crispatus ATCC33197,0 mM,1.091,31.0,0.843
257,L. crispatus ATCC33197,0 mM,1.09,31.5,0.8420000000000001
258,L. crispatus ATCC33197,0 mM,1.091,32.0,0.843
259,L. crispatus ATCC33197,0 mM,1.091,32.5,0.843
260,L. crispatus ATCC33197,0 mM,1.091,33.0,0.843
261,L. crispatus ATCC33197,0 mM,1.091,33.5,0.843
262,L. crispatus ATCC33197,0 mM,1.091,34.0,0.843
263,L. crispatus ATCC33197,0 mM,1.092,34.5,0.8440000000000001
264,L. crispatus ATCC33197,0 mM,1.095,35.0,0.847
265,L. crispatus ATCC33197,0 mM,1.097,35.5,0.849
266,L. crispatus ATCC33197,0 mM,1.098,36.0,0.8500000000000001
267,L. crispatus ATCC33197,0 mM,1.099,36.5,0.851
268,L. crispatus ATCC33197,0 mM,1.1,37.0,0.8520000000000001
269,L. crispatus ATCC33197,0 mM,1.103,37.5,0.855
270,L. crispatus ATCC33197,0 mM,1.103,38.0,0.855
271,L. crispatus ATCC33197,0 mM,1.102,38.5,0.8540000000000001
272,L. crispatus ATCC33197,0 mM,1.101,39.0,0.853
273,L. crispatus ATCC33197,0 mM,1.1,39.5,0.8520000000000001
274,L. crispatus ATCC33197,0 mM,1.101,40.0,0.853
275,L. crispatus ATCC33197,0 mM,1.102,40.5,0.8540000000000001
276,L. crispatus ATCC33197,0 mM,1.103,41.0,0.855
277,L. crispatus ATCC33197,0 mM,1.104,41.5,0.8560000000000001
278,L. crispatus ATCC33197,0 mM,1.105,42.0,0.857
279,L. crispatus ATCC33197,0 mM,1.105,42.5,0.857
280,L. crispatus ATCC33197,0 mM,1.105,43.0,0.857
281,L. crispatus ATCC33197,0 mM,1.105,43.5,0.857
282,L. crispatus ATCC33197,0 mM,1.108,44.0,0.8600000000000001
283,L. crispatus ATCC33197,0 mM,1.103,44.5,0.855
284,L. crispatus ATCC33197,0 mM,1.103,45.0,0.855
285,L. crispatus ATCC33197,0 mM,1.107,45.5,0.859
286,L. crispatus ATCC33197,0 mM,1.104,46.0,0.8560000000000001
287,L. crispatus ATCC33197,0 mM,1.104,46.5,0.8560000000000001
288,L. crispatus ATCC33197,0 mM,1.104,47.0,0.8560000000000001
289,L. crispatus ATCC33197,0 mM,1.106,47.5,0.8580000000000001
290,L. crispatus ATCC33197,0 mM,1.107,48.0,0.859
291,L. crispatus ATCC33197,1 mM,0.241,0.0,0.0
292,L. crispatus ATCC33197,1 mM,0.242,0.5,0.0010000000000000009
293,L. crispatus ATCC33197,1 mM,0.239,1.0,-0.0020000000000000018
294,L. crispatus ATCC33197,1 mM,0.242,1.5,0.0010000000000000009
295,L. crispatus ATCC33197,1 mM,0.254,2.0,0.013000000000000012
296,L. crispatus ATCC33197,1 mM,0.27,2.5,0.029000000000000026
297,L. crispatus ATCC33197,1 mM,0.284,3.0,0.04299999999999998
298,L. crispatus ATCC33197,1 mM,0.304,3.5,0.063
299,L. crispatus ATCC33197,1 mM,0.333,4.0,0.09200000000000003
300,L. crispatus ATCC33197,1 mM,0.337,4.5,0.09600000000000003
301,L. crispatus ATCC33197,1 mM,0.35,5.0,0.10899999999999999
302,L. crispatus ATCC33197,1 mM,0.37,5.5,0.129
303,L. crispatus ATCC33197,1 mM,0.387,6.0,0.14600000000000002
304,L. crispatus ATCC33197,1 mM,0.41,6.5,0.16899999999999998
305,L. crispatus ATCC33197,1 mM,0.434,7.0,0.193
306,L. crispatus ATCC33197,1 mM,0.46,7.5,0.21900000000000003
307,L. crispatus ATCC33197,1 mM,0.507,8.0,0.266
308,L. crispatus ATCC33197,1 mM,0.542,8.5,0.30100000000000005
309,L. crispatus ATCC33197,1 mM,0.581,9.0,0.33999999999999997
310,L. crispatus ATCC33197,1 mM,0.62,9.5,0.379
311,L. crispatus ATCC33197,1 mM,0.654,10.0,0.41300000000000003
312,L. crispatus ATCC33197,1 mM,0.685,10.5,0.44400000000000006
313,L. crispatus ATCC33197,1 mM,0.714,11.0,0.473
314,L. crispatus ATCC33197,1 mM,0.746,11.5,0.505
315,L. crispatus ATCC33197,1 mM,0.777,12.0,0.536
316,L. crispatus ATCC33197,1 mM,0.81,12.5,0.5690000000000001
317,L. crispatus ATCC33197,1 mM,0.839,13.0,0.598
318,L. crispatus ATCC33197,1 mM,0.867,13.5,0.626
319,L. crispatus ATCC33197,1 mM,0.891,14.0,0.65
320,L. crispatus ATCC33197,1 mM,0.914,14.5,0.673
321,L. crispatus ATCC33197,1 mM,0.932,15.0,0.6910000000000001
322,L. crispatus ATCC33197,1 mM,0.951,15.5,0.71
323,L. crispatus ATCC33197,1 mM,0.967,16.0,0.726
324,L. crispatus ATCC33197,1 mM,0.981,16.5,0.74
325,L. crispatus ATCC33197,1 mM,0.995,17.0,0.754
326,L. crispatus ATCC33197,1 mM,1.01,17.5,0.769
327,L. crispatus ATCC33197,1 mM,1.022,18.0,0.781
328,L. crispatus ATCC33197,1 mM,1.034,18.5,0.793
329,L. crispatus ATCC33197,1 mM,1.043,19.0,0.8019999999999999
330,L. crispatus ATCC33197,1 mM,1.051,19.5,0.8099999999999999
331,L. crispatus ATCC33197,1 mM,1.059,20.0,0.818
332,L. crispatus ATCC33197,1 mM,1.067,20.5,0.826
333,L. crispatus ATCC33197,1 mM,1.069,21.0,0.828
334,L. crispatus ATCC33197,1 mM,1.071,21.5,0.83
335,L. crispatus ATCC33197,1 mM,1.071,22.0,0.83
336,L. crispatus ATCC33197,1 mM,1.071,22.5,0.83
337,L. crispatus ATCC33197,1 mM,1.071,23.0,0.83
338,L. crispatus ATCC33197,1 mM,1.071,23.5,0.83
339,L. crispatus ATCC33197,1 mM,1.07,24.0,0.8290000000000001
340,L. crispatus ATCC33197,1 mM,1.071,24.5,0.83
341,L. crispatus ATCC33197,1 mM,1.071,25.0,0.83
342,L. crispatus ATCC33197,1 mM,1.071,25.5,0.83
343,L. crispatus ATCC33197,1 mM,1.071,26.0,0.83
344,L. crispatus ATCC33197,1 mM,1.072,26.5,0.8310000000000001
345,L. crispatus ATCC33197,1 mM,1.073,27.0,0.832
346,L. crispatus ATCC33197,1 mM,1.073,27.5,0.832
347,L. crispatus ATCC33197,1 mM,1.075,28.0,0.834
348,L. crispatus ATCC33197,1 mM,1.075,28.5,0.834
349,L. crispatus ATCC33197,1 mM,1.075,29.0,0.834
350,L. crispatus ATCC33197,1 mM,1.075,29.5,0.834
351,L. crispatus ATCC33197,1 mM,1.075,30.0,0.834
352,L. crispatus ATCC33197,1 mM,1.075,30.5,0.834
353,L. crispatus ATCC33197,1 mM,1.076,31.0,0.8350000000000001
354,L. crispatus ATCC33197,1 mM,1.076,31.5,0.8350000000000001
355,L. crispatus ATCC33197,1 mM,1.076,32.0,0.8350000000000001
356,L. crispatus ATCC33197,1 mM,1.075,32.5,0.834
357,L. crispatus ATCC33197,1 mM,1.076,33.0,0.8350000000000001
358,L. crispatus ATCC33197,1 mM,1.075,33.5,0.834
359,L. crispatus ATCC33197,1 mM,1.076,34.0,0.8350000000000001
360,L. crispatus ATCC33197,1 mM,1.077,34.5,0.836
361,L. crispatus ATCC33197,1 mM,1.077,35.0,0.836
362,L. crispatus ATCC33197,1 mM,1.077,35.5,0.836
363,L. crispatus ATCC33197,1 mM,1.078,36.0,0.8370000000000001
364,L. crispatus ATCC33197,1 mM,1.079,36.5,0.838
365,L. crispatus ATCC33197,1 mM,1.078,37.0,0.8370000000000001
366,L. crispatus ATCC33197,1 mM,1.08,37.5,0.8390000000000001
367,L. crispatus ATCC33197,1 mM,1.08,38.0,0.8390000000000001
368,L. crispatus ATCC33197,1 mM,1.083,38.5,0.842
369,L. crispatus ATCC33197,1 mM,1.083,39.0,0.842
370,L. crispatus ATCC33197,1 mM,1.084,39.5,0.8430000000000001
371,L. crispatus ATCC33197,1 mM,1.084,40.0,0.8430000000000001
372,L. crispatus ATCC33197,1 mM,1.084,40.5,0.8430000000000001
373,L. crispatus ATCC33197,1 mM,1.087,41.0,0.846
374,L. crispatus ATCC33197,1 mM,1.088,41.5,0.8470000000000001
375,L. crispatus ATCC33197,1 mM,1.087,42.0,0.846
376,L. crispatus ATCC33197,1 mM,1.087,42.5,0.846
377,L. crispatus ATCC33197,1 mM,1.088,43.0,0.8470000000000001
378,L. crispatus ATCC33197,1 mM,1.091,43.5,0.85
379,L. crispatus ATCC33197,1 mM,1.09,44.0,0.8490000000000001
380,L. crispatus ATCC33197,1 mM,1.089,44.5,0.848
381,L. crispatus ATCC33197,1 mM,1.091,45.0,0.85
382,L. crispatus ATCC33197,1 mM,1.091,45.5,0.85
383,L. crispatus ATCC33197,1 mM,1.092,46.0,0.8510000000000001
384,L. crispatus ATCC33197,1 mM,1.094,46.5,0.8530000000000001
385,L. crispatus ATCC33197,1 mM,1.095,47.0,0.854
386,L. crispatus ATCC33197,1 mM,1.095,47.5,0.854
387,L. crispatus ATCC33197,1 mM,1.097,48.0,0.856
388,L. crispatus ATCC33197,1 mM,0.238,0.0,0.0
389,L. crispatus ATCC33197,1 mM,0.234,0.5,-0.003999999999999976
390,L. crispatus ATCC33197,1 mM,0.232,1.0,-0.005999999999999978
391,L. crispatus ATCC33197,1 mM,0.243,1.5,0.0050000000000000044
392,L. crispatus ATCC33197,1 mM,0.252,2.0,0.014000000000000012
393,L. crispatus ATCC33197,1 mM,0.267,2.5,0.029000000000000026
394,L. crispatus ATCC33197,1 mM,0.275,3.0,0.03700000000000003
395,L. crispatus ATCC33197,1 mM,0.281,3.5,0.04300000000000004
396,L. crispatus ATCC33197,1 mM,0.307,4.0,0.069
397,L. crispatus ATCC33197,1 mM,0.311,4.5,0.07300000000000001
398,L. crispatus ATCC33197,1 mM,0.33,5.0,0.09200000000000003
399,L. crispatus ATCC33197,1 mM,0.346,5.5,0.10799999999999998
400,L. crispatus ATCC33197,1 mM,0.362,6.0,0.124
401,L. crispatus ATCC33197,1 mM,0.381,6.5,0.14300000000000002
402,L. crispatus ATCC33197,1 mM,0.406,7.0,0.16800000000000004
403,L. crispatus ATCC33197,1 mM,0.43,7.5,0.192
404,L. crispatus ATCC33197,1 mM,0.461,8.0,0.22300000000000003
405,L. crispatus ATCC33197,1 mM,0.496,8.5,0.258
406,L. crispatus ATCC33197,1 mM,0.535,9.0,0.29700000000000004
407,L. crispatus ATCC33197,1 mM,0.573,9.5,0.33499999999999996
408,L. crispatus ATCC33197,1 mM,0.607,10.0,0.369
409,L. crispatus ATCC33197,1 mM,0.638,10.5,0.4
410,L. crispatus ATCC33197,1 mM,0.664,11.0,0.42600000000000005
411,L. crispatus ATCC33197,1 mM,0.692,11.5,0.45399999999999996
412,L. crispatus ATCC33197,1 mM,0.72,12.0,0.482
413,L. crispatus ATCC33197,1 mM,0.747,12.5,0.509
414,L. crispatus ATCC33197,1 mM,0.779,13.0,0.541
415,L. crispatus ATCC33197,1 mM,0.807,13.5,0.5690000000000001
416,L. crispatus ATCC33197,1 mM,0.831,14.0,0.593
417,L. crispatus ATCC33197,1 mM,0.856,14.5,0.618
418,L. crispatus ATCC33197,1 mM,0.875,15.0,0.637
419,L. crispatus ATCC33197,1 mM,0.896,15.5,0.658
420,L. crispatus ATCC33197,1 mM,0.912,16.0,0.674
421,L. crispatus ATCC33197,1 mM,0.928,16.5,0.6900000000000001
422,L. crispatus ATCC33197,1 mM,0.943,17.0,0.705
423,L. crispatus ATCC33197,1 mM,0.957,17.5,0.719
424,L. crispatus ATCC33197,1 mM,0.97,18.0,0.732
425,L. crispatus ATCC33197,1 mM,0.979,18.5,0.741
426,L. crispatus ATCC33197,1 mM,0.992,19.0,0.754
427,L. crispatus ATCC33197,1 mM,1.002,19.5,0.764
428,L. crispatus ATCC33197,1 mM,1.01,20.0,0.772
429,L. crispatus ATCC33197,1 mM,1.018,20.5,0.78
430,L. crispatus ATCC33197,1 mM,1.026,21.0,0.788
431,L. crispatus ATCC33197,1 mM,1.028,21.5,0.79
432,L. crispatus ATCC33197,1 mM,1.033,22.0,0.7949999999999999
433,L. crispatus ATCC33197,1 mM,1.035,22.5,0.7969999999999999
434,L. crispatus ATCC33197,1 mM,1.033,23.0,0.7949999999999999
435,L. crispatus ATCC33197,1 mM,1.034,23.5,0.796
436,L. crispatus ATCC33197,1 mM,1.035,24.0,0.7969999999999999
437,L. crispatus ATCC33197,1 mM,1.036,24.5,0.798
438,L. crispatus ATCC33197,1 mM,1.035,25.0,0.7969999999999999
439,L. crispatus ATCC33197,1 mM,1.036,25.5,0.798
440,L. crispatus ATCC33197,1 mM,1.037,26.0,0.7989999999999999
441,L. crispatus ATCC33197,1 mM,1.037,26.5,0.7989999999999999
442,L. crispatus ATCC33197,1 mM,1.037,27.0,0.7989999999999999
443,L. crispatus ATCC33197,1 mM,1.038,27.5,0.8
444,L. crispatus ATCC33197,1 mM,1.039,28.0,0.8009999999999999
445,L. crispatus ATCC33197,1 mM,1.039,28.5,0.8009999999999999
446,L. crispatus ATCC33197,1 mM,1.039,29.0,0.8009999999999999
447,L. crispatus ATCC33197,1 mM,1.04,29.5,0.802
448,L. crispatus ATCC33197,1 mM,1.041,30.0,0.8029999999999999
449,L. crispatus ATCC33197,1 mM,1.04,30.5,0.802
450,L. crispatus ATCC33197,1 mM,1.04,31.0,0.802
451,L. crispatus ATCC33197,1 mM,1.04,31.5,0.802
452,L. crispatus ATCC33197,1 mM,1.04,32.0,0.802
453,L. crispatus ATCC33197,1 mM,1.039,32.5,0.8009999999999999
454,L. crispatus ATCC33197,1 mM,1.039,33.0,0.8009999999999999
455,L. crispatus ATCC33197,1 mM,1.039,33.5,0.8009999999999999
456,L. crispatus ATCC33197,1 mM,1.038,34.0,0.8
457,L. crispatus ATCC33197,1 mM,1.038,34.5,0.8
458,L. crispatus ATCC33197,1 mM,1.039,35.0,0.8009999999999999
459,L. crispatus ATCC33197,1 mM,1.039,35.5,0.8009999999999999
460,L. crispatus ATCC33197,1 mM,1.04,36.0,0.802
461,L. crispatus ATCC33197,1 mM,1.04,36.5,0.802
462,L. crispatus ATCC33197,1 mM,1.04,37.0,0.802
463,L. crispatus ATCC33197,1 mM,1.041,37.5,0.8029999999999999
464,L. crispatus ATCC33197,1 mM,1.041,38.0,0.8029999999999999
465,L. crispatus ATCC33197,1 mM,1.042,38.5,0.804
466,L. crispatus ATCC33197,1 mM,1.042,39.0,0.804
467,L. crispatus ATCC33197,1 mM,1.043,39.5,0.8049999999999999
468,L. crispatus ATCC33197,1 mM,1.043,40.0,0.8049999999999999
469,L. crispatus ATCC33197,1 mM,1.045,40.5,0.8069999999999999
470,L. crispatus ATCC33197,1 mM,1.045,41.0,0.8069999999999999
471,L. crispatus ATCC33197,1 mM,1.045,41.5,0.8069999999999999
472,L. crispatus ATCC33197,1 mM,1.045,42.0,0.8069999999999999
473,L. crispatus ATCC33197,1 mM,1.046,42.5,0.808
474,L. crispatus ATCC33197,1 mM,1.047,43.0,0.8089999999999999
475,L. crispatus ATCC33197,1 mM,1.048,43.5,0.81
476,L. crispatus ATCC33197,1 mM,1.048,44.0,0.81
477,L. crispatus ATCC33197,1 mM,1.048,44.5,0.81
478,L. crispatus ATCC33197,1 mM,1.049,45.0,0.8109999999999999
479,L. crispatus ATCC33197,1 mM,1.049,45.5,0.8109999999999999
480,L. crispatus ATCC33197,1 mM,1.051,46.0,0.813
481,L. crispatus ATCC33197,1 mM,1.051,46.5,0.813
482,L. crispatus ATCC33197,1 mM,1.05,47.0,0.812
483,L. crispatus ATCC33197,1 mM,1.051,47.5,0.813
484,L. crispatus ATCC33197,1 mM,1.052,48.0,0.8140000000000001
485,L. crispatus ATCC33197,1 mM,0.249,0.0,0.0
486,L. crispatus ATCC33197,1 mM,0.234,0.5,-0.014999999999999986
487,L. crispatus ATCC33197,1 mM,0.233,1.0,-0.015999999999999986
488,L. crispatus ATCC33197,1 mM,0.241,1.5,-0.008000000000000007
489,L. crispatus ATCC33197,1 mM,0.258,2.0,0.009000000000000008
490,L. crispatus ATCC33197,1 mM,0.271,2.5,0.02200000000000002
491,L. crispatus ATCC33197,1 mM,0.279,3.0,0.030000000000000027
492,L. crispatus ATCC33197,1 mM,0.287,3.5,0.03799999999999998
493,L. crispatus ATCC33197,1 mM,0.302,4.0,0.05299999999999999
494,L. crispatus ATCC33197,1 mM,0.317,4.5,0.068
495,L. crispatus ATCC33197,1 mM,0.331,5.0,0.08200000000000002
496,L. crispatus ATCC33197,1 mM,0.346,5.5,0.09699999999999998
497,L. crispatus ATCC33197,1 mM,0.371,6.0,0.122
498,L. crispatus ATCC33197,1 mM,0.38,6.5,0.131
499,L. crispatus ATCC33197,1 mM,0.404,7.0,0.15500000000000003
500,L. crispatus ATCC33197,1 mM,0.438,7.5,0.189
501,L. crispatus ATCC33197,1 mM,0.468,8.0,0.21900000000000003
502,L. crispatus ATCC33197,1 mM,0.503,8.5,0.254
503,L. crispatus ATCC33197,1 mM,0.545,9.0,0.29600000000000004
504,L. crispatus ATCC33197,1 mM,0.584,9.5,0.33499999999999996
505,L. crispatus ATCC33197,1 mM,0.619,10.0,0.37
506,L. crispatus ATCC33197,1 mM,0.649,10.5,0.4
507,L. crispatus ATCC33197,1 mM,0.677,11.0,0.42800000000000005
508,L. crispatus ATCC33197,1 mM,0.705,11.5,0.45599999999999996
509,L. crispatus ATCC33197,1 mM,0.733,12.0,0.484
510,L. crispatus ATCC33197,1 mM,0.765,12.5,0.516
511,L. crispatus ATCC33197,1 mM,0.795,13.0,0.546
512,L. crispatus ATCC33197,1 mM,0.822,13.5,0.573
513,L. crispatus ATCC33197,1 mM,0.848,14.0,0.599
514,L. crispatus ATCC33197,1 mM,0.869,14.5,0.62
515,L. crispatus ATCC33197,1 mM,0.888,15.0,0.639
516,L. crispatus ATCC33197,1 mM,0.906,15.5,0.657
517,L. crispatus ATCC33197,1 mM,0.922,16.0,0.673
518,L. crispatus ATCC33197,1 mM,0.938,16.5,0.689
519,L. crispatus ATCC33197,1 mM,0.948,17.0,0.699
520,L. crispatus ATCC33197,1 mM,0.961,17.5,0.712
521,L. crispatus ATCC33197,1 mM,0.972,18.0,0.723
522,L. crispatus ATCC33197,1 mM,0.98,18.5,0.731
523,L. crispatus ATCC33197,1 mM,0.994,19.0,0.745
524,L. crispatus ATCC33197,1 mM,1.002,19.5,0.753
525,L. crispatus ATCC33197,1 mM,1.011,20.0,0.7619999999999999
526,L. crispatus ATCC33197,1 mM,1.016,20.5,0.767
527,L. crispatus ATCC33197,1 mM,1.018,21.0,0.769
528,L. crispatus ATCC33197,1 mM,1.017,21.5,0.7679999999999999
529,L. crispatus ATCC33197,1 mM,1.018,22.0,0.769
530,L. crispatus ATCC33197,1 mM,1.021,22.5,0.7719999999999999
531,L. crispatus ATCC33197,1 mM,1.018,23.0,0.769
532,L. crispatus ATCC33197,1 mM,1.02,23.5,0.771
533,L. crispatus ATCC33197,1 mM,1.022,24.0,0.773
534,L. crispatus ATCC33197,1 mM,1.02,24.5,0.771
535,L. crispatus ATCC33197,1 mM,1.024,25.0,0.775
536,L. crispatus ATCC33197,1 mM,1.024,25.5,0.775
537,L. crispatus ATCC33197,1 mM,1.025,26.0,0.7759999999999999
538,L. crispatus ATCC33197,1 mM,1.027,26.5,0.7779999999999999
539,L. crispatus ATCC33197,1 mM,1.028,27.0,0.779
540,L. crispatus ATCC33197,1 mM,1.03,27.5,0.781
541,L. crispatus ATCC33197,1 mM,1.031,28.0,0.7819999999999999
542,L. crispatus ATCC33197,1 mM,1.032,28.5,0.783
543,L. crispatus ATCC33197,1 mM,1.031,29.0,0.7819999999999999
544,L. crispatus ATCC33197,1 mM,1.032,29.5,0.783
545,L. crispatus ATCC33197,1 mM,1.032,30.0,0.783
546,L. crispatus ATCC33197,1 mM,1.032,30.5,0.783
547,L. crispatus ATCC33197,1 mM,1.033,31.0,0.7839999999999999
548,L. crispatus ATCC33197,1 mM,1.033,31.5,0.7839999999999999
549,L. crispatus ATCC33197,1 mM,1.033,32.0,0.7839999999999999
550,L. crispatus ATCC33197,1 mM,1.034,32.5,0.785
551,L. crispatus ATCC33197,1 mM,1.033,33.0,0.7839999999999999
552,L. crispatus ATCC33197,1 mM,1.033,33.5,0.7839999999999999
553,L. crispatus ATCC33197,1 mM,1.033,34.0,0.7839999999999999
554,L. crispatus ATCC33197,1 mM,1.031,34.5,0.7819999999999999
555,L. crispatus ATCC33197,1 mM,1.032,35.0,0.783
556,L. crispatus ATCC33197,1 mM,1.032,35.5,0.783
557,L. crispatus ATCC33197,1 mM,1.032,36.0,0.783
558,L. crispatus ATCC33197,1 mM,1.032,36.5,0.783
559,L. crispatus ATCC33197,1 mM,1.033,37.0,0.7839999999999999
560,L. crispatus ATCC33197,1 mM,1.034,37.5,0.785
561,L. crispatus ATCC33197,1 mM,1.034,38.0,0.785
562,L. crispatus ATCC33197,1 mM,1.031,38.5,0.7819999999999999
563,L. crispatus ATCC33197,1 mM,1.031,39.0,0.7819999999999999
564,L. crispatus ATCC33197,1 mM,1.033,39.5,0.7839999999999999
565,L. crispatus ATCC33197,1 mM,1.033,40.0,0.7839999999999999
566,L. crispatus ATCC33197,1 mM,1.033,40.5,0.7839999999999999
567,L. crispatus ATCC33197,1 mM,1.03,41.0,0.781
568,L. crispatus ATCC33197,1 mM,1.029,41.5,0.7799999999999999
569,L. crispatus ATCC33197,1 mM,1.027,42.0,0.7779999999999999
570,L. crispatus ATCC33197,1 mM,1.027,42.5,0.7779999999999999
571,L. crispatus ATCC33197,1 mM,1.024,43.0,0.775
572,L. crispatus ATCC33197,1 mM,1.024,43.5,0.775
573,L. crispatus ATCC33197,1 mM,1.029,44.0,0.7799999999999999
574,L. crispatus ATCC33197,1 mM,1.026,44.5,0.777
575,L. crispatus ATCC33197,1 mM,1.024,45.0,0.775
576,L. crispatus ATCC33197,1 mM,1.028,45.5,0.779
577,L. crispatus ATCC33197,1 mM,1.03,46.0,0.781
578,L. crispatus ATCC33197,1 mM,1.028,46.5,0.779
579,L. crispatus ATCC33197,1 mM,1.03,47.0,0.781
580,L. crispatus ATCC33197,1 mM,1.032,47.5,0.783
581,L. crispatus ATCC33197,1 mM,1.033,48.0,0.7839999999999999
582,L. crispatus ATCC33197,10 mM,0.191,0.0,0.0
583,L. crispatus ATCC33197,10 mM,0.223,0.5,0.032
584,L. crispatus ATCC33197,10 mM,0.224,1.0,0.033
585,L. crispatus ATCC33197,10 mM,0.239,1.5,0.04799999999999999
586,L. crispatus ATCC33197,10 mM,0.238,2.0,0.046999999999999986
587,L. crispatus ATCC33197,10 mM,0.258,2.5,0.067
588,L. crispatus ATCC33197,10 mM,0.284,3.0,0.09299999999999997
589,L. crispatus ATCC33197,10 mM,0.321,3.5,0.13
590,L. crispatus ATCC33197,10 mM,0.351,4.0,0.15999999999999998
591,L. crispatus ATCC33197,10 mM,0.386,4.5,0.195
592,L. crispatus ATCC33197,10 mM,0.423,5.0,0.23199999999999998
593,L. crispatus ATCC33197,10 mM,0.467,5.5,0.276
594,L. crispatus ATCC33197,10 mM,0.511,6.0,0.32
595,L. crispatus ATCC33197,10 mM,0.564,6.5,0.37299999999999994
596,L. crispatus ATCC33197,10 mM,0.619,7.0,0.428
597,L. crispatus ATCC33197,10 mM,0.666,7.5,0.47500000000000003
598,L. crispatus ATCC33197,10 mM,0.704,8.0,0.5129999999999999
599,L. crispatus ATCC33197,10 mM,0.739,8.5,0.548
600,L. crispatus ATCC33197,10 mM,0.772,9.0,0.581
601,L. crispatus ATCC33197,10 mM,0.81,9.5,0.619
602,L. crispatus ATCC33197,10 mM,0.843,10.0,0.6519999999999999
603,L. crispatus ATCC33197,10 mM,0.873,10.5,0.6819999999999999
604,L. crispatus ATCC33197,10 mM,0.899,11.0,0.708
605,L. crispatus ATCC33197,10 mM,0.921,11.5,0.73
606,L. crispatus ATCC33197,10 mM,0.942,12.0,0.7509999999999999
607,L. crispatus ATCC33197,10 mM,0.962,12.5,0.7709999999999999
608,L. crispatus ATCC33197,10 mM,0.975,13.0,0.784
609,L. crispatus ATCC33197,10 mM,0.991,13.5,0.8
610,L. crispatus ATCC33197,10 mM,1.004,14.0,0.813
611,L. crispatus ATCC33197,10 mM,1.016,14.5,0.825
612,L. crispatus ATCC33197,10 mM,1.026,15.0,0.835
613,L. crispatus ATCC33197,10 mM,1.034,15.5,0.843
614,L. crispatus ATCC33197,10 mM,1.037,16.0,0.8459999999999999
615,L. crispatus ATCC33197,10 mM,1.037,16.5,0.8459999999999999
616,L. crispatus ATCC33197,10 mM,1.037,17.0,0.8459999999999999
617,L. crispatus ATCC33197,10 mM,1.035,17.5,0.8439999999999999
618,L. crispatus ATCC33197,10 mM,1.037,18.0,0.8459999999999999
619,L. crispatus ATCC33197,10 mM,1.037,18.5,0.8459999999999999
620,L. crispatus ATCC33197,10 mM,1.036,19.0,0.845
621,L. crispatus ATCC33197,10 mM,1.036,19.5,0.845
622,L. crispatus ATCC33197,10 mM,1.037,20.0,0.8459999999999999
623,L. crispatus ATCC33197,10 mM,1.036,20.5,0.845
624,L. crispatus ATCC33197,10 mM,1.038,21.0,0.847
625,L. crispatus ATCC33197,10 mM,1.04,21.5,0.849
626,L. crispatus ATCC33197,10 mM,1.041,22.0,0.8499999999999999
627,L. crispatus ATCC33197,10 mM,1.042,22.5,0.851
628,L. crispatus ATCC33197,10 mM,1.044,23.0,0.853
629,L. crispatus ATCC33197,10 mM,1.047,23.5,0.8559999999999999
630,L. crispatus ATCC33197,10 mM,1.049,24.0,0.8579999999999999
631,L. crispatus ATCC33197,10 mM,1.05,24.5,0.859
632,L. crispatus ATCC33197,10 mM,1.051,25.0,0.8599999999999999
633,L. crispatus ATCC33197,10 mM,1.054,25.5,0.863
634,L. crispatus ATCC33197,10 mM,1.054,26.0,0.863
635,L. crispatus ATCC33197,10 mM,1.057,26.5,0.8659999999999999
636,L. crispatus ATCC33197,10 mM,1.059,27.0,0.8679999999999999
637,L. crispatus ATCC33197,10 mM,1.06,27.5,0.869
638,L. crispatus ATCC33197,10 mM,1.06,28.0,0.869
639,L. crispatus ATCC33197,10 mM,1.062,28.5,0.871
640,L. crispatus ATCC33197,10 mM,1.063,29.0,0.8719999999999999
641,L. crispatus ATCC33197,10 mM,1.062,29.5,0.871
642,L. crispatus ATCC33197,10 mM,1.063,30.0,0.8719999999999999
643,L. crispatus ATCC33197,10 mM,1.064,30.5,0.873
644,L. crispatus ATCC33197,10 mM,1.064,31.0,0.873
645,L. crispatus ATCC33197,10 mM,1.064,31.5,0.873
646,L. crispatus ATCC33197,10 mM,1.065,32.0,0.8739999999999999
647,L. crispatus ATCC33197,10 mM,1.066,32.5,0.875
648,L. crispatus ATCC33197,10 mM,1.066,33.0,0.875
649,L. crispatus ATCC33197,10 mM,1.068,33.5,0.877
650,L. crispatus ATCC33197,10 mM,1.069,34.0,0.8779999999999999
651,L. crispatus ATCC33197,10 mM,1.07,34.5,0.879
652,L. crispatus ATCC33197,10 mM,1.071,35.0,0.8799999999999999
653,L. crispatus ATCC33197,10 mM,1.073,35.5,0.8819999999999999
654,L. crispatus ATCC33197,10 mM,1.074,36.0,0.883
655,L. crispatus ATCC33197,10 mM,1.075,36.5,0.8839999999999999
656,L. crispatus ATCC33197,10 mM,1.075,37.0,0.8839999999999999
657,L. crispatus ATCC33197,10 mM,1.077,37.5,0.8859999999999999
658,L. crispatus ATCC33197,10 mM,1.079,38.0,0.8879999999999999
659,L. crispatus ATCC33197,10 mM,1.08,38.5,0.889
660,L. crispatus ATCC33197,10 mM,1.079,39.0,0.8879999999999999
661,L. crispatus ATCC33197,10 mM,1.08,39.5,0.889
662,L. crispatus ATCC33197,10 mM,1.081,40.0,0.8899999999999999
663,L. crispatus ATCC33197,10 mM,1.083,40.5,0.8919999999999999
664,L. crispatus ATCC33197,10 mM,1.084,41.0,0.893
665,L. crispatus ATCC33197,10 mM,1.085,41.5,0.8939999999999999
666,L. crispatus ATCC33197,10 mM,1.084,42.0,0.893
667,L. crispatus ATCC33197,10 mM,1.085,42.5,0.8939999999999999
668,L. crispatus ATCC33197,10 mM,1.085,43.0,0.8939999999999999
669,L. crispatus ATCC33197,10 mM,1.086,43.5,0.895
670,L. crispatus ATCC33197,10 mM,1.087,44.0,0.8959999999999999
671,L. crispatus ATCC33197,10 mM,1.087,44.5,0.8959999999999999
672,L. crispatus ATCC33197,10 mM,1.087,45.0,0.8959999999999999
673,L. crispatus ATCC33197,10 mM,1.087,45.5,0.8959999999999999
674,L. crispatus ATCC33197,10 mM,1.087,46.0,0.8959999999999999
675,L. crispatus ATCC33197,10 mM,1.089,46.5,0.8979999999999999
676,L. crispatus ATCC33197,10 mM,1.089,47.0,0.8979999999999999
677,L. crispatus ATCC33197,10 mM,1.09,47.5,0.899
678,L. crispatus ATCC33197,10 mM,1.092,48.0,0.901
679,L. crispatus ATCC33197,10 mM,0.255,0.0,0.0
680,L. crispatus ATCC33197,10 mM,0.242,0.5,-0.013000000000000012
681,L. crispatus ATCC33197,10 mM,0.238,1.0,-0.017000000000000015
682,L. crispatus ATCC33197,10 mM,0.243,1.5,-0.01200000000000001
683,L. crispatus ATCC33197,10 mM,0.257,2.0,0.0020000000000000018
684,L. crispatus ATCC33197,10 mM,0.286,2.5,0.030999999999999972
685,L. crispatus ATCC33197,10 mM,0.296,3.0,0.04099999999999998
686,L. crispatus ATCC33197,10 mM,0.314,3.5,0.059
687,L. crispatus ATCC33197,10 mM,0.324,4.0,0.069
688,L. crispatus ATCC33197,10 mM,0.345,4.5,0.08999999999999997
689,L. crispatus ATCC33197,10 mM,0.364,5.0,0.10899999999999999
690,L. crispatus ATCC33197,10 mM,0.39,5.5,0.135
691,L. crispatus ATCC33197,10 mM,0.414,6.0,0.15899999999999997
692,L. crispatus ATCC33197,10 mM,0.442,6.5,0.187
693,L. crispatus ATCC33197,10 mM,0.476,7.0,0.22099999999999997
694,L. crispatus ATCC33197,10 mM,0.515,7.5,0.26
695,L. crispatus ATCC33197,10 mM,0.557,8.0,0.30200000000000005
696,L. crispatus ATCC33197,10 mM,0.598,8.5,0.34299999999999997
697,L. crispatus ATCC33197,10 mM,0.636,9.0,0.381
698,L. crispatus ATCC33197,10 mM,0.67,9.5,0.41500000000000004
699,L. crispatus ATCC33197,10 mM,0.699,10.0,0.44399999999999995
700,L. crispatus ATCC33197,10 mM,0.726,10.5,0.471
701,L. crispatus ATCC33197,10 mM,0.755,11.0,0.5
702,L. crispatus ATCC33197,10 mM,0.785,11.5,0.53
703,L. crispatus ATCC33197,10 mM,0.813,12.0,0.5579999999999999
704,L. crispatus ATCC33197,10 mM,0.838,12.5,0.583
705,L. crispatus ATCC33197,10 mM,0.863,13.0,0.608
706,L. crispatus ATCC33197,10 mM,0.883,13.5,0.628
707,L. crispatus ATCC33197,10 mM,0.904,14.0,0.649
708,L. crispatus ATCC33197,10 mM,0.92,14.5,0.665
709,L. crispatus ATCC33197,10 mM,0.937,15.0,0.682
710,L. crispatus ATCC33197,10 mM,0.953,15.5,0.698
711,L. crispatus ATCC33197,10 mM,0.966,16.0,0.711
712,L. crispatus ATCC33197,10 mM,0.979,16.5,0.724
713,L. crispatus ATCC33197,10 mM,0.991,17.0,0.736
714,L. crispatus ATCC33197,10 mM,1.002,17.5,0.747
715,L. crispatus ATCC33197,10 mM,1.013,18.0,0.7579999999999999
716,L. crispatus ATCC33197,10 mM,1.015,18.5,0.7599999999999999
717,L. crispatus ATCC33197,10 mM,1.019,19.0,0.7639999999999999
718,L. crispatus ATCC33197,10 mM,1.02,19.5,0.765
719,L. crispatus ATCC33197,10 mM,1.02,20.0,0.765
720,L. crispatus ATCC33197,10 mM,1.021,20.5,0.7659999999999999
721,L. crispatus ATCC33197,10 mM,1.022,21.0,0.767
722,L. crispatus ATCC33197,10 mM,1.02,21.5,0.765
723,L. crispatus ATCC33197,10 mM,1.02,22.0,0.765
724,L. crispatus ATCC33197,10 mM,1.02,22.5,0.765
725,L. crispatus ATCC33197,10 mM,1.02,23.0,0.765
726,L. crispatus ATCC33197,10 mM,1.02,23.5,0.765
727,L. crispatus ATCC33197,10 mM,1.02,24.0,0.765
728,L. crispatus ATCC33197,10 mM,1.019,24.5,0.7639999999999999
729,L. crispatus ATCC33197,10 mM,1.019,25.0,0.7639999999999999
730,L. crispatus ATCC33197,10 mM,1.02,25.5,0.765
731,L. crispatus ATCC33197,10 mM,1.021,26.0,0.7659999999999999
732,L. crispatus ATCC33197,10 mM,1.022,26.5,0.767
733,L. crispatus ATCC33197,10 mM,1.023,27.0,0.7679999999999999
734,L. crispatus ATCC33197,10 mM,1.024,27.5,0.769
735,L. crispatus ATCC33197,10 mM,1.023,28.0,0.7679999999999999
736,L. crispatus ATCC33197,10 mM,1.024,28.5,0.769
737,L. crispatus ATCC33197,10 mM,1.024,29.0,0.769
738,L. crispatus ATCC33197,10 mM,1.021,29.5,0.7659999999999999
739,L. crispatus ATCC33197,10 mM,1.022,30.0,0.767
740,L. crispatus ATCC33197,10 mM,1.023,30.5,0.7679999999999999
741,L. crispatus ATCC33197,10 mM,1.023,31.0,0.7679999999999999
742,L. crispatus ATCC33197,10 mM,1.022,31.5,0.767
743,L. crispatus ATCC33197,10 mM,1.022,32.0,0.767
744,L. crispatus ATCC33197,10 mM,1.022,32.5,0.767
745,L. crispatus ATCC33197,10 mM,1.022,33.0,0.767
746,L. crispatus ATCC33197,10 mM,1.023,33.5,0.7679999999999999
747,L. crispatus ATCC33197,10 mM,1.022,34.0,0.767
748,L. crispatus ATCC33197,10 mM,1.023,34.5,0.7679999999999999
749,L. crispatus ATCC33197,10 mM,1.023,35.0,0.7679999999999999
750,L. crispatus ATCC33197,10 mM,1.022,35.5,0.767
751,L. crispatus ATCC33197,10 mM,1.024,36.0,0.769
752,L. crispatus ATCC33197,10 mM,1.025,36.5,0.7699999999999999
753,L. crispatus ATCC33197,10 mM,1.024,37.0,0.769
754,L. crispatus ATCC33197,10 mM,1.026,37.5,0.771
755,L. crispatus ATCC33197,10 mM,1.026,38.0,0.771
756,L. crispatus ATCC33197,10 mM,1.027,38.5,0.7719999999999999
757,L. crispatus ATCC33197,10 mM,1.027,39.0,0.7719999999999999
758,L. crispatus ATCC33197,10 mM,1.029,39.5,0.7739999999999999
759,L. crispatus ATCC33197,10 mM,1.029,40.0,0.7739999999999999
760,L. crispatus ATCC33197,10 mM,1.029,40.5,0.7739999999999999
761,L. crispatus ATCC33197,10 mM,1.029,41.0,0.7739999999999999
762,L. crispatus ATCC33197,10 mM,1.03,41.5,0.775
763,L. crispatus ATCC33197,10 mM,1.03,42.0,0.775
764,L. crispatus ATCC33197,10 mM,1.032,42.5,0.777
765,L. crispatus ATCC33197,10 mM,1.033,43.0,0.7779999999999999
766,L. crispatus ATCC33197,10 mM,1.034,43.5,0.779
767,L. crispatus ATCC33197,10 mM,1.033,44.0,0.7779999999999999
768,L. crispatus ATCC33197,10 mM,1.034,44.5,0.779
769,L. crispatus ATCC33197,10 mM,1.034,45.0,0.779
770,L. crispatus ATCC33197,10 mM,1.035,45.5,0.7799999999999999
771,L. crispatus ATCC33197,10 mM,1.037,46.0,0.7819999999999999
772,L. crispatus ATCC33197,10 mM,1.038,46.5,0.783
773,L. crispatus ATCC33197,10 mM,1.038,47.0,0.783
774,L. crispatus ATCC33197,10 mM,1.038,47.5,0.783
775,L. crispatus ATCC33197,10 mM,1.04,48.0,0.785
776,L. crispatus ATCC33197,10 mM,0.209,0.0,0.0
777,L. crispatus ATCC33197,10 mM,0.216,0.5,0.007000000000000006
778,L. crispatus ATCC33197,10 mM,0.208,1.0,-0.0010000000000000009
779,L. crispatus ATCC33197,10 mM,0.211,1.5,0.0020000000000000018
780,L. crispatus ATCC33197,10 mM,0.224,2.0,0.015000000000000013
781,L. crispatus ATCC33197,10 mM,0.234,2.5,0.025000000000000022
782,L. crispatus ATCC33197,10 mM,0.254,3.0,0.04500000000000001
783,L. crispatus ATCC33197,10 mM,0.275,3.5,0.06600000000000003
784,L. crispatus ATCC33197,10 mM,0.303,4.0,0.094
785,L. crispatus ATCC33197,10 mM,0.329,4.5,0.12000000000000002
786,L. crispatus ATCC33197,10 mM,0.352,5.0,0.143
787,L. crispatus ATCC33197,10 mM,0.381,5.5,0.17200000000000001
788,L. crispatus ATCC33197,10 mM,0.413,6.0,0.204
789,L. crispatus ATCC33197,10 mM,0.449,6.5,0.24000000000000002
790,L. crispatus ATCC33197,10 mM,0.49,7.0,0.281
791,L. crispatus ATCC33197,10 mM,0.535,7.5,0.32600000000000007
792,L. crispatus ATCC33197,10 mM,0.582,8.0,0.373
793,L. crispatus ATCC33197,10 mM,0.625,8.5,0.41600000000000004
794,L. crispatus ATCC33197,10 mM,0.661,9.0,0.45200000000000007
795,L. crispatus ATCC33197,10 mM,0.694,9.5,0.485
796,L. crispatus ATCC33197,10 mM,0.723,10.0,0.514
797,L. crispatus ATCC33197,10 mM,0.753,10.5,0.544
798,L. crispatus ATCC33197,10 mM,0.784,11.0,0.5750000000000001
799,L. crispatus ATCC33197,10 mM,0.812,11.5,0.6030000000000001
800,L. crispatus ATCC33197,10 mM,0.84,12.0,0.631
801,L. crispatus ATCC33197,10 mM,0.865,12.5,0.656
802,L. crispatus ATCC33197,10 mM,0.889,13.0,0.68
803,L. crispatus ATCC33197,10 mM,0.91,13.5,0.7010000000000001
804,L. crispatus ATCC33197,10 mM,0.927,14.0,0.7180000000000001
805,L. crispatus ATCC33197,10 mM,0.944,14.5,0.735
806,L. crispatus ATCC33197,10 mM,0.958,15.0,0.749
807,L. crispatus ATCC33197,10 mM,0.973,15.5,0.764
808,L. crispatus ATCC33197,10 mM,0.986,16.0,0.777
809,L. crispatus ATCC33197,10 mM,0.999,16.5,0.79
810,L. crispatus ATCC33197,10 mM,1.01,17.0,0.801
811,L. crispatus ATCC33197,10 mM,1.019,17.5,0.8099999999999999
812,L. crispatus ATCC33197,10 mM,1.02,18.0,0.811
813,L. crispatus ATCC33197,10 mM,1.024,18.5,0.8150000000000001
814,L. crispatus ATCC33197,10 mM,1.022,19.0,0.8130000000000001
815,L. crispatus ATCC33197,10 mM,1.022,19.5,0.8130000000000001
816,L. crispatus ATCC33197,10 mM,1.021,20.0,0.8119999999999999
817,L. crispatus ATCC33197,10 mM,1.022,20.5,0.8130000000000001
818,L. crispatus ATCC33197,10 mM,1.023,21.0,0.814
819,L. crispatus ATCC33197,10 mM,1.022,21.5,0.8130000000000001
820,L. crispatus ATCC33197,10 mM,1.021,22.0,0.8119999999999999
821,L. crispatus ATCC33197,10 mM,1.021,22.5,0.8119999999999999
822,L. crispatus ATCC33197,10 mM,1.023,23.0,0.814
823,L. crispatus ATCC33197,10 mM,1.022,23.5,0.8130000000000001
824,L. crispatus ATCC33197,10 mM,1.025,24.0,0.816
825,L. crispatus ATCC33197,10 mM,1.026,24.5,0.8170000000000001
826,L. crispatus ATCC33197,10 mM,1.026,25.0,0.8170000000000001
827,L. crispatus ATCC33197,10 mM,1.028,25.5,0.8190000000000001
828,L. crispatus ATCC33197,10 mM,1.028,26.0,0.8190000000000001
829,L. crispatus ATCC33197,10 mM,1.03,26.5,0.8210000000000001
830,L. crispatus ATCC33197,10 mM,1.031,27.0,0.822
831,L. crispatus ATCC33197,10 mM,1.032,27.5,0.8230000000000001
832,L. crispatus ATCC33197,10 mM,1.032,28.0,0.8230000000000001
833,L. crispatus ATCC33197,10 mM,1.033,28.5,0.824
834,L. crispatus ATCC33197,10 mM,1.032,29.0,0.8230000000000001
835,L. crispatus ATCC33197,10 mM,1.033,29.5,0.824
836,L. crispatus ATCC33197,10 mM,1.034,30.0,0.8250000000000001
837,L. crispatus ATCC33197,10 mM,1.033,30.5,0.824
838,L. crispatus ATCC33197,10 mM,1.034,31.0,0.8250000000000001
839,L. crispatus ATCC33197,10 mM,1.034,31.5,0.8250000000000001
840,L. crispatus ATCC33197,10 mM,1.034,32.0,0.8250000000000001
841,L. crispatus ATCC33197,10 mM,1.034,32.5,0.8250000000000001
842,L. crispatus ATCC33197,10 mM,1.034,33.0,0.8250000000000001
843,L. crispatus ATCC33197,10 mM,1.034,33.5,0.8250000000000001
844,L. crispatus ATCC33197,10 mM,1.035,34.0,0.826
845,L. crispatus ATCC33197,10 mM,1.035,34.5,0.826
846,L. crispatus ATCC33197,10 mM,1.036,35.0,0.8270000000000001
847,L. crispatus ATCC33197,10 mM,1.036,35.5,0.8270000000000001
848,L. crispatus ATCC33197,10 mM,1.036,36.0,0.8270000000000001
849,L. crispatus ATCC33197,10 mM,1.037,36.5,0.828
850,L. crispatus ATCC33197,10 mM,1.037,37.0,0.828
851,L. crispatus ATCC33197,10 mM,1.039,37.5,0.83
852,L. crispatus ATCC33197,10 mM,1.039,38.0,0.83
853,L. crispatus ATCC33197,10 mM,1.041,38.5,0.832
854,L. crispatus ATCC33197,10 mM,1.041,39.0,0.832
855,L. crispatus ATCC33197,10 mM,1.042,39.5,0.8330000000000001
856,L. crispatus ATCC33197,10 mM,1.043,40.0,0.834
857,L. crispatus ATCC33197,10 mM,1.044,40.5,0.8350000000000001
858,L. crispatus ATCC33197,10 mM,1.045,41.0,0.836
859,L. crispatus ATCC33197,10 mM,1.044,41.5,0.8350000000000001
860,L. crispatus ATCC33197,10 mM,1.045,42.0,0.836
861,L. crispatus ATCC33197,10 mM,1.045,42.5,0.836
862,L. crispatus ATCC33197,10 mM,1.045,43.0,0.836
863,L. crispatus ATCC33197,10 mM,1.047,43.5,0.838
864,L. crispatus ATCC33197,10 mM,1.049,44.0,0.84
865,L. crispatus ATCC33197,10 mM,1.049,44.5,0.84
866,L. crispatus ATCC33197,10 mM,1.05,45.0,0.8410000000000001
867,L. crispatus ATCC33197,10 mM,1.05,45.5,0.8410000000000001
868,L. crispatus ATCC33197,10 mM,1.05,46.0,0.8410000000000001
869,L. crispatus ATCC33197,10 mM,1.051,46.5,0.842
870,L. crispatus ATCC33197,10 mM,1.052,47.0,0.8430000000000001
871,L. crispatus ATCC33197,10 mM,1.052,47.5,0.8430000000000001
872,L. crispatus ATCC33197,10 mM,1.053,48.0,0.844
873,L. crispatus ATCC33197,25 mM,0.202,0.0,0.0
874,L. crispatus ATCC33197,25 mM,0.234,0.5,0.032
875,L. crispatus ATCC33197,25 mM,0.229,1.0,0.026999999999999996
876,L. crispatus ATCC33197,25 mM,0.234,1.5,0.032
877,L. crispatus ATCC33197,25 mM,0.248,2.0,0.045999999999999985
878,L. crispatus ATCC33197,25 mM,0.273,2.5,0.07100000000000001
879,L. crispatus ATCC33197,25 mM,0.309,3.0,0.10699999999999998
880,L. crispatus ATCC33197,25 mM,0.347,3.5,0.14499999999999996
881,L. crispatus ATCC33197,25 mM,0.378,4.0,0.176
882,L. crispatus ATCC33197,25 mM,0.414,4.5,0.21199999999999997
883,L. crispatus ATCC33197,25 mM,0.457,5.0,0.255
884,L. crispatus ATCC33197,25 mM,0.499,5.5,0.297
885,L. crispatus ATCC33197,25 mM,0.545,6.0,0.343
886,L. crispatus ATCC33197,25 mM,0.601,6.5,0.39899999999999997
887,L. crispatus ATCC33197,25 mM,0.645,7.0,0.443
888,L. crispatus ATCC33197,25 mM,0.676,7.5,0.47400000000000003
889,L. crispatus ATCC33197,25 mM,0.705,8.0,0.5029999999999999
890,L. crispatus ATCC33197,25 mM,0.728,8.5,0.526
891,L. crispatus ATCC33197,25 mM,0.752,9.0,0.55
892,L. crispatus ATCC33197,25 mM,0.772,9.5,0.5700000000000001
893,L. crispatus ATCC33197,25 mM,0.798,10.0,0.5960000000000001
894,L. crispatus ATCC33197,25 mM,0.815,10.5,0.613
895,L. crispatus ATCC33197,25 mM,0.826,11.0,0.6239999999999999
896,L. crispatus ATCC33197,25 mM,0.851,11.5,0.649
897,L. crispatus ATCC33197,25 mM,0.864,12.0,0.6619999999999999
898,L. crispatus ATCC33197,25 mM,0.879,12.5,0.677
899,L. crispatus ATCC33197,25 mM,0.89,13.0,0.688
900,L. crispatus ATCC33197,25 mM,0.901,13.5,0.6990000000000001
901,L. crispatus ATCC33197,25 mM,0.902,14.0,0.7
902,L. crispatus ATCC33197,25 mM,0.902,14.5,0.7
903,L. crispatus ATCC33197,25 mM,0.896,15.0,0.694
904,L. crispatus ATCC33197,25 mM,0.897,15.5,0.6950000000000001
905,L. crispatus ATCC33197,25 mM,0.896,16.0,0.694
906,L. crispatus ATCC33197,25 mM,0.891,16.5,0.6890000000000001
907,L. crispatus ATCC33197,25 mM,0.89,17.0,0.688
908,L. crispatus ATCC33197,25 mM,0.885,17.5,0.683
909,L. crispatus ATCC33197,25 mM,0.882,18.0,0.6799999999999999
910,L. crispatus ATCC33197,25 mM,0.881,18.5,0.679
911,L. crispatus ATCC33197,25 mM,0.881,19.0,0.679
912,L. crispatus ATCC33197,25 mM,0.879,19.5,0.677
913,L. crispatus ATCC33197,25 mM,0.881,20.0,0.679
914,L. crispatus ATCC33197,25 mM,0.881,20.5,0.679
915,L. crispatus ATCC33197,25 mM,0.882,21.0,0.6799999999999999
916,L. crispatus ATCC33197,25 mM,0.886,21.5,0.6839999999999999
917,L. crispatus ATCC33197,25 mM,0.886,22.0,0.6839999999999999
918,L. crispatus ATCC33197,25 mM,0.886,22.5,0.6839999999999999
919,L. crispatus ATCC33197,25 mM,0.889,23.0,0.687
920,L. crispatus ATCC33197,25 mM,0.891,23.5,0.6890000000000001
921,L. crispatus ATCC33197,25 mM,0.893,24.0,0.6910000000000001
922,L. crispatus ATCC33197,25 mM,0.894,24.5,0.692
923,L. crispatus ATCC33197,25 mM,0.897,25.0,0.6950000000000001
924,L. crispatus ATCC33197,25 mM,0.898,25.5,0.696
925,L. crispatus ATCC33197,25 mM,0.899,26.0,0.6970000000000001
926,L. crispatus ATCC33197,25 mM,0.899,26.5,0.6970000000000001
927,L. crispatus ATCC33197,25 mM,0.9,27.0,0.698
928,L. crispatus ATCC33197,25 mM,0.9,27.5,0.698
929,L. crispatus ATCC33197,25 mM,0.901,28.0,0.6990000000000001
930,L. crispatus ATCC33197,25 mM,0.901,28.5,0.6990000000000001
931,L. crispatus ATCC33197,25 mM,0.901,29.0,0.6990000000000001
932,L. crispatus ATCC33197,25 mM,0.902,29.5,0.7
933,L. crispatus ATCC33197,25 mM,0.902,30.0,0.7
934,L. crispatus ATCC33197,25 mM,0.901,30.5,0.6990000000000001
935,L. crispatus ATCC33197,25 mM,0.901,31.0,0.6990000000000001
936,L. crispatus ATCC33197,25 mM,0.901,31.5,0.6990000000000001
937,L. crispatus ATCC33197,25 mM,0.901,32.0,0.6990000000000001
938,L. crispatus ATCC33197,25 mM,0.9,32.5,0.698
939,L. crispatus ATCC33197,25 mM,0.9,33.0,0.698
940,L. crispatus ATCC33197,25 mM,0.9,33.5,0.698
941,L. crispatus ATCC33197,25 mM,0.9,34.0,0.698
942,L. crispatus ATCC33197,25 mM,0.902,34.5,0.7
943,L. crispatus ATCC33197,25 mM,0.901,35.0,0.6990000000000001
944,L. crispatus ATCC33197,25 mM,0.902,35.5,0.7
945,L. crispatus ATCC33197,25 mM,0.903,36.0,0.7010000000000001
946,L. crispatus ATCC33197,25 mM,0.903,36.5,0.7010000000000001
947,L. crispatus ATCC33197,25 mM,0.903,37.0,0.7010000000000001
948,L. crispatus ATCC33197,25 mM,0.903,37.5,0.7010000000000001
949,L. crispatus ATCC33197,25 mM,0.904,38.0,0.702
950,L. crispatus ATCC33197,25 mM,0.904,38.5,0.702
951,L. crispatus ATCC33197,25 mM,0.905,39.0,0.7030000000000001
952,L. crispatus ATCC33197,25 mM,0.905,39.5,0.7030000000000001
953,L. crispatus ATCC33197,25 mM,0.905,40.0,0.7030000000000001
954,L. crispatus ATCC33197,25 mM,0.906,40.5,0.704
955,L. crispatus ATCC33197,25 mM,0.906,41.0,0.704
956,L. crispatus ATCC33197,25 mM,0.907,41.5,0.7050000000000001
957,L. crispatus ATCC33197,25 mM,0.907,42.0,0.7050000000000001
958,L. crispatus ATCC33197,25 mM,0.907,42.5,0.7050000000000001
959,L. crispatus ATCC33197,25 mM,0.907,43.0,0.7050000000000001
960,L. crispatus ATCC33197,25 mM,0.909,43.5,0.7070000000000001
961,L. crispatus ATCC33197,25 mM,0.908,44.0,0.706
962,L. crispatus ATCC33197,25 mM,0.908,44.5,0.706
963,L. crispatus ATCC33197,25 mM,0.908,45.0,0.706
964,L. crispatus ATCC33197,25 mM,0.909,45.5,0.7070000000000001
965,L. crispatus ATCC33197,25 mM,0.91,46.0,0.708
966,L. crispatus ATCC33197,25 mM,0.91,46.5,0.708
967,L. crispatus ATCC33197,25 mM,0.909,47.0,0.7070000000000001
968,L. crispatus ATCC33197,25 mM,0.909,47.5,0.7070000000000001
969,L. crispatus ATCC33197,25 mM,0.911,48.0,0.7090000000000001
970,L. crispatus ATCC33197,25 mM,0.252,0.0,0.0
971,L. crispatus ATCC33197,25 mM,0.243,0.5,-0.009000000000000008
972,L. crispatus ATCC33197,25 mM,0.239,1.0,-0.013000000000000012
973,L. crispatus ATCC33197,25 mM,0.249,1.5,-0.0030000000000000027
974,L. crispatus ATCC33197,25 mM,0.269,2.0,0.017000000000000015
975,L. crispatus ATCC33197,25 mM,0.271,2.5,0.019000000000000017
976,L. crispatus ATCC33197,25 mM,0.311,3.0,0.059
977,L. crispatus ATCC33197,25 mM,0.328,3.5,0.07600000000000001
978,L. crispatus ATCC33197,25 mM,0.358,4.0,0.10599999999999998
979,L. crispatus ATCC33197,25 mM,0.391,4.5,0.139
980,L. crispatus ATCC33197,25 mM,0.424,5.0,0.172
981,L. crispatus ATCC33197,25 mM,0.464,5.5,0.21200000000000002
982,L. crispatus ATCC33197,25 mM,0.504,6.0,0.252
983,L. crispatus ATCC33197,25 mM,0.547,6.5,0.29500000000000004
984,L. crispatus ATCC33197,25 mM,0.592,7.0,0.33999999999999997
985,L. crispatus ATCC33197,25 mM,0.635,7.5,0.383
986,L. crispatus ATCC33197,25 mM,0.672,8.0,0.42000000000000004
987,L. crispatus ATCC33197,25 mM,0.705,8.5,0.45299999999999996
988,L. crispatus ATCC33197,25 mM,0.733,9.0,0.481
989,L. crispatus ATCC33197,25 mM,0.76,9.5,0.508
990,L. crispatus ATCC33197,25 mM,0.784,10.0,0.532
991,L. crispatus ATCC33197,25 mM,0.809,10.5,0.557
992,L. crispatus ATCC33197,25 mM,0.831,11.0,0.579
993,L. crispatus ATCC33197,25 mM,0.855,11.5,0.603
994,L. crispatus ATCC33197,25 mM,0.876,12.0,0.624
995,L. crispatus ATCC33197,25 mM,0.895,12.5,0.643
996,L. crispatus ATCC33197,25 mM,0.91,13.0,0.658
997,L. crispatus ATCC33197,25 mM,0.926,13.5,0.674
998,L. crispatus ATCC33197,25 mM,0.943,14.0,0.691
999,L. crispatus ATCC33197,25 mM,0.954,14.5,0.702
1000,L. crispatus ATCC33197,25 mM,0.967,15.0,0.715
1001,L. crispatus ATCC33197,25 mM,0.979,15.5,0.727
1002,L. crispatus ATCC33197,25 mM,0.987,16.0,0.735
1003,L. crispatus ATCC33197,25 mM,0.988,16.5,0.736
1004,L. crispatus ATCC33197,25 mM,0.99,17.0,0.738
1005,L. crispatus ATCC33197,25 mM,0.989,17.5,0.737
1006,L. crispatus ATCC33197,25 mM,0.988,18.0,0.736
1007,L. crispatus ATCC33197,25 mM,0.987,18.5,0.735
1008,L. crispatus ATCC33197,25 mM,0.984,19.0,0.732
1009,L. crispatus ATCC33197,25 mM,0.985,19.5,0.733
1010,L. crispatus ATCC33197,25 mM,0.984,20.0,0.732
1011,L. crispatus ATCC33197,25 mM,0.983,20.5,0.731
1012,L. crispatus ATCC33197,25 mM,0.983,21.0,0.731
1013,L. crispatus ATCC33197,25 mM,0.982,21.5,0.73
1014,L. crispatus ATCC33197,25 mM,0.982,22.0,0.73
1015,L. crispatus ATCC33197,25 mM,0.983,22.5,0.731
1016,L. crispatus ATCC33197,25 mM,0.983,23.0,0.731
1017,L. crispatus ATCC33197,25 mM,0.984,23.5,0.732
1018,L. crispatus ATCC33197,25 mM,0.985,24.0,0.733
1019,L. crispatus ATCC33197,25 mM,0.987,24.5,0.735
1020,L. crispatus ATCC33197,25 mM,0.989,25.0,0.737
1021,L. crispatus ATCC33197,25 mM,0.99,25.5,0.738
1022,L. crispatus ATCC33197,25 mM,0.99,26.0,0.738
1023,L. crispatus ATCC33197,25 mM,0.991,26.5,0.739
1024,L. crispatus ATCC33197,25 mM,0.993,27.0,0.741
1025,L. crispatus ATCC33197,25 mM,0.993,27.5,0.741
1026,L. crispatus ATCC33197,25 mM,0.994,28.0,0.742
1027,L. crispatus ATCC33197,25 mM,0.993,28.5,0.741
1028,L. crispatus ATCC33197,25 mM,0.994,29.0,0.742
1029,L. crispatus ATCC33197,25 mM,0.993,29.5,0.741
1030,L. crispatus ATCC33197,25 mM,0.993,30.0,0.741
1031,L. crispatus ATCC33197,25 mM,0.993,30.5,0.741
1032,L. crispatus ATCC33197,25 mM,0.993,31.0,0.741
1033,L. crispatus ATCC33197,25 mM,0.992,31.5,0.74
1034,L. crispatus ATCC33197,25 mM,0.993,32.0,0.741
1035,L. crispatus ATCC33197,25 mM,0.993,32.5,0.741
1036,L. crispatus ATCC33197,25 mM,0.992,33.0,0.74
1037,L. crispatus ATCC33197,25 mM,0.992,33.5,0.74
1038,L. crispatus ATCC33197,25 mM,0.992,34.0,0.74
1039,L. crispatus ATCC33197,25 mM,0.993,34.5,0.741
1040,L. crispatus ATCC33197,25 mM,0.993,35.0,0.741
1041,L. crispatus ATCC33197,25 mM,0.993,35.5,0.741
1042,L. crispatus ATCC33197,25 mM,0.995,36.0,0.743
1043,L. crispatus ATCC33197,25 mM,0.996,36.5,0.744
1044,L. crispatus ATCC33197,25 mM,0.995,37.0,0.743
1045,L. crispatus ATCC33197,25 mM,0.997,37.5,0.745
1046,L. crispatus ATCC33197,25 mM,0.999,38.0,0.747
1047,L. crispatus ATCC33197,25 mM,1.0,38.5,0.748
1048,L. crispatus ATCC33197,25 mM,0.999,39.0,0.747
1049,L. crispatus ATCC33197,25 mM,1.002,39.5,0.75
1050,L. crispatus ATCC33197,25 mM,1.002,40.0,0.75
1051,L. crispatus ATCC33197,25 mM,1.004,40.5,0.752
1052,L. crispatus ATCC33197,25 mM,1.004,41.0,0.752
1053,L. crispatus ATCC33197,25 mM,1.005,41.5,0.7529999999999999
1054,L. crispatus ATCC33197,25 mM,1.005,42.0,0.7529999999999999
1055,L. crispatus ATCC33197,25 mM,1.006,42.5,0.754
1056,L. crispatus ATCC33197,25 mM,1.006,43.0,0.754
1057,L. crispatus ATCC33197,25 mM,1.006,43.5,0.754
1058,L. crispatus ATCC33197,25 mM,1.007,44.0,0.7549999999999999
1059,L. crispatus ATCC33197,25 mM,1.008,44.5,0.756
1060,L. crispatus ATCC33197,25 mM,1.008,45.0,0.756
1061,L. crispatus ATCC33197,25 mM,1.008,45.5,0.756
1062,L. crispatus ATCC33197,25 mM,1.009,46.0,0.7569999999999999
1063,L. crispatus ATCC33197,25 mM,1.01,46.5,0.758
1064,L. crispatus ATCC33197,25 mM,1.01,47.0,0.758
1065,L. crispatus ATCC33197,25 mM,1.011,47.5,0.7589999999999999
1066,L. crispatus ATCC33197,25 mM,1.011,48.0,0.7589999999999999
1067,L. crispatus ATCC33197,25 mM,0.24,0.0,0.0
1068,L. crispatus ATCC33197,25 mM,0.233,0.5,-0.0069999999999999785
1069,L. crispatus ATCC33197,25 mM,0.233,1.0,-0.0069999999999999785
1070,L. crispatus ATCC33197,25 mM,0.246,1.5,0.006000000000000005
1071,L. crispatus ATCC33197,25 mM,0.266,2.0,0.026000000000000023
1072,L. crispatus ATCC33197,25 mM,0.281,2.5,0.041000000000000036
1073,L. crispatus ATCC33197,25 mM,0.287,3.0,0.046999999999999986
1074,L. crispatus ATCC33197,25 mM,0.304,3.5,0.064
1075,L. crispatus ATCC33197,25 mM,0.331,4.0,0.09100000000000003
1076,L. crispatus ATCC33197,25 mM,0.352,4.5,0.11199999999999999
1077,L. crispatus ATCC33197,25 mM,0.382,5.0,0.14200000000000002
1078,L. crispatus ATCC33197,25 mM,0.417,5.5,0.177
1079,L. crispatus ATCC33197,25 mM,0.452,6.0,0.21200000000000002
1080,L. crispatus ATCC33197,25 mM,0.495,6.5,0.255
1081,L. crispatus ATCC33197,25 mM,0.54,7.0,0.30000000000000004
1082,L. crispatus ATCC33197,25 mM,0.584,7.5,0.344
1083,L. crispatus ATCC33197,25 mM,0.625,8.0,0.385
1084,L. crispatus ATCC33197,25 mM,0.663,8.5,0.42300000000000004
1085,L. crispatus ATCC33197,25 mM,0.694,9.0,0.45399999999999996
1086,L. crispatus ATCC33197,25 mM,0.722,9.5,0.482
1087,L. crispatus ATCC33197,25 mM,0.749,10.0,0.509
1088,L. crispatus ATCC33197,25 mM,0.775,10.5,0.535
1089,L. crispatus ATCC33197,25 mM,0.799,11.0,0.559
1090,L. crispatus ATCC33197,25 mM,0.822,11.5,0.582
1091,L. crispatus ATCC33197,25 mM,0.846,12.0,0.606
1092,L. crispatus ATCC33197,25 mM,0.862,12.5,0.622
1093,L. crispatus ATCC33197,25 mM,0.884,13.0,0.644
1094,L. crispatus ATCC33197,25 mM,0.898,13.5,0.658
1095,L. crispatus ATCC33197,25 mM,0.914,14.0,0.674
1096,L. crispatus ATCC33197,25 mM,0.928,14.5,0.6880000000000001
1097,L. crispatus ATCC33197,25 mM,0.942,15.0,0.702
1098,L. crispatus ATCC33197,25 mM,0.955,15.5,0.715
1099,L. crispatus ATCC33197,25 mM,0.961,16.0,0.721
1100,L. crispatus ATCC33197,25 mM,0.966,16.5,0.726
1101,L. crispatus ATCC33197,25 mM,0.968,17.0,0.728
1102,L. crispatus ATCC33197,25 mM,0.967,17.5,0.727
1103,L. crispatus ATCC33197,25 mM,0.968,18.0,0.728
1104,L. crispatus ATCC33197,25 mM,0.967,18.5,0.727
1105,L. crispatus ATCC33197,25 mM,0.966,19.0,0.726
1106,L. crispatus ATCC33197,25 mM,0.965,19.5,0.725
1107,L. crispatus ATCC33197,25 mM,0.964,20.0,0.724
1108,L. crispatus ATCC33197,25 mM,0.964,20.5,0.724
1109,L. crispatus ATCC33197,25 mM,0.963,21.0,0.723
1110,L. crispatus ATCC33197,25 mM,0.965,21.5,0.725
1111,L. crispatus ATCC33197,25 mM,0.965,22.0,0.725
1112,L. crispatus ATCC33197,25 mM,0.965,22.5,0.725
1113,L. crispatus ATCC33197,25 mM,0.966,23.0,0.726
1114,L. crispatus ATCC33197,25 mM,0.967,23.5,0.727
1115,L. crispatus ATCC33197,25 mM,0.968,24.0,0.728
1116,L. crispatus ATCC33197,25 mM,0.97,24.5,0.73
1117,L. crispatus ATCC33197,25 mM,0.972,25.0,0.732
1118,L. crispatus ATCC33197,25 mM,0.974,25.5,0.734
1119,L. crispatus ATCC33197,25 mM,0.974,26.0,0.734
1120,L. crispatus ATCC33197,25 mM,0.974,26.5,0.734
1121,L. crispatus ATCC33197,25 mM,0.975,27.0,0.735
1122,L. crispatus ATCC33197,25 mM,0.975,27.5,0.735
1123,L. crispatus ATCC33197,25 mM,0.976,28.0,0.736
1124,L. crispatus ATCC33197,25 mM,0.976,28.5,0.736
1125,L. crispatus ATCC33197,25 mM,0.977,29.0,0.737
1126,L. crispatus ATCC33197,25 mM,0.976,29.5,0.736
1127,L. crispatus ATCC33197,25 mM,0.976,30.0,0.736
1128,L. crispatus ATCC33197,25 mM,0.976,30.5,0.736
1129,L. crispatus ATCC33197,25 mM,0.977,31.0,0.737
1130,L. crispatus ATCC33197,25 mM,0.976,31.5,0.736
1131,L. crispatus ATCC33197,25 mM,0.977,32.0,0.737
1132,L. crispatus ATCC33197,25 mM,0.976,32.5,0.736
1133,L. crispatus ATCC33197,25 mM,0.976,33.0,0.736
1134,L. crispatus ATCC33197,25 mM,0.976,33.5,0.736
1135,L. crispatus ATCC33197,25 mM,0.977,34.0,0.737
1136,L. crispatus ATCC33197,25 mM,0.978,34.5,0.738
1137,L. crispatus ATCC33197,25 mM,0.978,35.0,0.738
1138,L. crispatus ATCC33197,25 mM,0.977,35.5,0.737
1139,L. crispatus ATCC33197,25 mM,0.978,36.0,0.738
1140,L. crispatus ATCC33197,25 mM,0.979,36.5,0.739
1141,L. crispatus ATCC33197,25 mM,0.982,37.0,0.742
1142,L. crispatus ATCC33197,25 mM,0.983,37.5,0.743
1143,L. crispatus ATCC33197,25 mM,0.983,38.0,0.743
1144,L. crispatus ATCC33197,25 mM,0.984,38.5,0.744
1145,L. crispatus ATCC33197,25 mM,0.982,39.0,0.742
1146,L. crispatus ATCC33197,25 mM,0.985,39.5,0.745
1147,L. crispatus ATCC33197,25 mM,0.987,40.0,0.747
1148,L. crispatus ATCC33197,25 mM,0.986,40.5,0.746
1149,L. crispatus ATCC33197,25 mM,0.987,41.0,0.747
1150,L. crispatus ATCC33197,25 mM,0.99,41.5,0.75
1151,L. crispatus ATCC33197,25 mM,0.988,42.0,0.748
1152,L. crispatus ATCC33197,25 mM,0.989,42.5,0.749
1153,L. crispatus ATCC33197,25 mM,0.989,43.0,0.749
1154,L. crispatus ATCC33197,25 mM,0.991,43.5,0.751
1155,L. crispatus ATCC33197,25 mM,0.991,44.0,0.751
1156,L. crispatus ATCC33197,25 mM,0.991,44.5,0.751
1157,L. crispatus ATCC33197,25 mM,0.993,45.0,0.753
1158,L. crispatus ATCC33197,25 mM,0.992,45.5,0.752
1159,L. crispatus ATCC33197,25 mM,0.994,46.0,0.754
1160,L. crispatus ATCC33197,25 mM,0.994,46.5,0.754
1161,L. crispatus ATCC33197,25 mM,0.995,47.0,0.755
1162,L. crispatus ATCC33197,25 mM,0.996,47.5,0.756
1163,L. crispatus ATCC33197,25 mM,0.996,48.0,0.756
