sp|P33221|PURT_ECOLI,NP_416363.1,100.000,392,0,0,1,392,1,392,0.0,796
sp|P33221|PURT_ECOLI,WP_000173467.1,99.490,392,2,0,1,392,1,392,0.0,793
sp|P33221|PURT_ECOLI,YP_006778833.1,99.490,392,2,0,1,392,1,392,0.0,791
sp|P33221|PURT_ECOLI,WP_114493742.1,99.235,392,3,0,1,392,1,392,0.0,790
sp|P33221|PURT_ECOLI,WP_000173471.1,99.235,392,3,0,1,392,1,392,0.0,788
sp|P33221|PURT_ECOLI,YP_002407209.1,98.724,392,5,0,1,392,1,392,0.0,788
sp|P33221|PURT_ECOLI,YP_006120210.1,98.980,392,4,0,1,392,1,392,0.0,788
sp|P33221|PURT_ECOLI,WP_000173494.1,98.214,392,7,0,1,392,1,392,0.0,781
sp|P33221|PURT_ECOLI,YP_002412869.1,97.187,391,11,0,1,391,1,391,0.0,773
sp|P33221|PURT_ECOLI,WP_065227083.1,97.194,392,11,0,1,392,1,392,0.0,771
sp|P33221|PURT_ECOLI,WP_118785194.1,65.729,391,133,1,1,390,1,391,0.0,529
sp|P33221|PURT_ECOLI,WP_118781864.1,65.473,391,134,1,1,390,1,391,0.0,528
sp|P33221|PURT_ECOLI,WP_118855676.1,65.729,391,133,1,1,390,1,391,0.0,528
sp|P33221|PURT_ECOLI,WP_111696114.1,65.473,391,134,1,1,390,1,391,0.0,528
sp|P33221|PURT_ECOLI,WP_118861521.1,64.962,391,136,1,1,390,1,391,0.0,528
sp|P33221|PURT_ECOLI,WP_118800583.1,65.729,391,133,1,1,390,1,391,0.0,528
sp|P33221|PURT_ECOLI,WP_118805913.1,65.473,391,134,1,1,390,1,391,0.0,528
sp|P33221|PURT_ECOLI,WP_134079727.1,65.217,391,135,1,1,390,1,391,0.0,528
sp|P33221|PURT_ECOLI,WP_118796348.1,65.217,391,135,1,1,390,1,391,0.0,527
sp|P33221|PURT_ECOLI,WP_118859015.1,65.217,391,135,1,1,390,1,391,0.0,527
sp|P33221|PURT_ECOLI,WP_118809203.1,65.473,391,134,1,1,390,1,391,0.0,527
sp|P33221|PURT_ECOLI,WP_046939640.1,65.217,391,135,1,1,390,1,391,0.0,527
sp|P33221|PURT_ECOLI,WP_005636153.1,65.473,391,134,1,1,390,1,391,0.0,527
sp|P33221|PURT_ECOLI,WP_005635678.1,65.473,391,134,1,1,390,1,391,0.0,527
sp|P33221|PURT_ECOLI,WP_005632661.1,65.217,391,135,1,1,390,1,391,0.0,527
sp|P33221|PURT_ECOLI,WP_005644554.1,65.473,391,134,1,1,390,1,391,0.0,527
sp|P33221|PURT_ECOLI,WP_118777119.1,65.473,391,134,1,1,390,1,391,0.0,527
sp|P33221|PURT_ECOLI,WP_114908371.1,65.217,391,135,1,1,390,1,391,0.0,527
sp|P33221|PURT_ECOLI,WP_118867922.1,65.217,391,135,1,1,390,1,391,0.0,527
sp|P33221|PURT_ECOLI,WP_046942900.1,65.473,391,134,1,1,390,1,391,0.0,527
sp|P33221|PURT_ECOLI,WP_065249825.1,64.706,391,137,1,1,390,1,391,0.0,526
sp|P33221|PURT_ECOLI,WP_118776223.1,65.217,391,135,1,1,390,1,391,0.0,526
sp|P33221|PURT_ECOLI,WP_133499287.1,65.217,391,135,1,1,390,1,391,0.0,526
sp|P33221|PURT_ECOLI,WP_118843307.1,65.217,391,135,1,1,390,1,391,0.0,526
sp|P33221|PURT_ECOLI,WP_046950450.1,65.217,391,135,1,1,390,1,391,0.0,526
sp|P33221|PURT_ECOLI,WP_114892463.1,65.217,391,135,1,1,390,1,391,0.0,525
sp|P33221|PURT_ECOLI,WP_114891259.1,65.217,391,135,1,1,390,1,391,0.0,525
sp|P33221|PURT_ECOLI,WP_118790308.1,64.962,391,136,1,1,390,1,391,0.0,525
sp|P33221|PURT_ECOLI,WP_005629398.1,64.962,391,136,1,1,390,1,391,0.0,524
sp|P33221|PURT_ECOLI,WP_118788595.1,65.217,391,135,1,1,390,1,391,0.0,523
sp|P33221|PURT_ECOLI,WP_065246473.1,64.194,391,139,1,1,390,1,391,0.0,523
sp|P33221|PURT_ECOLI,WP_118846067.1,64.962,391,136,1,1,390,1,391,0.0,523
sp|P33221|PURT_ECOLI,WP_005640879.1,64.706,391,137,1,1,390,1,391,0.0,523
sp|P33221|PURT_ECOLI,WP_118865485.1,64.706,391,137,1,1,390,1,391,0.0,522
sp|P33221|PURT_ECOLI,WP_111407803.1,63.683,391,141,1,1,390,1,391,0.0,516
sp|P33221|PURT_ECOLI,WP_053962172.1,56.709,395,162,4,4,390,10,403,3.05e-143,417
sp|P33221|PURT_ECOLI,WP_129615104.1,51.688,385,178,7,14,390,3,387,2.35e-124,368
sp|P33221|PURT_ECOLI,WP_118336881.1,51.948,385,177,7,14,390,3,387,7.78e-124,367
sp|P33221|PURT_ECOLI,WP_008765582.1,51.948,385,177,7,14,390,3,387,2.16e-123,365
sp|P33221|PURT_ECOLI,WP_117977432.1,51.688,385,178,7,14,390,3,387,3.00e-123,365
sp|P33221|PURT_ECOLI,WP_117917643.1,51.169,385,180,7,14,390,3,387,7.82e-123,364
sp|P33221|PURT_ECOLI,WP_117903970.1,51.169,385,180,7,14,390,3,387,1.57e-122,363
sp|P33221|PURT_ECOLI,WP_022104448.1,51.169,385,180,7,14,390,3,387,1.93e-122,363
sp|P33221|PURT_ECOLI,WP_005656647.1,51.169,385,180,7,14,390,3,387,2.06e-122,363
sp|P33221|PURT_ECOLI,WP_117577521.1,51.688,385,178,7,14,390,3,387,2.27e-122,363
sp|P33221|PURT_ECOLI,WP_009120825.1,51.429,385,179,7,14,390,3,387,2.62e-122,363
sp|P33221|PURT_ECOLI,WP_118323803.1,51.169,385,180,7,14,390,3,387,8.57e-122,362
sp|P33221|PURT_ECOLI,WP_070751845.1,50.649,385,182,7,14,390,3,387,7.64e-121,359
sp|P33221|PURT_ECOLI,WP_010538195.1,50.649,385,182,7,14,390,3,387,9.71e-121,359
sp|P33221|PURT_ECOLI,WP_048707624.1,48.894,407,177,6,14,391,13,417,3.51e-120,358
sp|P33221|PURT_ECOLI,WP_138336006.1,50.649,385,182,7,14,390,3,387,6.66e-120,357
sp|P33221|PURT_ECOLI,WP_055269437.1,50.390,385,183,7,14,390,3,387,1.03e-119,356
sp|P33221|PURT_ECOLI,WP_154543579.1,47.343,414,181,6,14,390,10,423,4.71e-118,353
sp|P33221|PURT_ECOLI,WP_054959616.1,53.314,347,157,5,14,355,3,349,6.80e-118,350
sp|P33221|PURT_ECOLI,WP_004009230.1,47.073,410,185,4,14,391,11,420,1.76e-116,349
sp|P33221|PURT_ECOLI,WP_004010998.1,47.073,410,185,4,14,391,11,420,2.46e-116,349
sp|P33221|PURT_ECOLI,WP_075523243.1,45.074,406,184,6,3,370,16,420,1.45e-113,342
sp|P33221|PURT_ECOLI,tr|I4M2R7|I4M2R7_GARVA,46.684,392,182,6,16,381,23,413,1.47e-113,342
sp|P33221|PURT_ECOLI,WP_019261191.1,46.717,396,184,6,16,385,23,417,1.62e-112,339
sp|P33221|PURT_ECOLI,WP_003842446.1,49.020,408,188,6,4,391,8,415,1.65e-112,339
sp|P33221|PURT_ECOLI,WP_034519168.1,49.020,408,188,6,4,391,8,415,1.73e-112,339
sp|P33221|PURT_ECOLI,WP_003836855.1,49.020,408,188,6,4,391,8,415,7.39e-112,337
sp|P33221|PURT_ECOLI,WP_102694632.1,46.212,396,186,6,16,385,23,417,7.46e-112,338
sp|P33221|PURT_ECOLI,WP_116440483.1,43.478,414,207,6,3,390,10,422,7.82e-112,337
sp|P33221|PURT_ECOLI,tr|I4LN58|I4LN58_GARVA,43.478,414,207,6,3,390,10,422,1.09e-111,337
sp|P33221|PURT_ECOLI,WP_116442780.1,43.478,414,207,6,3,390,10,422,1.71e-111,337
sp|P33221|PURT_ECOLI,WP_112928739.1,43.478,414,207,6,3,390,10,422,2.72e-111,336
sp|P33221|PURT_ECOLI,tr|D6SWY9|D6SWY9_GARVA,43.478,414,207,6,3,390,10,422,2.91e-111,336
sp|P33221|PURT_ECOLI,WP_064340634.1,43.478,414,207,6,3,390,10,422,3.42e-111,336
sp|P33221|PURT_ECOLI,tr|D6SZU3|D6SZU3_GARVA,43.478,414,207,6,3,390,10,422,4.89e-111,335
sp|P33221|PURT_ECOLI,WP_103084077.1,42.243,419,194,5,3,373,16,434,5.22e-111,336
sp|P33221|PURT_ECOLI,WP_065466901.1,48.775,408,189,6,4,391,8,415,5.39e-111,335
sp|P33221|PURT_ECOLI,tr|I4M8A9|I4M8A9_GARVA,45.918,392,185,6,16,381,23,413,6.68e-111,335
sp|P33221|PURT_ECOLI,tr|I4MD51|I4MD51_GARVA,44.938,405,196,6,3,381,10,413,7.29e-111,335
sp|P33221|PURT_ECOLI,WP_036866060.1,49.722,360,177,4,14,369,3,362,1.00e-110,333
sp|P33221|PURT_ECOLI,WP_101886090.1,43.237,414,208,6,3,390,10,422,1.23e-110,334
sp|P33221|PURT_ECOLI,WP_061450240.1,49.722,360,177,4,14,369,3,362,1.59e-110,333
sp|P33221|PURT_ECOLI,WP_064621602.1,42.995,414,209,6,3,390,10,422,2.41e-110,333
sp|P33221|PURT_ECOLI,WP_036861164.1,49.582,359,177,4,14,368,3,361,2.82e-110,332
sp|P33221|PURT_ECOLI,WP_016636801.1,44.665,403,194,6,16,390,23,424,3.91e-110,333
sp|P33221|PURT_ECOLI,WP_004337579.1,49.444,360,178,4,14,369,3,362,4.40e-110,332
sp|P33221|PURT_ECOLI,WP_004017122.1,45.205,438,181,5,14,392,11,448,5.28e-110,333
sp|P33221|PURT_ECOLI,WP_116773704.1,42.995,414,209,6,3,390,10,422,6.33e-110,333
sp|P33221|PURT_ECOLI,WP_004012942.1,45.205,438,181,5,14,392,11,448,6.71e-110,333
sp|P33221|PURT_ECOLI,WP_114990086.1,45.205,438,181,5,14,392,11,448,8.42e-110,333
sp|P33221|PURT_ECOLI,WP_004014826.1,45.205,438,181,5,14,392,11,448,1.15e-109,333
sp|P33221|PURT_ECOLI,WP_115325521.1,44.749,438,183,4,14,392,11,448,2.21e-109,332
sp|P33221|PURT_ECOLI,WP_012914354.1,42.754,414,210,6,3,390,10,422,2.28e-109,331
sp|P33221|PURT_ECOLI,WP_064347631.1,44.417,403,195,6,16,390,23,424,2.52e-109,331
sp|P33221|PURT_ECOLI,WP_036854029.1,46.736,383,197,5,13,388,2,384,4.12e-109,329
sp|P33221|PURT_ECOLI,WP_102155059.1,42.754,414,210,6,3,390,10,422,4.87e-109,330
sp|P33221|PURT_ECOLI,WP_019036652.1,47.554,368,189,4,13,376,2,369,5.47e-109,329
sp|P33221|PURT_ECOLI,WP_008448661.1,47.554,368,189,4,13,376,2,369,6.72e-109,329
sp|P33221|PURT_ECOLI,WP_116794144.1,44.924,394,190,6,3,370,10,402,8.08e-109,330
sp|P33221|PURT_ECOLI,WP_103013841.1,42.754,414,210,6,3,390,10,422,9.64e-109,330
sp|P33221|PURT_ECOLI,WP_118782631.1,44.924,394,207,5,4,390,11,401,2.28e-108,329
sp|P33221|PURT_ECOLI,WP_060932419.1,47.283,368,190,4,13,376,2,369,2.85e-108,327
sp|P33221|PURT_ECOLI,WP_004017534.1,44.064,438,186,4,14,392,11,448,3.88e-107,326
sp|P33221|PURT_ECOLI,WP_007172757.1,48.209,363,184,4,14,372,3,365,3.68e-105,319
sp|P33221|PURT_ECOLI,WP_092648573.1,48.354,395,188,5,10,390,11,403,1.81e-104,318
sp|P33221|PURT_ECOLI,WP_058236665.1,48.354,395,188,5,10,390,11,403,1.91e-104,318
sp|P33221|PURT_ECOLI,tr|I4LVX5|I4LVX5_GARVA,43.939,396,190,7,13,377,33,427,6.40e-103,315
sp|P33221|PURT_ECOLI,YP_003985977.1,43.243,407,199,7,13,388,33,438,2.06e-102,314
sp|P33221|PURT_ECOLI,tr|S4I547|S4I547_GARVA,43.829,397,191,7,12,377,32,427,2.13e-102,314
sp|P33221|PURT_ECOLI,tr|I4LF50|I4LF50_GARVA,43.489,407,198,7,13,388,33,438,3.74e-102,313
sp|P33221|PURT_ECOLI,WP_004138195.1,43.382,408,199,7,12,388,32,438,4.08e-102,313
sp|P33221|PURT_ECOLI,WP_048729837.1,42.998,407,200,7,13,388,33,438,5.12e-102,313
sp|P33221|PURT_ECOLI,WP_064623081.1,42.892,408,201,7,12,388,32,438,7.08e-102,313
sp|P33221|PURT_ECOLI,tr|S4HLB0|S4HLB0_GARVA,43.137,408,200,7,12,388,32,438,7.72e-102,312
sp|P33221|PURT_ECOLI,WP_116437761.1,43.243,407,199,7,13,388,33,438,1.45e-101,312
sp|P33221|PURT_ECOLI,tr|S4GZX2|S4GZX2_GARVA,43.243,407,199,7,13,388,33,438,1.46e-101,312
sp|P33221|PURT_ECOLI,WP_101886480.1,43.137,408,200,7,12,388,32,438,1.58e-101,311
sp|P33221|PURT_ECOLI,tr|I4LSN9|I4LSN9_GARVA,43.325,397,193,7,12,377,32,427,1.63e-101,311
sp|P33221|PURT_ECOLI,tr|I4LJG6|I4LJG6_GARVA,43.137,408,200,7,12,388,32,438,1.74e-101,311
sp|P33221|PURT_ECOLI,WP_004115013.1,43.137,408,200,7,12,388,32,438,1.83e-101,311
sp|P33221|PURT_ECOLI,WP_101887981.1,43.137,408,200,7,12,388,32,438,2.35e-101,311
sp|P33221|PURT_ECOLI,WP_019261291.1,42.892,408,201,7,12,388,32,438,3.05e-101,311
sp|P33221|PURT_ECOLI,WP_102720705.1,43.137,408,200,7,12,388,32,438,6.16e-101,310
sp|P33221|PURT_ECOLI,tr|T2PN79|T2PN79_GARVA,41.587,416,205,7,12,390,38,452,6.82e-101,310
sp|P33221|PURT_ECOLI,WP_101889282.1,41.687,415,204,7,13,390,39,452,1.22e-100,310
sp|P33221|PURT_ECOLI,WP_116692052.1,42.647,408,202,7,12,388,32,438,2.18e-100,309
sp|P33221|PURT_ECOLI,WP_014554560.1,43.137,408,200,7,12,388,32,438,2.96e-100,308
sp|P33221|PURT_ECOLI,WP_115793920.1,41.687,415,204,7,13,390,39,452,5.26e-100,308
sp|P33221|PURT_ECOLI,tr|S4J0G0|S4J0G0_GARVA,42.131,413,201,7,13,388,39,450,9.95e-100,307
sp|P33221|PURT_ECOLI,tr|U6S9J9|U6S9J9_GARVA,42.131,413,201,7,13,388,39,450,1.11e-99,307
sp|P33221|PURT_ECOLI,tr|S4GWC8|S4GWC8_GARVA,41.346,416,206,7,12,390,38,452,1.52e-99,307
sp|P33221|PURT_ECOLI,WP_116689574.1,41.404,413,204,7,13,388,39,450,1.76e-98,304
sp|P33221|PURT_ECOLI,WP_004130759.1,41.646,413,203,7,13,388,39,450,3.30e-98,303
sp|P33221|PURT_ECOLI,WP_116285858.1,41.646,413,203,7,13,388,39,450,3.80e-98,303
sp|P33221|PURT_ECOLI,WP_004133190.1,41.404,413,204,7,13,388,39,450,4.14e-98,303
sp|P33221|PURT_ECOLI,RFT25612.1,41.404,413,204,7,13,388,2,413,1.32e-97,301
sp|P33221|PURT_ECOLI,WP_116438452.1,41.404,413,204,7,13,388,39,450,2.07e-97,301
sp|P33221|PURT_ECOLI,tr|S4HGK6|S4HGK6_GARVA,41.404,413,204,7,13,388,39,450,3.44e-97,301
sp|P33221|PURT_ECOLI,WP_115757493.1,41.404,413,204,7,13,388,39,450,4.41e-97,301
sp|P33221|PURT_ECOLI,tr|S4GAL9|S4GAL9_GARVA,41.162,413,205,7,13,388,39,450,6.10e-97,300
sp|P33221|PURT_ECOLI,WP_081090915.1,43.544,395,192,8,9,373,43,436,1.85e-96,299
sp|P33221|PURT_ECOLI,RFT22638.1,41.878,394,197,7,26,388,1,393,6.56e-94,291
sp|P33221|PURT_ECOLI,WP_009399699.1,48.907,366,173,5,14,366,12,376,1.61e-90,283
sp|P33221|PURT_ECOLI,RFT28012.1,43.933,239,114,3,94,312,5,243,1.16e-66,216
sp|P33221|PURT_ECOLI,WP_022249690.1,27.937,383,264,9,13,390,8,383,6.31e-38,144
sp|P33221|PURT_ECOLI,RFT39400.1,45.775,142,76,1,13,153,33,174,5.33e-32,123
sp|P33221|PURT_ECOLI,RFT39399.1,43.357,143,61,3,176,298,1,143,3.53e-30,117
sp|P33221|PURT_ECOLI,WP_134988339.1,26.225,347,229,9,27,365,33,360,2.49e-24,107
sp|P33221|PURT_ECOLI,WP_061590441.1,26.087,345,238,7,22,365,14,342,3.27e-24,107
sp|P33221|PURT_ECOLI,WP_152902950.1,25.937,347,236,8,22,365,27,355,4.21e-24,106
sp|P33221|PURT_ECOLI,WP_042749768.1,25.797,345,239,7,22,365,14,342,4.73e-24,106
sp|P33221|PURT_ECOLI,WP_123072614.1,25.360,347,232,9,27,365,33,360,9.27e-24,105
sp|P33221|PURT_ECOLI,WP_003669715.1,25.360,347,232,9,27,365,33,360,1.01e-23,105
sp|P33221|PURT_ECOLI,WP_124216496.1,25.360,347,232,9,27,365,33,360,1.04e-23,105
sp|P33221|PURT_ECOLI,WP_152901940.1,26.301,346,236,8,22,365,27,355,1.22e-23,105
sp|P33221|PURT_ECOLI,WP_122480839.1,25.648,347,231,9,27,365,33,360,1.27e-23,105
sp|P33221|PURT_ECOLI,WP_155801181.1,25.946,370,248,11,3,365,9,359,1.95e-23,105
sp|P33221|PURT_ECOLI,WP_152738455.1,25.072,347,233,9,27,365,33,360,2.03e-23,105
sp|P33221|PURT_ECOLI,WP_003672285.1,25.072,347,233,9,27,365,33,360,2.05e-23,105
sp|P33221|PURT_ECOLI,WP_085719294.1,25.072,347,233,9,27,365,33,360,2.13e-23,104
sp|P33221|PURT_ECOLI,WP_084928320.1,26.437,348,233,9,22,365,14,342,2.77e-23,104
sp|P33221|PURT_ECOLI,WP_035161928.1,25.072,347,233,9,27,365,33,360,2.88e-23,104
sp|P33221|PURT_ECOLI,WP_152548156.1,26.724,348,232,9,22,365,27,355,2.94e-23,104
sp|P33221|PURT_ECOLI,WP_036756546.1,25.507,345,240,7,22,365,14,342,3.13e-23,103
sp|P33221|PURT_ECOLI,WP_049552324.1,26.087,345,238,8,22,365,14,342,3.54e-23,103
sp|P33221|PURT_ECOLI,WP_152903002.1,26.377,345,237,8,22,365,28,356,3.99e-23,103
sp|P33221|PURT_ECOLI,WP_066035407.1,25.072,347,233,9,27,365,33,360,4.14e-23,103
sp|P33221|PURT_ECOLI,WP_003032036.1,25.507,345,240,7,22,365,14,342,4.56e-23,103
sp|P33221|PURT_ECOLI,WP_135951733.1,25.788,349,228,10,27,365,33,360,5.49e-23,103
sp|P33221|PURT_ECOLI,WP_049509949.1,25.507,345,240,7,22,365,14,342,8.59e-23,103
sp|P33221|PURT_ECOLI,WP_000099008.1,25.217,345,241,7,22,365,14,342,8.80e-23,102
sp|P33221|PURT_ECOLI,WP_153703324.1,25.072,347,233,9,27,365,33,360,8.86e-23,103
sp|P33221|PURT_ECOLI,WP_152903147.1,26.050,357,240,10,22,373,27,364,1.06e-22,102
sp|P33221|PURT_ECOLI,WP_049501027.1,25.797,345,239,8,22,365,14,342,1.32e-22,102
sp|P33221|PURT_ECOLI,WP_141555103.1,25.217,345,241,7,22,365,27,355,1.32e-22,102
sp|P33221|PURT_ECOLI,WP_061439939.1,25.507,345,240,7,22,365,14,342,1.39e-22,102
sp|P33221|PURT_ECOLI,WP_000099050.1,26.724,348,232,9,22,365,14,342,1.42e-22,102
sp|P33221|PURT_ECOLI,WP_116431601.1,24.242,363,253,11,22,377,28,375,1.43e-22,102
sp|P33221|PURT_ECOLI,WP_004108378.1,24.242,363,253,11,22,377,28,375,1.57e-22,102
sp|P33221|PURT_ECOLI,WP_004106000.1,24.586,362,253,11,22,377,28,375,1.59e-22,102
sp|P33221|PURT_ECOLI,WP_152620177.1,25.507,345,240,7,22,365,28,356,2.31e-22,102
sp|P33221|PURT_ECOLI,WP_103013205.1,24.731,372,243,11,8,365,15,363,2.32e-22,102
sp|P33221|PURT_ECOLI,WP_085679965.1,24.784,347,234,9,27,365,33,360,2.53e-22,102
sp|P33221|PURT_ECOLI,WP_155455663.1,24.928,345,242,7,22,365,28,356,3.14e-22,101
sp|P33221|PURT_ECOLI,WP_152903296.1,24.638,345,243,7,22,365,27,355,3.18e-22,101
sp|P33221|PURT_ECOLI,WP_116692046.1,24.731,372,243,11,8,365,15,363,3.23e-22,101
sp|P33221|PURT_ECOLI,tr|I4LSQ0|I4LSQ0_GARVA,24.462,372,244,11,8,365,15,363,3.49e-22,101
sp|P33221|PURT_ECOLI,PZP10086.1,24.935,385,255,11,8,379,15,378,3.66e-22,101
sp|P33221|PURT_ECOLI,WP_004137528.1,24.324,370,244,10,22,377,28,375,3.81e-22,101
sp|P33221|PURT_ECOLI,WP_049550114.1,25.937,347,236,8,22,365,14,342,3.82e-22,100
sp|P33221|PURT_ECOLI,tr|F5LVT0|F5LVT0_GARVA,24.462,372,244,11,8,365,15,363,4.11e-22,101
sp|P33221|PURT_ECOLI,WP_102694624.1,24.324,370,244,10,22,377,28,375,4.40e-22,101
sp|P33221|PURT_ECOLI,WP_045597433.1,25.000,348,238,8,22,365,14,342,4.65e-22,100
sp|P33221|PURT_ECOLI,WP_010241835.1,27.353,340,226,10,32,365,38,362,4.75e-22,101
sp|P33221|PURT_ECOLI,WP_101886484.1,24.289,387,255,12,8,379,15,378,4.76e-22,101
sp|P33221|PURT_ECOLI,WP_049496667.1,26.667,345,236,8,22,365,14,342,5.07e-22,100
sp|P33221|PURT_ECOLI,WP_049486712.1,25.217,345,241,7,22,365,14,342,5.12e-22,100
sp|P33221|PURT_ECOLI,WP_064275775.1,25.217,345,241,7,22,365,14,342,6.59e-22,100
sp|P33221|PURT_ECOLI,WP_000097975.1,25.648,347,237,10,22,365,14,342,6.92e-22,100
sp|P33221|PURT_ECOLI,WP_049539036.1,25.937,347,236,10,22,365,14,342,6.97e-22,100
sp|P33221|PURT_ECOLI,WP_033686113.1,25.000,348,238,8,22,365,14,342,7.14e-22,100
sp|P33221|PURT_ECOLI,WP_116772862.1,24.462,372,244,11,8,365,15,363,7.35e-22,100
sp|P33221|PURT_ECOLI,WP_152904025.1,24.638,345,243,7,22,365,27,355,7.49e-22,100
sp|P33221|PURT_ECOLI,WP_004115001.1,24.462,372,244,11,8,365,15,363,8.26e-22,100
sp|P33221|PURT_ECOLI,WP_004113596.1,24.462,372,244,11,8,365,15,363,8.67e-22,100
sp|P33221|PURT_ECOLI,WP_019253969.1,25.072,347,233,9,27,365,33,360,9.03e-22,100
sp|P33221|PURT_ECOLI,WP_064347643.1,23.967,363,254,11,22,377,28,375,1.14e-21,100
sp|P33221|PURT_ECOLI,WP_004117757.1,24.462,372,244,11,8,365,15,363,1.16e-21,100
sp|P33221|PURT_ECOLI,WP_148131822.1,24.928,345,242,7,22,365,27,355,1.22e-21,99.8
sp|P33221|PURT_ECOLI,WP_141562929.1,26.087,345,238,8,22,365,27,355,1.40e-21,99.8
sp|P33221|PURT_ECOLI,WP_082139626.1,27.059,340,227,10,32,365,41,365,1.68e-21,99.8
sp|P33221|PURT_ECOLI,WP_004135357.1,24.523,367,247,12,22,377,28,375,1.68e-21,99.8
sp|P33221|PURT_ECOLI,WP_023935450.1,24.638,345,243,7,22,365,14,342,1.87e-21,99.0
sp|P33221|PURT_ECOLI,WP_000099039.1,25.217,345,241,7,22,365,14,342,2.00e-21,99.0
sp|P33221|PURT_ECOLI,WP_000099011.1,25.287,348,237,9,22,365,14,342,2.06e-21,99.0
sp|P33221|PURT_ECOLI,WP_000099021.1,25.862,348,235,9,22,365,14,342,2.12e-21,99.0
sp|P33221|PURT_ECOLI,WP_016636811.1,23.784,370,246,11,22,377,28,375,2.15e-21,99.4
sp|P33221|PURT_ECOLI,WP_042900100.1,24.496,347,241,8,22,365,14,342,2.36e-21,99.0
sp|P33221|PURT_ECOLI,WP_152905494.1,24.928,345,242,7,22,365,27,355,2.52e-21,99.0
sp|P33221|PURT_ECOLI,WP_000099004.1,24.928,345,242,7,22,365,14,342,2.65e-21,98.6
sp|P33221|PURT_ECOLI,WP_033679487.1,24.638,345,243,7,22,365,14,342,2.84e-21,98.6
sp|P33221|PURT_ECOLI,WP_115262358.1,25.360,347,238,8,22,365,28,356,3.03e-21,98.6
sp|P33221|PURT_ECOLI,WP_000099012.1,25.575,348,236,9,22,365,14,342,3.41e-21,98.2
sp|P33221|PURT_ECOLI,WP_141562956.1,24.638,345,243,7,22,365,27,355,3.58e-21,98.6
sp|P33221|PURT_ECOLI,WP_075038728.1,24.031,387,256,12,8,379,15,378,3.91e-21,98.6
sp|P33221|PURT_ECOLI,WP_119948035.1,25.862,348,235,9,22,365,14,342,4.35e-21,98.2
sp|P33221|PURT_ECOLI,WP_061864850.1,25.217,345,241,7,22,365,14,342,4.52e-21,97.8
sp|P33221|PURT_ECOLI,WP_049533935.1,24.348,345,244,7,22,365,14,342,4.63e-21,97.8
sp|P33221|PURT_ECOLI,RFT22625.1,25.749,334,219,9,8,329,15,331,4.78e-21,97.8
sp|P33221|PURT_ECOLI,WP_000099006.1,24.638,345,243,7,22,365,14,342,5.03e-21,97.8
sp|P33221|PURT_ECOLI,WP_119919951.1,24.638,345,243,7,22,365,28,356,5.26e-21,98.2
sp|P33221|PURT_ECOLI,tr|I4M2Q6|I4M2Q6_GARVA,24.054,370,245,10,22,377,28,375,5.49e-21,98.2
sp|P33221|PURT_ECOLI,WP_084930495.1,24.638,345,243,7,22,365,14,342,5.71e-21,97.8
sp|P33221|PURT_ECOLI,WP_138705598.1,24.348,345,244,7,22,365,14,342,6.05e-21,97.8
sp|P33221|PURT_ECOLI,WP_033682888.1,25.797,345,239,8,22,365,14,342,6.05e-21,97.8
sp|P33221|PURT_ECOLI,WP_000099046.1,24.058,345,245,7,22,365,14,342,6.38e-21,97.4
sp|P33221|PURT_ECOLI,tr|S4I554|S4I554_GARVA,24.194,372,245,11,8,365,15,363,7.10e-21,97.8
sp|P33221|PURT_ECOLI,WP_049497007.1,24.638,345,243,7,22,365,14,342,7.10e-21,97.4
sp|P33221|PURT_ECOLI,WP_033680997.1,25.217,345,241,7,22,365,14,342,7.93e-21,97.4
sp|P33221|PURT_ECOLI,WP_000099068.1,25.217,345,241,7,22,365,14,342,8.09e-21,97.4
sp|P33221|PURT_ECOLI,WP_119946630.1,25.217,345,241,8,22,365,14,342,8.49e-21,97.1
sp|P33221|PURT_ECOLI,WP_049526816.1,24.444,360,254,8,22,380,14,356,9.45e-21,97.1
sp|P33221|PURT_ECOLI,tr|S4GRV3|S4GRV3_GARVA,24.194,372,245,11,8,365,15,363,9.75e-21,97.4
sp|P33221|PURT_ECOLI,WP_003665425.1,24.496,347,235,9,27,365,33,360,1.01e-20,97.4
sp|P33221|PURT_ECOLI,WP_049538238.1,24.638,345,243,7,22,365,14,342,1.10e-20,97.1
sp|P33221|PURT_ECOLI,WP_107720811.1,24.496,347,235,9,27,365,33,360,1.12e-20,97.1
sp|P33221|PURT_ECOLI,WP_152906140.1,24.496,347,241,8,22,365,27,355,1.13e-20,97.1
sp|P33221|PURT_ECOLI,WP_033675683.1,24.928,345,242,7,22,365,14,342,1.24e-20,96.7
sp|P33221|PURT_ECOLI,WP_002889579.1,26.301,346,236,11,22,365,14,342,1.35e-20,96.7
sp|P33221|PURT_ECOLI,YP_003445246.1,24.928,345,242,7,22,365,14,342,1.45e-20,96.7
sp|P33221|PURT_ECOLI,WP_142760985.1,25.072,347,239,8,22,365,27,355,1.58e-20,96.7
sp|P33221|PURT_ECOLI,WP_106387806.1,25.788,349,234,10,22,365,14,342,1.72e-20,96.3
sp|P33221|PURT_ECOLI,WP_064524976.1,24.638,345,243,8,22,365,14,342,1.77e-20,96.3
sp|P33221|PURT_ECOLI,WP_153701699.1,24.496,347,235,9,27,365,33,360,1.85e-20,96.7
sp|P33221|PURT_ECOLI,WP_152620500.1,24.928,345,242,7,22,365,27,355,1.86e-20,96.3
sp|P33221|PURT_ECOLI,WP_060805154.1,24.348,345,244,7,22,365,14,342,1.87e-20,96.3
sp|P33221|PURT_ECOLI,WP_113896941.1,24.496,347,235,9,27,365,33,360,1.92e-20,96.7
sp|P33221|PURT_ECOLI,WP_082734862.1,26.765,340,228,10,32,365,41,365,2.12e-20,96.3
sp|P33221|PURT_ECOLI,WP_153703816.1,24.496,347,235,9,27,365,33,360,2.27e-20,96.3
sp|P33221|PURT_ECOLI,WP_094511325.1,24.496,347,235,9,27,365,33,360,2.31e-20,96.3
sp|P33221|PURT_ECOLI,WP_002888597.1,24.928,345,242,8,22,365,14,342,2.58e-20,95.9
sp|P33221|PURT_ECOLI,WP_073687852.1,24.646,353,248,9,22,372,14,350,2.63e-20,95.9
sp|P33221|PURT_ECOLI,WP_014633729.1,24.929,353,247,9,22,372,14,350,2.74e-20,95.9
sp|P33221|PURT_ECOLI,WP_077804551.1,24.638,345,243,7,22,365,14,342,2.76e-20,95.9
sp|P33221|PURT_ECOLI,WP_103084067.1,24.138,377,263,12,8,377,15,375,3.24e-20,95.9
sp|P33221|PURT_ECOLI,WP_001084008.1,24.928,345,242,8,22,365,14,342,3.73e-20,95.5
sp|P33221|PURT_ECOLI,WP_001083999.1,25.000,352,247,8,22,372,14,349,4.02e-20,95.1
sp|P33221|PURT_ECOLI,OAG22482.1,27.671,365,226,14,31,377,23,367,4.29e-20,96.7
sp|P33221|PURT_ECOLI,WP_142559040.1,26.062,353,243,9,22,372,14,350,4.36e-20,95.1
sp|P33221|PURT_ECOLI,WP_004181951.1,24.646,353,248,9,22,372,14,350,4.56e-20,95.1
sp|P33221|PURT_ECOLI,WP_042746016.1,24.207,347,236,9,27,365,33,360,4.57e-20,95.5
sp|P33221|PURT_ECOLI,WP_005432151.1,27.049,366,238,10,33,385,31,380,4.88e-20,95.5
sp|P33221|PURT_ECOLI,WP_049531138.1,24.638,345,243,7,22,365,14,342,4.93e-20,95.1
sp|P33221|PURT_ECOLI,WP_045772355.1,24.638,345,243,8,22,365,14,342,5.22e-20,95.1
sp|P33221|PURT_ECOLI,WP_061425551.1,24.058,345,245,7,22,365,14,342,5.59e-20,94.7
sp|P33221|PURT_ECOLI,WP_013989900.1,24.638,345,243,8,22,365,14,342,5.81e-20,94.7
sp|P33221|PURT_ECOLI,WP_145837420.1,25.217,345,241,8,22,365,28,356,5.95e-20,95.1
sp|P33221|PURT_ECOLI,WP_070575663.1,25.507,345,240,9,22,365,14,342,6.09e-20,94.7
sp|P33221|PURT_ECOLI,WP_038674994.1,24.638,345,243,8,22,365,14,342,6.09e-20,94.7
sp|P33221|PURT_ECOLI,WP_119942209.1,24.638,345,243,7,22,365,14,342,6.21e-20,94.7
sp|P33221|PURT_ECOLI,WP_016475107.1,27.049,366,238,10,33,385,31,380,6.25e-20,95.1
sp|P33221|PURT_ECOLI,WP_094509890.1,24.207,347,236,9,27,365,33,360,6.51e-20,95.1
sp|P33221|PURT_ECOLI,WP_001084005.1,25.485,361,220,11,22,365,14,342,6.52e-20,94.7
sp|P33221|PURT_ECOLI,WP_143952617.1,24.638,345,243,7,22,365,14,342,6.91e-20,94.7
sp|P33221|PURT_ECOLI,WP_061652480.1,24.348,345,244,8,22,365,14,342,7.39e-20,94.4
sp|P33221|PURT_ECOLI,WP_037603809.1,24.348,345,244,8,22,365,14,342,7.53e-20,94.4
sp|P33221|PURT_ECOLI,WP_102169507.1,24.784,347,234,9,27,365,23,350,7.70e-20,94.7
sp|P33221|PURT_ECOLI,WP_142761069.1,24.348,345,244,7,22,365,27,355,7.71e-20,94.7
sp|P33221|PURT_ECOLI,WP_138699940.1,25.287,348,237,9,22,365,14,342,7.83e-20,94.4
sp|P33221|PURT_ECOLI,WP_141562904.1,24.784,347,240,8,22,365,28,356,7.86e-20,94.7
sp|P33221|PURT_ECOLI,WP_001084004.1,25.485,361,220,11,22,365,14,342,8.06e-20,94.4
sp|P33221|PURT_ECOLI,WP_021144795.1,24.348,345,244,8,22,365,14,342,8.87e-20,94.4
sp|P33221|PURT_ECOLI,WP_139688067.1,26.498,317,212,9,79,385,75,380,1.02e-19,94.4
sp|P33221|PURT_ECOLI,WP_021143423.1,24.425,348,240,10,22,365,14,342,1.05e-19,94.0
sp|P33221|PURT_ECOLI,WP_084869021.1,24.348,345,244,8,22,365,14,342,1.10e-19,94.0
sp|P33221|PURT_ECOLI,WP_073951177.1,24.348,345,244,8,22,365,14,342,1.20e-19,94.0
sp|P33221|PURT_ECOLI,OWY46103.1,27.397,365,227,14,31,377,23,367,1.21e-19,95.5
sp|P33221|PURT_ECOLI,WP_022495808.1,24.348,345,244,8,22,365,14,342,1.24e-19,94.0
sp|P33221|PURT_ECOLI,WP_154864331.1,24.277,346,243,9,22,365,14,342,1.30e-19,93.6
sp|P33221|PURT_ECOLI,WP_053039416.1,25.287,348,237,9,22,365,14,342,1.32e-19,94.0
sp|P33221|PURT_ECOLI,WP_110980766.1,24.348,345,244,8,22,365,14,342,1.74e-19,93.6
sp|P33221|PURT_ECOLI,WP_049545560.1,24.348,345,244,8,22,365,14,342,1.90e-19,93.2
sp|P33221|PURT_ECOLI,WP_084871093.1,24.496,347,241,9,22,365,14,342,2.01e-19,93.2
sp|P33221|PURT_ECOLI,WP_094504347.1,24.128,344,234,9,30,365,36,360,2.46e-19,93.2
sp|P33221|PURT_ECOLI,WP_073689447.1,24.348,345,244,8,22,365,14,342,2.47e-19,93.2
sp|P33221|PURT_ECOLI,WP_156246289.1,24.058,345,245,8,22,365,14,342,2.51e-19,92.8
sp|P33221|PURT_ECOLI,WP_094536837.1,23.919,347,237,9,27,365,33,360,2.70e-19,93.2
sp|P33221|PURT_ECOLI,WP_020999422.1,28.255,361,209,16,22,365,14,341,3.21e-19,92.8
sp|P33221|PURT_ECOLI,WP_153704994.1,24.128,344,234,9,30,365,36,360,3.74e-19,92.8
sp|P33221|PURT_ECOLI,WP_153707277.1,23.919,347,237,9,27,365,33,360,4.04e-19,92.8
sp|P33221|PURT_ECOLI,WP_033687916.1,25.000,348,238,9,22,365,14,342,4.25e-19,92.4
sp|P33221|PURT_ECOLI,RYN81140.1,27.123,365,228,14,31,377,23,367,4.54e-19,93.6
sp|P33221|PURT_ECOLI,WP_002886303.1,24.207,347,242,9,22,365,14,342,5.55e-19,92.0
sp|P33221|PURT_ECOLI,WP_003036893.1,28.255,361,209,16,22,365,14,341,5.82e-19,92.0
sp|P33221|PURT_ECOLI,WP_106383806.1,25.072,347,239,8,22,365,14,342,5.82e-19,92.0
sp|P33221|PURT_ECOLI,WP_001083998.1,24.928,345,242,8,22,365,14,342,6.31e-19,91.7
sp|P33221|PURT_ECOLI,WP_022443195.1,26.171,363,246,10,32,385,30,379,6.42e-19,92.0
sp|P33221|PURT_ECOLI,WP_065867258.1,23.919,347,237,9,27,365,33,360,6.69e-19,92.0
sp|P33221|PURT_ECOLI,WP_049527589.1,24.348,345,244,8,22,365,14,342,6.79e-19,91.7
sp|P33221|PURT_ECOLI,WP_084915147.1,24.058,345,245,8,22,365,14,342,7.12e-19,91.7
sp|P33221|PURT_ECOLI,WP_075523411.1,24.259,371,246,12,8,365,15,363,7.33e-19,92.0
sp|P33221|PURT_ECOLI,WP_064521113.1,24.058,345,245,8,22,365,14,342,7.84e-19,91.7
sp|P33221|PURT_ECOLI,WP_003836876.1,25.069,363,252,11,22,376,28,378,9.02e-19,91.7
sp|P33221|PURT_ECOLI,WP_049554246.1,24.496,347,241,9,22,365,14,342,9.40e-19,91.3
sp|P33221|PURT_ECOLI,WP_014633768.1,24.058,345,245,8,22,365,14,342,1.11e-18,91.3
sp|P33221|PURT_ECOLI,WP_049509352.1,24.713,348,239,9,22,365,14,342,1.30e-18,90.9
sp|P33221|PURT_ECOLI,WP_003842454.1,24.793,363,253,11,22,376,28,378,1.94e-18,90.9
sp|P33221|PURT_ECOLI,WP_003040945.1,24.207,347,242,8,22,365,14,342,1.97e-18,90.5
sp|P33221|PURT_ECOLI,WP_065466910.1,24.793,363,253,11,22,376,28,378,2.12e-18,90.5
sp|P33221|PURT_ECOLI,WP_118879127.1,26.891,357,212,14,15,365,10,323,2.20e-18,90.1
sp|P33221|PURT_ECOLI,WP_001084001.1,24.928,345,242,9,22,365,14,342,3.18e-18,89.7
sp|P33221|PURT_ECOLI,WP_001048172.1,28.780,205,136,3,161,365,148,342,3.21e-18,89.7
sp|P33221|PURT_ECOLI,tr|S4HK29|S4HK29_GARVA,24.054,370,250,11,7,365,14,363,3.37e-18,90.1
sp|P33221|PURT_ECOLI,WP_069986620.1,24.928,345,242,9,22,365,14,342,3.63e-18,89.7
sp|P33221|PURT_ECOLI,WP_029600580.1,24.481,241,170,5,129,365,3,235,3.73e-18,87.8
sp|P33221|PURT_ECOLI,WP_060786006.1,24.054,370,250,11,7,365,14,363,3.85e-18,89.7
sp|P33221|PURT_ECOLI,WP_003027964.1,26.257,358,220,13,22,365,14,341,3.86e-18,89.7
sp|P33221|PURT_ECOLI,WP_116689588.1,24.324,370,249,12,7,365,14,363,5.01e-18,89.4
sp|P33221|PURT_ECOLI,WP_135279236.1,24.518,363,254,11,22,376,28,378,9.07e-18,89.0
sp|P33221|PURT_ECOLI,WP_049546416.1,23.478,345,247,7,22,365,14,342,9.99e-18,88.2
sp|P33221|PURT_ECOLI,WP_001084000.1,23.851,348,242,9,22,365,14,342,1.08e-17,88.2
sp|P33221|PURT_ECOLI,WP_040530549.1,24.496,347,235,9,27,365,23,350,1.11e-17,88.2
sp|P33221|PURT_ECOLI,WP_065533558.1,23.714,350,240,9,24,365,30,360,1.31e-17,88.2
sp|P33221|PURT_ECOLI,WP_019251512.1,23.768,345,235,10,30,365,36,361,1.43e-17,88.2
sp|P33221|PURT_ECOLI,WP_081451230.1,28.082,292,187,9,82,365,106,382,1.48e-17,88.2
sp|P33221|PURT_ECOLI,WP_024052896.1,26.271,354,225,12,22,365,14,341,1.55e-17,87.8
sp|P33221|PURT_ECOLI,WP_060776255.1,24.150,294,200,8,79,365,76,353,1.62e-17,87.8
sp|P33221|PURT_ECOLI,WP_003145311.1,27.917,240,151,5,79,317,73,291,1.64e-17,87.4
sp|P33221|PURT_ECOLI,WP_115793904.1,24.054,370,250,12,7,365,14,363,1.69e-17,87.8
sp|P33221|PURT_ECOLI,KHC36778.1,22.821,390,271,14,15,387,6,382,1.77e-17,89.0
sp|P33221|PURT_ECOLI,KGU10302.1,22.821,390,271,14,15,387,6,382,1.84e-17,89.0
sp|P33221|PURT_ECOLI,WP_005631886.1,28.112,249,155,9,123,365,93,323,1.94e-17,87.4
sp|P33221|PURT_ECOLI,KGR10106.1,22.821,390,271,14,15,387,6,382,1.98e-17,88.6
sp|P33221|PURT_ECOLI,KGU30689.1,22.821,390,271,14,15,387,6,382,2.03e-17,88.6
sp|P33221|PURT_ECOLI,WP_101750396.1,26.271,354,225,12,22,365,14,341,2.06e-17,87.4
sp|P33221|PURT_ECOLI,WP_101660381.1,24.150,294,200,8,79,365,76,353,2.12e-17,87.4
sp|P33221|PURT_ECOLI,WP_082715762.1,24.658,292,201,8,79,365,76,353,2.44e-17,87.4
sp|P33221|PURT_ECOLI,WP_046950351.1,27.711,249,156,9,123,365,93,323,2.61e-17,87.0
sp|P33221|PURT_ECOLI,WP_003145923.1,27.917,240,151,5,79,317,73,291,2.69e-17,87.0
sp|P33221|PURT_ECOLI,WP_003027182.1,25.496,353,229,11,22,365,14,341,2.86e-17,87.0
sp|P33221|PURT_ECOLI,WP_115761869.1,24.054,370,250,11,7,365,14,363,2.95e-17,87.4
sp|P33221|PURT_ECOLI,KGQ88065.1,23.469,392,266,15,15,387,6,382,3.30e-17,88.2
sp|P33221|PURT_ECOLI,KGT69882.1,23.469,392,266,15,15,387,6,382,3.45e-17,87.8
sp|P33221|PURT_ECOLI,WP_118879662.1,27.309,249,157,9,123,365,93,323,3.53e-17,86.7
sp|P33221|PURT_ECOLI,EEQ44495.1,24.074,324,224,12,15,327,6,318,3.68e-17,87.8
sp|P33221|PURT_ECOLI,KHC37148.1,22.821,390,271,14,15,387,6,382,3.85e-17,87.8
sp|P33221|PURT_ECOLI,KHC63764.1,22.821,390,271,14,15,387,6,382,4.11e-17,87.8
sp|P33221|PURT_ECOLI,WP_060786767.1,23.720,371,250,11,7,365,14,363,4.33e-17,86.7
sp|P33221|PURT_ECOLI,WP_021001153.1,25.496,353,229,11,22,365,14,341,4.73e-17,86.3
sp|P33221|PURT_ECOLI,WP_153710794.1,23.967,363,245,11,27,379,33,374,5.09e-17,86.7
sp|P33221|PURT_ECOLI,WP_116285878.1,23.514,370,252,11,7,365,14,363,5.58e-17,86.3
sp|P33221|PURT_ECOLI,KGU27304.1,23.292,322,229,11,15,327,6,318,5.60e-17,87.4
sp|P33221|PURT_ECOLI,WP_037326711.1,25.902,305,185,8,22,317,18,290,6.15e-17,85.9
sp|P33221|PURT_ECOLI,WP_049512391.1,25.967,362,216,15,22,365,14,341,6.28e-17,85.9
sp|P33221|PURT_ECOLI,WP_005437267.1,25.316,316,218,7,79,385,75,381,6.93e-17,86.3
sp|P33221|PURT_ECOLI,CAG61632.1,23.226,310,212,12,15,312,6,301,7.73e-17,87.0
sp|P33221|PURT_ECOLI,KTB24119.1,23.226,310,212,12,15,312,6,301,7.88e-17,87.0
sp|P33221|PURT_ECOLI,KWU04709.1,24.069,349,237,11,27,365,34,364,7.88e-17,85.9
sp|P33221|PURT_ECOLI,KTB25744.1,23.226,310,212,12,15,312,6,301,8.63e-17,86.7
sp|P33221|PURT_ECOLI,WP_037613054.1,24.501,351,235,8,22,365,14,341,9.00e-17,85.5
sp|P33221|PURT_ECOLI,AJT76451.1,21.649,388,284,10,15,390,6,385,9.04e-17,86.7
sp|P33221|PURT_ECOLI,tr|S4GVS6|S4GVS6_GARVA,23.450,371,251,12,7,365,14,363,9.09e-17,85.9
sp|P33221|PURT_ECOLI,WP_049508743.1,26.316,361,216,14,22,365,14,341,9.34e-17,85.5
sp|P33221|PURT_ECOLI,QHB11725.1,21.392,388,285,10,15,390,6,385,9.47e-17,86.7
sp|P33221|PURT_ECOLI,WP_005636590.1,25.770,357,216,13,15,365,10,323,1.02e-16,85.5
sp|P33221|PURT_ECOLI,tr|I4M3U6|I4M3U6_GARVA,23.450,371,251,12,7,365,14,363,1.13e-16,85.5
sp|P33221|PURT_ECOLI,tr|S4HDJ2|S4HDJ2_GARVA,23.450,371,251,12,7,365,14,363,1.15e-16,85.5
sp|P33221|PURT_ECOLI,WP_118784750.1,26.050,357,215,13,15,365,10,323,1.17e-16,85.1
sp|P33221|PURT_ECOLI,WP_072537151.1,24.585,301,194,7,22,317,18,290,1.46e-16,84.7
sp|P33221|PURT_ECOLI,WP_118845405.1,23.967,363,215,12,15,365,10,323,1.65e-16,84.7
sp|P33221|PURT_ECOLI,WP_046943239.1,27.711,249,156,9,123,365,93,323,1.69e-16,84.7
sp|P33221|PURT_ECOLI,WP_106100666.1,25.210,357,225,12,22,365,14,341,1.72e-16,84.7
sp|P33221|PURT_ECOLI,AJU08705.1,21.392,388,285,10,15,390,6,385,1.86e-16,85.9
sp|P33221|PURT_ECOLI,WP_022526449.1,25.496,353,229,11,22,365,14,341,2.04e-16,84.3
sp|P33221|PURT_ECOLI,WP_101889269.1,23.450,371,251,12,7,365,14,363,2.09e-16,84.7
sp|P33221|PURT_ECOLI,WP_118776586.1,26.104,249,160,8,123,365,93,323,2.12e-16,84.3
sp|P33221|PURT_ECOLI,WP_046939488.1,27.711,249,156,9,123,365,93,323,2.16e-16,84.3
sp|P33221|PURT_ECOLI,EER33473.1,23.529,374,254,17,32,387,23,382,2.18e-16,85.5
sp|P33221|PURT_ECOLI,WP_049533235.1,24.501,351,235,8,22,365,14,341,2.31e-16,84.3
sp|P33221|PURT_ECOLI,WP_118790455.1,27.711,249,156,9,123,365,93,323,2.51e-16,84.3
sp|P33221|PURT_ECOLI,WP_111696917.1,28.112,249,155,9,123,365,93,323,2.71e-16,84.0
sp|P33221|PURT_ECOLI,WP_005645502.1,27.711,249,156,9,123,365,93,323,2.74e-16,84.0
sp|P33221|PURT_ECOLI,WP_114892077.1,27.309,249,157,9,123,365,93,323,2.76e-16,84.0
sp|P33221|PURT_ECOLI,AJT71075.1,21.392,388,285,10,15,390,6,385,2.90e-16,85.1
sp|P33221|PURT_ECOLI,WP_126406027.1,24.069,349,239,7,22,365,14,341,3.01e-16,84.0
sp|P33221|PURT_ECOLI,WP_118859257.1,27.711,249,156,9,123,365,93,323,3.18e-16,84.0
sp|P33221|PURT_ECOLI,WP_118865416.1,27.711,249,156,9,123,365,93,323,3.27e-16,84.0
sp|P33221|PURT_ECOLI,WP_065250476.1,27.711,249,156,9,123,365,93,323,3.40e-16,84.0
sp|P33221|PURT_ECOLI,AJT71565.1,21.649,388,284,10,15,390,6,385,3.45e-16,85.1
sp|P33221|PURT_ECOLI,AJT73994.1,21.649,388,284,10,15,390,6,385,3.48e-16,85.1
sp|P33221|PURT_ECOLI,WP_118855098.1,27.711,249,156,9,123,365,93,323,3.84e-16,83.6
sp|P33221|PURT_ECOLI,WP_118803518.1,26.506,249,159,8,123,365,93,323,3.91e-16,83.6
sp|P33221|PURT_ECOLI,WP_118861155.1,27.309,249,157,9,123,365,93,323,4.26e-16,83.6
sp|P33221|PURT_ECOLI,WP_022473594.1,23.784,370,254,11,28,385,26,379,4.78e-16,83.6
sp|P33221|PURT_ECOLI,WP_004828716.1,25.574,305,186,8,22,317,18,290,5.18e-16,83.2
sp|P33221|PURT_ECOLI,tr|I4M772|I4M772_GARVA,23.450,371,251,11,7,365,14,363,5.37e-16,83.6
sp|P33221|PURT_ECOLI,WP_134078268.1,27.711,249,156,9,123,365,93,323,5.64e-16,83.2
sp|P33221|PURT_ECOLI,WP_114909189.1,27.711,249,156,9,123,365,93,323,6.87e-16,82.8
sp|P33221|PURT_ECOLI,WP_118800512.1,27.711,249,156,9,123,365,93,323,7.07e-16,82.8
sp|P33221|PURT_ECOLI,WP_151215381.1,23.243,370,253,11,7,365,14,363,7.83e-16,83.2
sp|P33221|PURT_ECOLI,WP_116438471.1,23.243,370,253,11,7,365,14,363,8.47e-16,82.8
sp|P33221|PURT_ECOLI,tr|U6S9P3|U6S9P3_GARVA,22.911,371,253,11,7,365,14,363,9.13e-16,82.8
sp|P33221|PURT_ECOLI,WP_065245693.1,27.309,249,157,9,123,365,93,323,1.08e-15,82.4
sp|P33221|PURT_ECOLI,AWU73670.1,22.300,287,209,8,32,312,23,301,1.14e-15,83.2
sp|P33221|PURT_ECOLI,WP_114892289.1,27.309,249,157,9,123,365,93,323,1.22e-15,82.0
sp|P33221|PURT_ECOLI,WP_046952837.1,27.309,249,157,9,123,365,93,323,1.39e-15,82.0
sp|P33221|PURT_ECOLI,WP_118808905.1,26.506,249,159,8,123,365,93,323,1.69e-15,81.6
sp|P33221|PURT_ECOLI,KGK39199.1,22.300,287,209,8,32,312,23,301,1.86e-15,83.2
sp|P33221|PURT_ECOLI,WP_118867129.1,27.016,248,157,9,124,365,94,323,1.98e-15,81.6
sp|P33221|PURT_ECOLI,WP_118795276.1,27.711,249,156,9,123,365,93,323,2.08e-15,81.6
sp|P33221|PURT_ECOLI,tr|S4HL51|S4HL51_GARVA,23.243,370,253,11,7,365,14,363,2.63e-15,81.6
sp|P33221|PURT_ECOLI,ONH76817.1,22.300,287,209,8,32,312,23,301,2.87e-15,82.8
sp|P33221|PURT_ECOLI,WP_117645130.1,26.446,363,213,16,22,365,14,341,2.93e-15,81.3
sp|P33221|PURT_ECOLI,WP_115757461.1,23.181,371,252,11,7,365,14,363,5.28e-15,80.5
sp|P33221|PURT_ECOLI,WP_106083320.1,25.348,359,222,14,22,365,14,341,5.86e-15,80.1
sp|P33221|PURT_ECOLI,WP_118776027.1,27.309,249,157,9,123,365,93,323,6.86e-15,80.1
sp|P33221|PURT_ECOLI,WP_118782280.1,25.641,273,168,11,123,382,93,343,1.04e-14,79.3
sp|P33221|PURT_ECOLI,WP_118788285.1,27.309,249,157,9,123,365,93,323,1.07e-14,79.3
sp|P33221|PURT_ECOLI,OUT23162.1,21.951,287,210,8,32,312,23,301,1.12e-14,80.5
sp|P33221|PURT_ECOLI,WP_060914747.1,26.250,240,155,5,79,317,73,291,1.38e-14,79.0
sp|P33221|PURT_ECOLI,WP_118815884.1,27.615,239,150,8,123,355,93,314,1.71e-14,79.0
sp|P33221|PURT_ECOLI,WP_005635995.1,26.506,249,159,9,123,365,93,323,1.93e-14,78.6
sp|P33221|PURT_ECOLI,WP_118842871.1,26.721,247,161,8,123,365,93,323,5.02e-14,77.4
sp|P33221|PURT_ECOLI,WP_005629638.1,25.070,355,221,12,15,365,10,323,5.61e-14,77.4
sp|P33221|PURT_ECOLI,WP_111407389.1,25.703,249,161,8,123,365,93,323,1.03e-13,76.6
sp|P33221|PURT_ECOLI,RFT27895.1,60.714,56,22,0,13,68,33,88,1.28e-13,70.5
sp|P33221|PURT_ECOLI,WP_118842044.1,26.587,252,155,9,123,365,93,323,1.64e-13,75.9
sp|P33221|PURT_ECOLI,WP_004015230.1,26.899,316,213,9,15,320,7,314,6.93e-12,71.2
sp|P33221|PURT_ECOLI,WP_004018160.1,26.899,316,213,9,15,320,7,314,1.13e-11,70.5
sp|P33221|PURT_ECOLI,WP_004016264.1,27.184,309,207,9,15,313,7,307,2.41e-11,69.3
sp|P33221|PURT_ECOLI,WP_004011660.1,27.184,309,207,9,15,313,7,307,2.48e-11,69.3
sp|P33221|PURT_ECOLI,WP_118275963.1,26.613,248,161,9,150,386,145,382,4.16e-11,68.9
sp|P33221|PURT_ECOLI,WP_004011163.1,25.472,318,212,10,15,320,9,313,4.57e-11,68.6
sp|P33221|PURT_ECOLI,WP_004007403.1,25.472,318,212,10,15,320,9,313,4.74e-11,68.6
sp|P33221|PURT_ECOLI,WP_032346241.1,27.604,192,129,3,123,312,88,271,9.94e-11,67.4
sp|P33221|PURT_ECOLI,YP_006780449.1,27.604,192,129,3,123,312,88,271,1.07e-10,67.4
sp|P33221|PURT_ECOLI,WP_000815554.1,27.604,192,129,3,123,312,88,271,1.07e-10,67.4
sp|P33221|PURT_ECOLI,WP_000815537.1,27.604,192,129,3,123,312,88,271,1.16e-10,67.4
sp|P33221|PURT_ECOLI,WP_000815553.1,27.604,192,129,3,123,312,88,271,1.20e-10,67.0
sp|P33221|PURT_ECOLI,NP_308611.1,25.792,221,150,4,123,341,88,296,1.22e-10,67.0
sp|P33221|PURT_ECOLI,WP_000815564.1,25.792,221,150,4,123,341,88,296,1.27e-10,67.0
sp|P33221|PURT_ECOLI,WP_000815576.1,25.792,221,150,4,123,341,88,296,1.28e-10,67.0
sp|P33221|PURT_ECOLI,NP_415055.1,27.604,192,129,3,123,312,88,271,1.33e-10,67.0
sp|P33221|PURT_ECOLI,WP_065226324.1,27.604,192,129,3,123,312,88,271,1.36e-10,67.0
sp|P33221|PURT_ECOLI,YP_002406516.1,27.604,192,129,3,123,312,88,271,1.36e-10,67.0
sp|P33221|PURT_ECOLI,WP_074026257.1,26.087,368,245,13,10,365,15,367,1.37e-10,67.4
sp|P33221|PURT_ECOLI,WP_000815525.1,25.523,239,151,5,123,359,88,301,1.39e-10,67.0
sp|P33221|PURT_ECOLI,WP_000815534.1,27.604,192,129,3,123,312,88,271,1.42e-10,67.0
sp|P33221|PURT_ECOLI,YP_002411325.1,27.604,192,129,3,123,312,88,271,1.85e-10,66.6
sp|P33221|PURT_ECOLI,YP_006118858.1,26.271,236,147,5,123,356,88,298,3.05e-10,65.9
sp|P33221|PURT_ECOLI,WP_103002731.1,24.363,353,225,9,14,341,5,340,5.08e-10,65.5
sp|P33221|PURT_ECOLI,WP_004805951.1,26.556,241,164,7,94,327,80,314,9.73e-10,64.7
sp|P33221|PURT_ECOLI,WP_004008971.1,24.843,318,214,10,15,320,9,313,1.13e-09,64.3
sp|P33221|PURT_ECOLI,WP_117571109.1,27.615,239,145,13,65,284,84,313,6.17e-09,62.0
sp|P33221|PURT_ECOLI,WP_117924322.1,27.615,239,145,13,65,284,84,313,6.45e-09,62.0
sp|P33221|PURT_ECOLI,WP_118115256.1,27.615,239,145,13,65,284,84,313,6.75e-09,61.6
sp|P33221|PURT_ECOLI,WP_117993144.1,28.037,214,130,11,89,284,106,313,1.12e-08,61.2
sp|P33221|PURT_ECOLI,WP_004833826.1,22.901,262,172,6,14,259,3,250,4.60e-08,59.3
sp|P33221|PURT_ECOLI,WP_082345494.1,23.989,371,245,12,14,365,18,370,1.46e-07,58.2
sp|P33221|PURT_ECOLI,WP_100190700.1,21.352,281,203,9,15,283,1,275,4.68e-07,56.2
sp|P33221|PURT_ECOLI,WP_021669577.1,29.213,178,113,6,14,183,7,179,7.79e-07,55.8
sp|P33221|PURT_ECOLI,WP_118036794.1,24.434,221,134,11,114,320,113,314,9.74e-06,52.0
sp|P33221|PURT_ECOLI,WP_117977405.1,22.917,192,121,7,142,320,137,314,1.08e-05,52.0
sp|P33221|PURT_ECOLI,WP_100189134.1,26.048,334,217,15,14,327,3,326,1.55e-05,51.6
sp|P33221|PURT_ECOLI,WP_041330231.1,26.961,204,131,8,94,284,119,317,1.75e-05,51.2
sp|P33221|PURT_ECOLI,WP_021982571.1,19.370,413,276,12,15,391,6,397,1.83e-05,51.2
sp|P33221|PURT_ECOLI,WP_021418924.1,26.961,204,131,8,94,284,119,317,2.33e-05,50.8
sp|P33221|PURT_ECOLI,WP_094230386.1,23.853,218,155,4,14,228,5,214,2.90e-05,50.8
sp|P33221|PURT_ECOLI,WP_102164167.1,22.030,404,274,14,14,391,5,393,3.31e-05,50.4
sp|P33221|PURT_ECOLI,WP_117741235.1,25.641,195,118,6,14,198,3,180,3.55e-05,50.4
sp|P33221|PURT_ECOLI,WP_021911432.1,22.968,283,197,8,14,283,3,277,4.62e-05,50.1
sp|P33221|PURT_ECOLI,WP_117980137.1,23.242,327,209,13,12,317,2,307,4.70e-05,50.1
sp|P33221|PURT_ECOLI,WP_015778192.1,24.286,210,143,8,14,215,3,204,4.98e-05,50.1
sp|P33221|PURT_ECOLI,WP_096404982.1,25.076,331,224,14,14,327,3,326,5.32e-05,50.1
sp|P33221|PURT_ECOLI,WP_008687019.1,25.532,188,133,6,14,199,6,188,8.87e-05,49.3
