sp|P33225|TORA_ECOLI,NP_415517.1,100.000,848,0,0,1,848,1,848,0.0,1772
sp|P33225|TORA_ECOLI,WP_001062101.1,99.646,848,3,0,1,848,1,848,0.0,1764
sp|P33225|TORA_ECOLI,WP_021577291.1,99.646,847,3,0,1,847,1,847,0.0,1764
sp|P33225|TORA_ECOLI,WP_001063131.1,99.528,848,4,0,1,848,1,848,0.0,1761
sp|P33225|TORA_ECOLI,WP_065226557.1,99.410,848,5,0,1,848,1,848,0.0,1761
sp|P33225|TORA_ECOLI,WP_001063145.1,99.292,848,6,0,1,848,1,848,0.0,1759
sp|P33225|TORA_ECOLI,YP_002411932.1,99.292,848,6,0,1,848,1,848,0.0,1758
sp|P33225|TORA_ECOLI,WP_025404283.1,99.292,848,6,0,1,848,1,848,0.0,1758
sp|P33225|TORA_ECOLI,YP_006119329.1,98.939,848,9,0,1,848,1,848,0.0,1755
sp|P33225|TORA_ECOLI,NP_309179.1,99.292,847,6,0,1,847,1,847,0.0,1755
sp|P33225|TORA_ECOLI,YP_002408120.1,99.057,848,8,0,1,848,1,848,0.0,1752
sp|P33225|TORA_ECOLI,WP_001063175.1,99.174,847,7,0,1,847,1,847,0.0,1752
sp|P33225|TORA_ECOLI,WP_127824114.1,99.174,847,7,0,1,847,1,847,0.0,1751
sp|P33225|TORA_ECOLI,WP_005640405.1,52.053,828,379,9,10,833,4,817,0.0,906
sp|P33225|TORA_ECOLI,WP_133498091.1,44.615,845,437,12,1,834,1,825,0.0,715
sp|P33225|TORA_ECOLI,WP_118856638.1,44.471,841,443,11,1,834,1,824,0.0,711
sp|P33225|TORA_ECOLI,WP_118808865.1,44.352,841,444,11,1,834,1,824,0.0,708
sp|P33225|TORA_ECOLI,WP_005639801.1,44.114,841,446,11,1,834,1,824,0.0,707
sp|P33225|TORA_ECOLI,WP_118785541.1,44.233,841,445,11,1,834,1,824,0.0,707
sp|P33225|TORA_ECOLI,WP_118791688.1,43.995,841,447,11,1,834,1,824,0.0,707
sp|P33225|TORA_ECOLI,WP_118791024.1,43.995,841,447,11,1,834,1,824,0.0,706
sp|P33225|TORA_ECOLI,YP_002407185.1,44.444,828,428,14,10,831,4,805,0.0,671
sp|P33225|TORA_ECOLI,WP_032323745.1,44.444,828,428,14,10,831,4,805,0.0,670
sp|P33225|TORA_ECOLI,WP_000176770.1,44.444,828,428,14,10,831,4,805,0.0,670
sp|P33225|TORA_ECOLI,WP_000176808.1,44.444,828,428,14,10,831,4,805,0.0,669
sp|P33225|TORA_ECOLI,WP_000176811.1,44.444,828,428,14,10,831,4,805,0.0,669
sp|P33225|TORA_ECOLI,WP_106907852.1,44.444,828,428,14,10,831,4,805,0.0,669
sp|P33225|TORA_ECOLI,YP_006778744.1,44.565,828,427,14,10,831,4,805,0.0,669
sp|P33225|TORA_ECOLI,NP_310609.2,44.444,828,428,14,10,831,4,805,0.0,669
sp|P33225|TORA_ECOLI,WP_000176817.1,44.565,828,427,14,10,831,4,805,0.0,668
sp|P33225|TORA_ECOLI,WP_000176806.1,44.444,828,428,14,10,831,4,805,0.0,667
sp|P33225|TORA_ECOLI,WP_000176856.1,44.444,828,428,14,10,831,4,805,0.0,667
sp|P33225|TORA_ECOLI,YP_006120233.1,44.203,828,430,14,10,831,4,805,0.0,666
sp|P33225|TORA_ECOLI,NP_416386.4,44.203,828,430,14,10,831,4,805,0.0,666
sp|P33225|TORA_ECOLI,WP_000176765.1,44.324,828,429,14,10,831,4,805,0.0,666
sp|P33225|TORA_ECOLI,WP_000176812.1,44.324,828,429,14,10,831,4,805,0.0,665
sp|P33225|TORA_ECOLI,WP_121831925.1,44.324,828,429,14,10,831,4,805,0.0,664
sp|P33225|TORA_ECOLI,YP_002412892.1,44.082,828,431,14,10,831,4,805,0.0,662
sp|P33225|TORA_ECOLI,WP_065227089.1,44.082,828,431,13,10,831,4,805,0.0,662
sp|P33225|TORA_ECOLI,WP_024962889.1,41.007,834,466,11,10,831,6,825,0.0,648
sp|P33225|TORA_ECOLI,WP_050335918.1,41.247,834,464,11,10,831,6,825,0.0,647
sp|P33225|TORA_ECOLI,WP_114675452.1,40.887,834,467,11,10,831,6,825,0.0,647
sp|P33225|TORA_ECOLI,WP_016646315.1,41.007,834,466,11,10,831,6,825,0.0,645
sp|P33225|TORA_ECOLI,WP_022373502.1,43.439,785,425,11,42,819,59,831,0.0,644
sp|P33225|TORA_ECOLI,WP_018713425.1,41.007,834,466,11,10,831,6,825,0.0,642
sp|P33225|TORA_ECOLI,WP_101637662.1,40.767,834,468,11,10,831,6,825,0.0,640
sp|P33225|TORA_ECOLI,WP_139689042.1,42.894,781,427,11,46,819,65,833,0.0,631
sp|P33225|TORA_ECOLI,WP_118276409.1,40.377,795,451,10,46,831,67,847,0.0,617
sp|P33225|TORA_ECOLI,WP_071906236.1,42.785,790,426,13,49,832,6,775,0.0,617
sp|P33225|TORA_ECOLI,WP_000013982.1,42.785,790,426,13,49,832,6,775,0.0,617
sp|P33225|TORA_ECOLI,WP_000185342.1,42.911,790,425,13,49,832,6,775,0.0,617
sp|P33225|TORA_ECOLI,NP_312463.2,42.911,790,425,13,49,832,6,775,0.0,616
sp|P33225|TORA_ECOLI,YP_006776955.1,43.236,791,421,15,49,832,6,775,0.0,615
sp|P33225|TORA_ECOLI,WP_000013958.1,42.785,790,426,13,49,832,6,775,0.0,614
sp|P33225|TORA_ECOLI,YP_002414705.1,44.846,747,386,13,92,832,31,757,0.0,613
sp|P33225|TORA_ECOLI,WP_000013916.1,43.110,791,422,15,49,832,6,775,0.0,613
sp|P33225|TORA_ECOLI,NP_418007.3,42.658,790,427,12,49,832,6,775,0.0,613
sp|P33225|TORA_ECOLI,WP_000013940.1,42.405,790,429,13,49,832,6,775,0.0,607
sp|P33225|TORA_ECOLI,YP_002409945.1,44.177,747,391,13,92,832,31,757,0.0,603
sp|P33225|TORA_ECOLI,YP_006121878.1,43.909,747,393,13,92,832,31,757,0.0,599
sp|P33225|TORA_ECOLI,WP_021995892.1,42.245,793,433,14,45,831,81,854,0.0,595
sp|P33225|TORA_ECOLI,WP_016473763.1,42.245,793,433,14,45,831,81,854,0.0,595
sp|P33225|TORA_ECOLI,WP_018713391.1,39.277,802,473,9,37,831,19,813,0.0,592
sp|P33225|TORA_ECOLI,WP_113854568.1,40.100,798,454,13,38,831,67,844,0.0,576
sp|P33225|TORA_ECOLI,WP_005431738.1,40.100,798,454,13,38,831,67,844,0.0,575
sp|P33225|TORA_ECOLI,WP_139688684.1,41.110,793,440,15,46,831,72,844,0.0,566
sp|P33225|TORA_ECOLI,WP_113854696.1,39.250,800,445,13,53,831,22,801,3.29e-180,543
sp|P33225|TORA_ECOLI,WP_022372461.1,39.258,782,453,12,54,831,80,843,4.87e-180,543
sp|P33225|TORA_ECOLI,WP_005428970.1,39.250,800,445,13,53,831,22,801,2.92e-179,540
sp|P33225|TORA_ECOLI,WP_139687371.1,38.327,801,462,16,47,831,14,798,6.04e-168,511
sp|P33225|TORA_ECOLI,WP_022373988.1,38.452,788,449,11,54,832,19,779,4.18e-161,493
sp|P33225|TORA_ECOLI,WP_022442956.1,39.783,553,321,7,287,835,6,550,4.24e-138,425
sp|P33225|TORA_ECOLI,WP_051009027.1,35.115,786,470,15,47,817,2,762,3.18e-127,404
sp|P33225|TORA_ECOLI,WP_062333187.1,35.115,786,470,15,47,817,2,762,6.87e-125,397
sp|P33225|TORA_ECOLI,WP_005643110.1,30.638,878,475,30,1,817,1,805,4.64e-90,306
sp|P33225|TORA_ECOLI,YP_006119178.1,32.063,761,421,23,93,817,113,813,6.98e-89,303
sp|P33225|TORA_ECOLI,YP_006780050.1,32.063,761,421,23,93,817,113,813,1.34e-88,302
sp|P33225|TORA_ECOLI,WP_000850297.1,32.105,760,420,23,94,817,114,813,1.41e-88,302
sp|P33225|TORA_ECOLI,WP_062946183.1,31.070,869,472,29,8,817,13,813,1.52e-88,302
sp|P33225|TORA_ECOLI,WP_000850334.1,32.063,761,421,23,93,817,113,813,1.57e-88,302
sp|P33225|TORA_ECOLI,WP_000850306.1,32.063,761,421,23,93,817,113,813,1.67e-88,302
sp|P33225|TORA_ECOLI,WP_000850325.1,32.105,760,420,23,94,817,114,813,1.81e-88,302
sp|P33225|TORA_ECOLI,NP_415414.4,32.105,760,420,23,94,817,114,813,1.98e-88,302
sp|P33225|TORA_ECOLI,YP_002411842.1,32.063,761,421,23,93,817,113,813,2.51e-88,301
sp|P33225|TORA_ECOLI,YP_002408217.1,31.932,761,422,23,93,817,113,813,3.89e-88,301
sp|P33225|TORA_ECOLI,WP_038430859.1,31.974,760,421,23,94,817,114,813,2.12e-87,299
sp|P33225|TORA_ECOLI,WP_005632842.1,30.979,807,441,26,62,817,64,805,3.21e-87,298
sp|P33225|TORA_ECOLI,WP_044364421.1,30.941,808,441,26,62,817,64,806,9.66e-87,297
sp|P33225|TORA_ECOLI,WP_118858937.1,30.855,807,442,26,62,817,64,805,2.25e-86,296
sp|P33225|TORA_ECOLI,WP_022372632.1,29.790,856,490,29,6,817,2,790,1.48e-84,291
sp|P33225|TORA_ECOLI,WP_118275414.1,29.812,852,502,25,7,817,5,801,2.26e-84,291
sp|P33225|TORA_ECOLI,WP_147645381.1,29.085,863,505,29,10,817,6,816,9.14e-81,281
sp|P33225|TORA_ECOLI,WP_000041554.1,29.133,865,507,29,1,817,1,807,8.67e-79,276
sp|P33225|TORA_ECOLI,WP_000041668.1,29.133,865,507,29,1,817,1,807,1.04e-78,275
sp|P33225|TORA_ECOLI,WP_005435431.1,30.904,741,423,22,115,817,1,690,2.65e-78,271
sp|P33225|TORA_ECOLI,YP_006119947.1,29.133,865,507,29,1,817,1,807,3.93e-78,274
sp|P33225|TORA_ECOLI,WP_022444139.1,29.596,767,430,22,92,816,92,790,3.03e-77,271
sp|P33225|TORA_ECOLI,NP_416104.1,28.935,864,510,28,1,817,1,807,3.29e-77,271
sp|P33225|TORA_ECOLI,WP_062331274.1,29.412,765,450,22,93,820,103,814,7.44e-77,270
sp|P33225|TORA_ECOLI,YP_002412605.1,29.868,760,441,24,93,817,105,807,1.01e-76,270
sp|P33225|TORA_ECOLI,WP_023154523.1,29.017,865,508,29,1,817,1,807,1.89e-76,269
sp|P33225|TORA_ECOLI,WP_065226943.1,29.133,865,507,29,1,817,1,807,2.13e-76,269
sp|P33225|TORA_ECOLI,WP_005026630.1,29.604,858,494,28,11,817,13,811,2.68e-76,269
sp|P33225|TORA_ECOLI,WP_005435120.1,29.281,765,451,22,93,820,103,814,5.27e-76,268
sp|P33225|TORA_ECOLI,WP_118276468.1,28.769,869,476,29,11,817,10,797,1.75e-75,266
sp|P33225|TORA_ECOLI,WP_029435319.1,29.569,859,493,29,11,817,13,811,2.46e-75,266
sp|P33225|TORA_ECOLI,YP_006779227.1,28.786,865,510,28,1,817,1,807,3.43e-75,266
sp|P33225|TORA_ECOLI,WP_061069257.1,29.342,760,445,24,93,817,105,807,6.37e-75,265
sp|P33225|TORA_ECOLI,NP_310320.1,29.342,760,445,24,93,817,105,807,8.61e-75,265
sp|P33225|TORA_ECOLI,WP_000041703.1,29.474,760,444,24,93,817,105,807,1.70e-74,264
sp|P33225|TORA_ECOLI,WP_013170453.1,28.023,885,526,30,2,817,7,849,3.25e-74,264
sp|P33225|TORA_ECOLI,WP_046939452.1,28.798,757,441,27,99,817,109,805,5.68e-74,262
sp|P33225|TORA_ECOLI,WP_072141258.1,30.493,751,432,25,99,817,114,806,1.34e-73,261
sp|P33225|TORA_ECOLI,YP_002407476.1,29.894,756,446,24,93,817,105,807,1.36e-73,261
sp|P33225|TORA_ECOLI,WP_024257742.1,27.615,851,503,27,8,817,14,792,1.76e-73,261
sp|P33225|TORA_ECOLI,WP_001443304.1,30.360,751,433,25,99,817,114,806,1.84e-73,261
sp|P33225|TORA_ECOLI,YP_006779226.1,30.186,752,433,25,99,817,114,806,3.49e-73,260
sp|P33225|TORA_ECOLI,YP_002407475.1,30.759,751,430,26,99,817,114,806,4.13e-73,260
sp|P33225|TORA_ECOLI,NP_310321.2,30.360,751,433,25,99,817,105,797,4.48e-73,259
sp|P33225|TORA_ECOLI,WP_077884277.1,30.626,751,431,26,99,817,114,806,4.65e-73,259
sp|P33225|TORA_ECOLI,WP_000041701.1,29.474,760,444,24,93,817,105,807,4.97e-73,259
sp|P33225|TORA_ECOLI,WP_001414236.1,30.360,751,433,25,99,817,114,806,5.51e-73,259
sp|P33225|TORA_ECOLI,YP_002412606.1,30.626,751,431,26,99,817,114,806,6.40e-73,259
sp|P33225|TORA_ECOLI,WP_000380691.1,27.497,851,504,27,8,817,14,792,1.02e-72,258
sp|P33225|TORA_ECOLI,WP_001340362.1,30.226,751,434,25,99,817,114,806,1.38e-72,258
sp|P33225|TORA_ECOLI,WP_077886428.1,30.226,751,434,25,99,817,114,806,1.86e-72,258
sp|P33225|TORA_ECOLI,WP_001342196.1,30.226,751,434,25,99,817,114,806,1.88e-72,258
sp|P33225|TORA_ECOLI,WP_070725086.1,29.282,864,497,28,10,817,11,816,3.01e-72,258
sp|P33225|TORA_ECOLI,NP_311411.1,27.497,851,504,27,8,817,14,792,3.06e-72,257
sp|P33225|TORA_ECOLI,WP_058236300.1,29.282,864,497,28,10,817,11,816,4.17e-72,257
sp|P33225|TORA_ECOLI,WP_101485887.1,28.729,818,479,26,45,817,57,815,9.12e-68,245
sp|P33225|TORA_ECOLI,WP_004008961.1,28.427,890,500,34,10,817,12,846,9.78e-66,240
sp|P33225|TORA_ECOLI,WP_004007416.1,28.315,890,501,34,10,817,12,846,4.31e-65,238
sp|P33225|TORA_ECOLI,WP_004011172.1,28.315,890,501,34,10,817,12,846,4.52e-65,238
sp|P33225|TORA_ECOLI,WP_048706639.1,27.180,883,526,27,10,817,5,845,3.38e-62,230
sp|P33225|TORA_ECOLI,WP_117755955.1,28.856,752,433,29,96,817,254,933,2.48e-61,228
sp|P33225|TORA_ECOLI,WP_147558684.1,28.856,752,433,29,96,817,254,933,3.88e-61,228
sp|P33225|TORA_ECOLI,WP_022444361.1,27.807,748,410,29,7,696,3,678,2.11e-58,216
sp|P33225|TORA_ECOLI,WP_139687183.1,30.820,451,266,11,343,775,4,426,2.47e-55,202
sp|P33225|TORA_ECOLI,KXB53114.1,26.268,769,453,26,99,817,87,791,4.63e-55,208
sp|P33225|TORA_ECOLI,WP_094224144.1,25.659,834,490,31,62,824,71,845,2.64e-54,207
sp|P33225|TORA_ECOLI,YP_006119949.1,31.296,540,308,19,310,817,1,509,2.01e-53,198
sp|P33225|TORA_ECOLI,WP_066780161.1,25.748,769,457,26,99,817,104,808,2.38e-53,204
sp|P33225|TORA_ECOLI,WP_022444442.1,24.835,757,416,27,99,777,122,803,1.91e-36,152
sp|P33225|TORA_ECOLI,KXB53175.1,23.377,770,457,26,62,774,54,747,1.07e-34,147
sp|P33225|TORA_ECOLI,WP_156425684.1,23.247,770,458,26,62,774,44,737,1.41e-34,146
sp|P33225|TORA_ECOLI,WP_005435299.1,38.384,198,116,3,104,300,1,193,1.03e-33,133
sp|P33225|TORA_ECOLI,WP_118276322.1,24.246,796,438,29,99,800,129,853,6.53e-33,142
sp|P33225|TORA_ECOLI,WP_072095802.1,31.366,322,180,10,99,406,114,408,2.09e-28,125
sp|P33225|TORA_ECOLI,WP_101637597.1,21.733,750,434,29,62,758,56,705,3.84e-27,123
sp|P33225|TORA_ECOLI,WP_016646855.1,21.733,750,434,29,62,758,56,705,1.43e-26,121
sp|P33225|TORA_ECOLI,WP_024962542.1,21.579,760,423,31,62,758,56,705,3.98e-26,120
sp|P33225|TORA_ECOLI,WP_115651847.1,21.711,760,422,31,62,758,34,683,5.37e-26,119
sp|P33225|TORA_ECOLI,WP_050335180.1,21.447,760,424,31,62,758,56,705,6.38e-26,119
sp|P33225|TORA_ECOLI,WP_018713655.1,21.711,760,422,31,62,758,56,705,6.66e-26,119
sp|P33225|TORA_ECOLI,WP_118275967.1,21.708,843,522,31,10,817,5,744,1.52e-23,111
sp|P33225|TORA_ECOLI,WP_065360181.1,23.234,736,406,28,66,773,22,626,2.82e-23,110
sp|P33225|TORA_ECOLI,WP_002835344.1,21.359,721,434,27,68,758,22,639,5.93e-22,106
sp|P33225|TORA_ECOLI,WP_087478284.1,22.849,709,413,27,87,773,30,626,2.42e-21,104
sp|P33225|TORA_ECOLI,WP_004269613.1,20.937,726,442,27,62,758,17,639,2.94e-21,104
sp|P33225|TORA_ECOLI,WP_094209581.1,20.898,713,424,28,80,758,33,639,3.21e-21,103
sp|P33225|TORA_ECOLI,WP_102164548.1,21.105,706,431,25,80,758,33,639,3.59e-21,103
sp|P33225|TORA_ECOLI,WP_002838622.1,20.723,719,441,25,68,758,22,639,8.57e-21,102
sp|P33225|TORA_ECOLI,WP_005024980.1,23.913,644,381,19,121,750,68,616,9.14e-21,102
sp|P33225|TORA_ECOLI,WP_094225530.1,20.799,726,443,27,62,758,17,639,1.12e-20,102
sp|P33225|TORA_ECOLI,WP_110058349.1,21.216,707,429,26,80,758,33,639,1.22e-20,102
sp|P33225|TORA_ECOLI,WP_062412550.1,23.128,748,394,31,65,773,21,626,1.29e-20,102
sp|P33225|TORA_ECOLI,WP_154254578.1,23.128,748,394,31,65,773,21,626,2.35e-20,101
sp|P33225|TORA_ECOLI,WP_094206954.1,21.045,708,429,26,80,758,33,639,2.39e-20,101
sp|P33225|TORA_ECOLI,WP_004838149.1,21.504,665,410,22,121,765,282,854,2.64e-20,101
sp|P33225|TORA_ECOLI,WP_094202590.1,20.584,719,442,25,68,758,22,639,3.29e-20,100
sp|P33225|TORA_ECOLI,WP_012817910.1,22.861,678,412,25,99,759,61,644,5.08e-20,100
sp|P33225|TORA_ECOLI,WP_020310418.1,23.297,734,410,30,65,773,21,626,5.42e-20,100
sp|P33225|TORA_ECOLI,WP_002842043.1,20.733,709,432,26,80,759,33,640,5.45e-20,100
sp|P33225|TORA_ECOLI,WP_077633847.1,22.861,678,412,25,99,759,61,644,7.37e-20,99.8
sp|P33225|TORA_ECOLI,WP_001300547.1,22.861,678,412,25,99,759,61,644,7.37e-20,99.8
sp|P33225|TORA_ECOLI,YP_002415220.1,22.861,678,412,25,99,759,61,644,9.99e-20,99.4
sp|P33225|TORA_ECOLI,WP_060790008.1,20.828,725,444,26,62,758,17,639,1.00e-19,99.4
sp|P33225|TORA_ECOLI,WP_035112250.1,21.075,707,430,26,80,758,33,639,1.15e-19,99.4
sp|P33225|TORA_ECOLI,WP_154274162.1,20.690,725,434,23,68,758,22,639,1.24e-19,99.0
sp|P33225|TORA_ECOLI,WP_077630709.1,22.861,678,412,25,99,759,61,644,1.34e-19,99.0
sp|P33225|TORA_ECOLI,NP_313088.1,22.714,678,413,25,99,759,61,644,3.96e-19,97.4
sp|P33225|TORA_ECOLI,WP_022373485.1,25.556,360,213,12,469,817,78,393,1.15e-18,94.0
sp|P33225|TORA_ECOLI,WP_065360269.1,22.034,708,415,25,99,772,67,671,1.37e-18,95.9
sp|P33225|TORA_ECOLI,WP_016476440.1,22.080,702,410,29,94,773,54,640,1.60e-18,95.5
sp|P33225|TORA_ECOLI,WP_118354335.1,21.795,702,412,29,94,773,54,640,1.62e-18,95.5
sp|P33225|TORA_ECOLI,WP_005375609.1,22.365,702,408,30,94,773,54,640,5.26e-18,94.0
sp|P33225|TORA_ECOLI,WP_119982336.1,21.826,701,413,28,94,773,54,640,8.41e-18,93.2
sp|P33225|TORA_ECOLI,WP_005379752.1,22.222,702,409,30,94,773,54,640,1.23e-17,92.8
sp|P33225|TORA_ECOLI,WP_156931700.1,22.222,702,409,30,94,773,54,640,1.44e-17,92.4
sp|P33225|TORA_ECOLI,WP_154273762.1,22.616,734,433,29,55,764,236,858,1.84e-17,92.4
sp|P33225|TORA_ECOLI,WP_005384044.1,22.365,702,408,30,94,773,54,640,2.36e-17,91.7
sp|P33225|TORA_ECOLI,WP_154254604.1,22.890,699,402,26,99,763,67,662,4.54e-17,90.9
sp|P33225|TORA_ECOLI,WP_094203446.1,20.588,714,425,24,80,758,33,639,5.53e-17,90.5
sp|P33225|TORA_ECOLI,WP_060807248.1,22.254,701,408,30,94,772,54,639,7.01e-17,90.1
sp|P33225|TORA_ECOLI,WP_080565304.1,22.480,734,434,29,55,764,236,858,9.61e-17,90.1
sp|P33225|TORA_ECOLI,WP_094230127.1,22.616,734,433,29,55,764,236,858,1.64e-16,89.4
sp|P33225|TORA_ECOLI,WP_080551582.1,22.480,734,434,29,55,764,236,858,2.21e-16,89.0
sp|P33225|TORA_ECOLI,WP_080552394.1,22.480,734,434,29,55,764,236,858,2.21e-16,89.0
sp|P33225|TORA_ECOLI,WP_081091115.1,22.480,734,434,29,55,764,236,858,2.25e-16,89.0
sp|P33225|TORA_ECOLI,WP_094225818.1,22.480,734,434,29,55,764,236,858,2.36e-16,89.0
sp|P33225|TORA_ECOLI,WP_080503393.1,22.343,734,435,29,55,764,236,858,6.84e-16,87.4
sp|P33225|TORA_ECOLI,WP_082715159.1,21.530,706,413,24,99,772,62,658,8.48e-16,87.0
sp|P33225|TORA_ECOLI,WP_083801168.1,22.552,674,403,27,130,772,85,670,1.34e-15,86.3
sp|P33225|TORA_ECOLI,YP_006122433.1,23.062,503,325,17,264,759,41,488,1.62e-15,85.5
sp|P33225|TORA_ECOLI,WP_062332669.1,22.857,700,400,32,84,748,86,680,2.40e-15,85.5
sp|P33225|TORA_ECOLI,KXB54199.1,22.081,471,288,13,338,772,406,833,2.43e-15,85.5
sp|P33225|TORA_ECOLI,KXB54199.1,24.028,283,166,12,62,337,91,331,2.14e-06,56.6
sp|P33225|TORA_ECOLI,WP_118781644.1,21.683,701,437,24,92,772,50,658,3.03e-15,85.1
sp|P33225|TORA_ECOLI,WP_118817230.1,21.664,697,442,25,92,772,50,658,3.08e-15,85.1
sp|P33225|TORA_ECOLI,WP_118775974.1,21.808,697,441,25,92,772,50,658,3.11e-15,85.1
sp|P33225|TORA_ECOLI,WP_118795822.1,21.541,701,438,24,92,772,50,658,3.42e-15,84.7
sp|P33225|TORA_ECOLI,YP_006781340.1,23.438,512,312,19,264,759,41,488,3.85e-15,84.3
sp|P33225|TORA_ECOLI,WP_080567419.1,21.541,701,438,24,92,772,50,658,4.31e-15,84.7
sp|P33225|TORA_ECOLI,WP_114892665.1,21.541,701,438,24,92,772,50,658,4.82e-15,84.3
sp|P33225|TORA_ECOLI,WP_080565539.1,21.541,701,438,24,92,772,50,658,5.04e-15,84.3
sp|P33225|TORA_ECOLI,WP_081278295.1,21.398,701,439,24,92,772,50,658,5.78e-15,84.3
sp|P33225|TORA_ECOLI,WP_118788561.1,21.541,701,438,24,92,772,50,658,5.83e-15,84.3
sp|P33225|TORA_ECOLI,WP_080948128.1,21.541,701,438,24,92,772,50,658,5.88e-15,84.3
sp|P33225|TORA_ECOLI,WP_118842976.1,21.541,701,438,24,92,772,50,658,6.25e-15,84.0
sp|P33225|TORA_ECOLI,WP_134078808.1,21.398,701,439,24,92,772,50,658,6.36e-15,84.0
sp|P33225|TORA_ECOLI,WP_080950181.1,21.398,701,439,24,92,772,50,658,6.58e-15,84.0
sp|P33225|TORA_ECOLI,WP_080563620.1,21.398,701,439,24,92,772,50,658,7.75e-15,84.0
sp|P33225|TORA_ECOLI,WP_156425662.1,21.656,471,290,13,338,772,351,778,8.34e-15,84.0
sp|P33225|TORA_ECOLI,WP_156425662.1,24.735,283,164,13,62,337,36,276,3.70e-06,55.8
sp|P33225|TORA_ECOLI,WP_114892187.1,21.398,701,439,24,92,772,50,658,9.20e-15,83.6
sp|P33225|TORA_ECOLI,WP_095629811.1,21.958,715,430,28,89,763,36,662,9.89e-15,83.6
sp|P33225|TORA_ECOLI,WP_118855206.1,21.398,701,439,24,92,772,50,658,1.04e-14,83.2
sp|P33225|TORA_ECOLI,WP_080950766.1,21.398,701,439,24,92,772,50,658,1.06e-14,83.2
sp|P33225|TORA_ECOLI,WP_118793832.1,21.541,701,438,24,92,772,50,658,1.71e-14,82.8
sp|P33225|TORA_ECOLI,WP_139688891.1,25.763,295,151,10,58,331,61,308,6.09e-14,81.3
sp|P33225|TORA_ECOLI,WP_139688891.1,23.353,334,196,14,476,773,507,816,1.48e-06,57.0
sp|P33225|TORA_ECOLI,WP_087478841.1,22.190,694,413,28,99,763,67,662,8.64e-14,80.5
sp|P33225|TORA_ECOLI,WP_080545245.1,22.392,719,425,30,55,750,236,844,1.67e-13,79.7
sp|P33225|TORA_ECOLI,WP_094203932.1,22.222,720,425,29,55,750,236,844,2.37e-13,79.3
sp|P33225|TORA_ECOLI,WP_005429328.1,25.694,288,160,10,58,331,63,310,2.68e-13,79.0
sp|P33225|TORA_ECOLI,WP_005429328.1,23.138,376,249,13,476,825,509,870,9.35e-08,61.2
sp|P33225|TORA_ECOLI,WP_062331996.1,24.719,356,195,13,5,334,2,310,2.77e-13,79.0
sp|P33225|TORA_ECOLI,WP_139687182.1,26.820,261,152,9,92,349,94,318,3.27e-13,76.6
sp|P33225|TORA_ECOLI,WP_110057840.1,22.083,720,426,29,55,750,236,844,3.63e-13,78.6
sp|P33225|TORA_ECOLI,WP_094223647.1,22.083,720,426,29,55,750,236,844,3.95e-13,78.6
sp|P33225|TORA_ECOLI,WP_118274673.1,24.684,316,170,10,40,334,47,315,4.84e-13,78.2
sp|P33225|TORA_ECOLI,WP_118274673.1,20.859,326,213,12,476,773,511,819,0.009,44.7
sp|P33225|TORA_ECOLI,WP_094208885.1,22.083,720,426,29,55,750,236,844,4.85e-13,78.2
sp|P33225|TORA_ECOLI,WP_094210023.1,22.083,720,426,29,55,750,236,844,6.27e-13,77.8
sp|P33225|TORA_ECOLI,WP_094207397.1,22.083,720,426,29,55,750,236,844,6.55e-13,77.8
sp|P33225|TORA_ECOLI,WP_032827153.1,22.424,495,311,15,293,772,66,502,7.75e-13,77.0
sp|P33225|TORA_ECOLI,WP_016475238.1,25.347,288,161,10,58,331,63,310,8.29e-13,77.4
sp|P33225|TORA_ECOLI,WP_016475238.1,23.138,376,249,13,476,825,509,870,1.04e-07,60.8
sp|P33225|TORA_ECOLI,WP_005432320.1,25.325,462,276,16,338,768,397,820,9.28e-13,77.4
sp|P33225|TORA_ECOLI,WP_005432320.1,31.148,61,34,1,112,172,119,171,6.0,35.8
sp|P33225|TORA_ECOLI,WP_118861621.1,23.374,569,348,25,61,584,52,577,1.10e-12,77.0
sp|P33225|TORA_ECOLI,WP_118861621.1,27.368,95,56,4,723,817,744,825,5.7,35.8
sp|P33225|TORA_ECOLI,WP_016474232.1,25.325,462,276,16,338,768,397,820,1.32e-12,76.6
sp|P33225|TORA_ECOLI,WP_016474232.1,31.148,61,34,1,112,172,119,171,6.1,35.4
sp|P33225|TORA_ECOLI,WP_113854330.1,24.649,499,302,17,301,768,365,820,1.39e-12,76.6
sp|P33225|TORA_ECOLI,WP_113854330.1,31.148,61,34,1,112,172,119,171,6.0,35.8
sp|P33225|TORA_ECOLI,NP_416710.1,21.328,919,523,38,7,817,1,827,2.02e-12,76.3
sp|P33225|TORA_ECOLI,YP_006120588.1,21.328,919,523,38,7,817,1,827,2.20e-12,75.9
sp|P33225|TORA_ECOLI,WP_032277551.1,21.219,919,524,38,7,817,1,827,2.25e-12,75.9
sp|P33225|TORA_ECOLI,YP_002413254.1,21.328,919,523,38,7,817,1,827,2.27e-12,75.9
sp|P33225|TORA_ECOLI,WP_114891534.1,23.199,569,349,25,61,584,52,577,2.37e-12,75.9
sp|P33225|TORA_ECOLI,WP_114891534.1,27.368,95,56,4,723,817,744,825,5.7,35.8
sp|P33225|TORA_ECOLI,WP_000778069.1,21.328,919,523,38,7,817,1,827,2.37e-12,75.9
sp|P33225|TORA_ECOLI,WP_058695594.1,21.678,715,431,25,92,788,269,872,2.44e-12,75.9
sp|P33225|TORA_ECOLI,WP_139687519.1,22.142,691,419,31,93,757,94,691,2.44e-12,75.9
sp|P33225|TORA_ECOLI,WP_118790526.1,23.199,569,349,25,61,584,52,577,3.04e-12,75.5
sp|P33225|TORA_ECOLI,WP_118790526.1,27.368,95,56,4,723,817,744,825,6.0,35.8
sp|P33225|TORA_ECOLI,WP_016474531.1,21.802,688,426,25,92,763,271,862,3.20e-12,75.5
sp|P33225|TORA_ECOLI,WP_000778046.1,21.328,919,523,38,7,817,1,827,3.26e-12,75.5
sp|P33225|TORA_ECOLI,WP_025404412.1,21.328,919,523,38,7,817,1,827,3.31e-12,75.5
sp|P33225|TORA_ECOLI,YP_002408304.1,21.328,919,523,38,7,817,1,827,3.46e-12,75.5
sp|P33225|TORA_ECOLI,WP_000778047.1,21.328,919,523,38,7,817,1,827,3.55e-12,75.5
sp|P33225|TORA_ECOLI,WP_000778048.1,21.328,919,523,38,7,817,1,827,4.59e-12,75.1
sp|P33225|TORA_ECOLI,WP_005428799.1,21.190,689,429,23,92,763,271,862,4.66e-12,75.1
sp|P33225|TORA_ECOLI,WP_021995532.1,21.594,690,425,26,92,763,271,862,5.92e-12,74.7
sp|P33225|TORA_ECOLI,WP_118777247.1,23.199,569,349,25,61,584,52,577,6.46e-12,74.3
sp|P33225|TORA_ECOLI,WP_118777247.1,27.368,95,56,4,723,817,744,825,5.9,35.8
sp|P33225|TORA_ECOLI,WP_046942540.1,23.199,569,349,25,61,584,52,577,6.74e-12,74.3
sp|P33225|TORA_ECOLI,WP_046942540.1,27.368,95,56,4,723,817,744,825,5.8,35.8
sp|P33225|TORA_ECOLI,YP_006778389.1,21.219,919,524,38,7,817,1,827,7.54e-12,74.3
sp|P33225|TORA_ECOLI,WP_081638972.1,22.642,477,313,17,99,567,67,495,1.04e-11,73.6
sp|P33225|TORA_ECOLI,WP_081638972.1,30.851,94,53,3,685,772,584,671,0.23,40.0
sp|P33225|TORA_ECOLI,WP_072643114.1,21.219,919,524,38,7,817,1,827,1.04e-11,73.9
sp|P33225|TORA_ECOLI,WP_005627029.1,23.023,569,350,25,61,584,52,577,1.08e-11,73.9
sp|P33225|TORA_ECOLI,WP_005627029.1,27.368,95,56,4,723,817,744,825,7.8,35.4
sp|P33225|TORA_ECOLI,WP_005636508.1,23.023,569,350,25,61,584,52,577,1.17e-11,73.6
sp|P33225|TORA_ECOLI,WP_005636508.1,27.368,95,56,4,723,817,744,825,5.9,35.8
sp|P33225|TORA_ECOLI,WP_065249921.1,23.023,569,350,25,61,584,52,577,1.21e-11,73.6
sp|P33225|TORA_ECOLI,WP_065249921.1,27.368,95,56,4,723,817,744,825,5.7,35.8
sp|P33225|TORA_ECOLI,WP_065246586.1,23.199,569,349,25,61,584,52,577,1.31e-11,73.6
sp|P33225|TORA_ECOLI,WP_065246586.1,27.368,95,56,4,723,817,744,825,5.7,35.8
sp|P33225|TORA_ECOLI,WP_032803590.1,23.023,569,350,25,61,584,52,577,1.53e-11,73.2
sp|P33225|TORA_ECOLI,WP_005643039.1,22.847,569,351,25,61,584,52,577,1.93e-11,72.8
sp|P33225|TORA_ECOLI,WP_005643039.1,27.368,95,56,4,723,817,744,825,5.9,35.8
sp|P33225|TORA_ECOLI,WP_118800691.1,22.847,569,351,25,61,584,52,577,1.97e-11,72.8
sp|P33225|TORA_ECOLI,WP_118800691.1,27.368,95,56,4,723,817,744,825,5.7,35.8
sp|P33225|TORA_ECOLI,WP_005635178.1,23.009,565,345,25,66,584,57,577,2.25e-11,72.8
sp|P33225|TORA_ECOLI,WP_005635178.1,27.368,95,56,4,723,817,744,825,3.7,36.2
sp|P33225|TORA_ECOLI,WP_046938662.1,23.023,569,350,25,61,584,52,577,2.52e-11,72.4
sp|P33225|TORA_ECOLI,WP_046938662.1,27.368,95,56,4,723,817,744,825,5.9,35.8
sp|P33225|TORA_ECOLI,WP_118817195.1,22.847,569,351,25,61,584,52,577,2.61e-11,72.4
sp|P33225|TORA_ECOLI,WP_118817195.1,27.368,95,56,4,723,817,744,825,7.8,35.4
sp|P33225|TORA_ECOLI,WP_046952771.1,22.847,569,351,25,61,584,52,577,2.79e-11,72.4
sp|P33225|TORA_ECOLI,WP_046952771.1,27.368,95,56,4,723,817,744,825,5.8,35.8
sp|P33225|TORA_ECOLI,WP_118855508.1,22.847,569,351,25,61,584,52,577,3.70e-11,72.0
sp|P33225|TORA_ECOLI,WP_062330733.1,24.130,431,253,13,344,743,390,777,4.44e-11,71.6
sp|P33225|TORA_ECOLI,WP_062330733.1,35.088,57,26,1,99,155,108,153,2.3,37.0
sp|P33225|TORA_ECOLI,WP_022443800.1,42.553,94,49,2,740,831,1,91,4.54e-11,64.7
sp|P33225|TORA_ECOLI,WP_005647135.1,22.847,569,351,25,61,584,52,577,4.95e-11,71.6
sp|P33225|TORA_ECOLI,WP_118795980.1,23.023,569,350,25,61,584,52,577,5.40e-11,71.6
sp|P33225|TORA_ECOLI,WP_118795980.1,27.368,95,56,4,723,817,744,825,5.7,35.8
sp|P33225|TORA_ECOLI,WP_118785332.1,23.023,569,350,25,61,584,52,577,6.74e-11,71.2
sp|P33225|TORA_ECOLI,WP_118785332.1,27.368,95,56,4,723,817,744,825,5.9,35.8
sp|P33225|TORA_ECOLI,WP_118788683.1,23.023,569,350,25,61,584,52,577,6.97e-11,71.2
sp|P33225|TORA_ECOLI,WP_118788683.1,27.368,95,56,4,723,817,744,825,6.1,35.4
sp|P33225|TORA_ECOLI,WP_118867997.1,22.847,569,351,25,61,584,52,577,7.66e-11,70.9
sp|P33225|TORA_ECOLI,WP_118867997.1,27.368,95,56,4,723,817,744,825,8.0,35.0
sp|P33225|TORA_ECOLI,WP_133499088.1,22.847,569,351,25,61,584,52,577,8.35e-11,70.9
sp|P33225|TORA_ECOLI,WP_118843455.1,22.847,569,351,25,61,584,52,577,1.03e-10,70.5
sp|P33225|TORA_ECOLI,KXB51866.1,22.404,549,317,19,254,772,33,502,1.12e-10,70.1
sp|P33225|TORA_ECOLI,WP_013379307.1,21.678,715,431,26,92,788,269,872,1.15e-10,70.5
sp|P33225|TORA_ECOLI,WP_118805672.1,22.847,569,351,25,61,584,52,577,1.53e-10,70.1
sp|P33225|TORA_ECOLI,WP_118805672.1,27.368,95,56,4,723,817,744,825,6.1,35.4
sp|P33225|TORA_ECOLI,WP_111695962.1,22.847,569,351,25,61,584,52,577,1.55e-10,70.1
sp|P33225|TORA_ECOLI,WP_046950563.1,22.847,569,351,25,61,584,52,577,1.61e-10,70.1
sp|P33225|TORA_ECOLI,WP_118813514.1,22.671,569,352,25,61,584,52,577,1.79e-10,69.7
sp|P33225|TORA_ECOLI,WP_118879533.1,22.847,569,351,25,61,584,52,577,1.85e-10,69.7
sp|P33225|TORA_ECOLI,WP_118879533.1,27.368,95,56,4,723,817,744,825,5.9,35.8
sp|P33225|TORA_ECOLI,WP_118811519.1,22.535,568,354,24,61,584,52,577,2.00e-10,69.7
sp|P33225|TORA_ECOLI,WP_118811519.1,27.368,95,56,4,723,817,744,825,6.1,35.4
sp|P33225|TORA_ECOLI,WP_118781774.1,22.671,569,352,25,61,584,52,577,2.52e-10,69.3
sp|P33225|TORA_ECOLI,WP_118781774.1,27.368,95,56,4,723,817,744,825,5.7,35.8
sp|P33225|TORA_ECOLI,WP_118775619.1,22.671,569,352,25,61,584,52,577,2.69e-10,69.3
sp|P33225|TORA_ECOLI,WP_118775619.1,27.368,95,56,4,723,817,744,825,5.8,35.8
sp|P33225|TORA_ECOLI,WP_118793731.1,22.671,569,352,25,61,584,52,577,3.20e-10,68.9
sp|P33225|TORA_ECOLI,WP_118793731.1,27.368,95,56,4,723,817,744,825,6.1,35.4
sp|P33225|TORA_ECOLI,WP_118808675.1,22.671,569,352,25,61,584,52,577,3.48e-10,68.9
sp|P33225|TORA_ECOLI,WP_118808675.1,27.368,95,56,4,723,817,744,825,5.7,35.8
sp|P33225|TORA_ECOLI,WP_139687334.1,21.536,729,453,27,55,763,233,862,3.77e-10,68.9
sp|P33225|TORA_ECOLI,WP_118865456.1,22.242,571,352,25,61,584,52,577,4.39e-10,68.6
sp|P33225|TORA_ECOLI,WP_118865456.1,27.368,95,56,4,723,817,744,825,5.8,35.8
sp|P33225|TORA_ECOLI,WP_114908251.1,22.242,571,352,25,61,584,52,577,4.74e-10,68.6
sp|P33225|TORA_ECOLI,WP_114908251.1,27.368,95,56,4,723,817,744,825,5.9,35.8
sp|P33225|TORA_ECOLI,WP_029435591.1,25.455,330,213,11,251,575,14,315,7.56e-10,67.4
sp|P33225|TORA_ECOLI,WP_139688051.1,22.911,694,403,30,84,745,81,674,8.34e-10,67.4
sp|P33225|TORA_ECOLI,WP_005027938.1,25.455,330,213,11,251,575,14,315,9.47e-10,67.0
sp|P33225|TORA_ECOLI,WP_156425740.1,21.850,508,332,19,94,593,269,719,1.01e-09,67.4
sp|P33225|TORA_ECOLI,WP_156425740.1,48.780,41,21,0,725,765,820,860,0.30,40.0
sp|P33225|TORA_ECOLI,WP_022444362.1,35.577,104,45,2,723,816,9,100,1.53e-09,60.5
sp|P33225|TORA_ECOLI,WP_118858858.1,22.125,574,349,25,61,584,52,577,3.85e-09,65.5
sp|P33225|TORA_ECOLI,WP_118858858.1,27.368,95,56,4,723,817,744,825,8.4,35.0
sp|P33225|TORA_ECOLI,WP_005632153.1,22.456,570,352,25,61,584,52,577,5.90e-09,65.1
sp|P33225|TORA_ECOLI,WP_005632153.1,27.368,95,56,4,723,817,744,825,5.6,35.8
sp|P33225|TORA_ECOLI,WP_029435779.1,19.907,648,416,21,129,764,115,671,7.41e-08,61.2
sp|P33225|TORA_ECOLI,KXB48910.1,20.945,487,325,14,286,765,60,493,7.80e-08,60.8
sp|P33225|TORA_ECOLI,WP_029436381.1,21.326,694,414,28,125,767,106,718,9.25e-08,60.8
sp|P33225|TORA_ECOLI,WP_016360481.1,21.326,694,414,28,125,767,106,718,1.02e-07,60.8
sp|P33225|TORA_ECOLI,WP_005024685.1,20.062,648,415,21,129,764,115,671,1.57e-07,60.1
sp|P33225|TORA_ECOLI,WP_046938782.1,22.249,418,259,13,369,772,1,366,1.81e-07,59.3
sp|P33225|TORA_ECOLI,WP_005432172.1,22.051,712,439,27,84,770,85,705,2.48e-07,59.7
sp|P33225|TORA_ECOLI,WP_139687319.1,22.944,462,280,12,344,764,404,830,1.03e-06,57.8
sp|P33225|TORA_ECOLI,WP_139687319.1,23.246,228,129,6,112,331,122,311,0.037,42.7
sp|P33225|TORA_ECOLI,WP_064234956.1,34.177,79,48,2,498,576,761,835,2.82e-06,56.2
sp|P33225|TORA_ECOLI,WP_064234956.1,35.443,79,49,1,690,768,1086,1162,0.13,41.2
sp|P33225|TORA_ECOLI,WP_064234956.1,25.564,266,157,11,258,488,407,666,0.21,40.4
sp|P33225|TORA_ECOLI,WP_064234956.1,20.809,346,202,16,93,413,102,400,1.5,37.7
sp|P33225|TORA_ECOLI,WP_000040374.1,34.177,79,48,2,498,576,761,835,2.89e-06,56.2
sp|P33225|TORA_ECOLI,WP_000040374.1,35.443,79,49,1,690,768,1086,1162,0.13,41.2
sp|P33225|TORA_ECOLI,WP_000040374.1,25.564,266,157,11,258,488,407,666,0.21,40.4
sp|P33225|TORA_ECOLI,WP_000040374.1,20.809,346,202,16,93,413,102,400,1.4,37.7
sp|P33225|TORA_ECOLI,WP_000040372.1,34.177,79,48,2,498,576,761,835,2.92e-06,56.2
sp|P33225|TORA_ECOLI,WP_000040372.1,35.443,79,49,1,690,768,1086,1162,0.13,41.2
sp|P33225|TORA_ECOLI,WP_000040372.1,25.564,266,157,11,258,488,407,666,0.23,40.4
sp|P33225|TORA_ECOLI,WP_000040372.1,20.809,346,202,16,93,413,102,400,1.5,37.7
sp|P33225|TORA_ECOLI,WP_064261929.1,34.177,79,48,2,498,576,761,835,2.97e-06,56.2
sp|P33225|TORA_ECOLI,WP_064261929.1,35.443,79,49,1,690,768,1086,1162,0.14,41.2
sp|P33225|TORA_ECOLI,WP_064261929.1,25.822,213,131,7,297,488,460,666,0.39,39.7
sp|P33225|TORA_ECOLI,WP_064261929.1,20.809,346,202,16,93,413,102,400,1.5,37.7
sp|P33225|TORA_ECOLI,NP_310098.1,34.177,79,48,2,498,576,761,835,2.97e-06,56.2
sp|P33225|TORA_ECOLI,NP_310098.1,35.443,79,49,1,690,768,1086,1162,0.13,41.2
sp|P33225|TORA_ECOLI,NP_310098.1,25.564,266,157,11,258,488,407,666,0.22,40.4
sp|P33225|TORA_ECOLI,NP_310098.1,20.809,346,202,16,93,413,102,400,1.4,37.7
sp|P33225|TORA_ECOLI,WP_000040369.1,34.177,79,48,2,498,576,761,835,3.02e-06,56.2
sp|P33225|TORA_ECOLI,WP_000040369.1,35.443,79,49,1,690,768,1086,1162,0.14,41.2
sp|P33225|TORA_ECOLI,WP_000040369.1,25.822,213,131,7,297,488,460,666,0.39,39.7
sp|P33225|TORA_ECOLI,WP_000040369.1,20.809,346,202,16,93,413,102,400,1.5,37.7
sp|P33225|TORA_ECOLI,WP_072616997.1,34.177,79,48,2,498,576,761,835,3.04e-06,56.2
sp|P33225|TORA_ECOLI,WP_072616997.1,35.443,79,49,1,690,768,1086,1162,0.13,41.2
sp|P33225|TORA_ECOLI,WP_072616997.1,25.564,266,157,11,258,488,407,666,0.24,40.4
sp|P33225|TORA_ECOLI,WP_072616997.1,20.809,346,202,16,93,413,102,400,0.63,38.9
sp|P33225|TORA_ECOLI,WP_071337735.1,34.177,79,48,2,498,576,761,835,3.07e-06,56.2
sp|P33225|TORA_ECOLI,WP_071337735.1,35.443,79,49,1,690,768,1086,1162,0.13,41.2
sp|P33225|TORA_ECOLI,WP_071337735.1,25.564,266,157,11,258,488,407,666,0.21,40.4
sp|P33225|TORA_ECOLI,WP_071337735.1,21.098,346,201,16,93,413,102,400,1.4,37.7
sp|P33225|TORA_ECOLI,YP_006119815.1,34.177,79,48,2,498,576,761,835,3.10e-06,56.2
sp|P33225|TORA_ECOLI,YP_006119815.1,35.443,79,49,1,690,768,1086,1162,0.12,41.2
sp|P33225|TORA_ECOLI,YP_006119815.1,25.188,266,158,11,258,488,407,666,0.60,38.9
sp|P33225|TORA_ECOLI,YP_006119815.1,19.885,347,204,13,93,413,102,400,1.3,37.7
sp|P33225|TORA_ECOLI,WP_000040367.1,34.177,79,48,2,498,576,761,835,3.12e-06,56.2
sp|P33225|TORA_ECOLI,WP_000040367.1,35.443,79,49,1,690,768,1086,1162,0.13,41.2
sp|P33225|TORA_ECOLI,WP_000040367.1,25.188,266,158,11,258,488,407,666,0.63,38.9
sp|P33225|TORA_ECOLI,WP_000040367.1,20.809,346,202,16,93,413,102,400,5.1,35.8
sp|P33225|TORA_ECOLI,YP_002412459.1,34.177,79,48,2,498,576,761,835,3.12e-06,56.2
sp|P33225|TORA_ECOLI,YP_002412459.1,35.443,79,49,1,690,768,1086,1162,0.12,41.2
sp|P33225|TORA_ECOLI,YP_002412459.1,25.564,266,157,11,258,488,407,666,0.28,40.0
sp|P33225|TORA_ECOLI,YP_002412459.1,19.885,347,204,13,93,413,102,400,1.0,38.1
sp|P33225|TORA_ECOLI,WP_126347117.1,34.177,79,48,2,498,576,761,835,3.12e-06,56.2
sp|P33225|TORA_ECOLI,WP_126347117.1,35.443,79,49,1,690,768,1086,1162,0.13,41.2
sp|P33225|TORA_ECOLI,WP_126347117.1,25.188,266,158,11,258,488,407,666,0.67,38.9
sp|P33225|TORA_ECOLI,WP_126347117.1,21.098,346,201,16,93,413,102,400,1.4,37.7
sp|P33225|TORA_ECOLI,WP_024175803.1,31.507,73,48,1,503,575,765,835,3.15e-06,56.2
sp|P33225|TORA_ECOLI,WP_024175803.1,24.034,233,150,7,277,488,441,667,0.59,38.9
sp|P33225|TORA_ECOLI,WP_024175803.1,29.348,92,60,2,677,768,1077,1163,0.78,38.5
sp|P33225|TORA_ECOLI,WP_024175803.1,20.956,272,162,11,93,336,102,348,3.9,36.2
sp|P33225|TORA_ECOLI,WP_001502373.1,31.507,73,48,1,503,575,765,835,3.15e-06,56.2
sp|P33225|TORA_ECOLI,WP_001502373.1,27.397,146,91,5,277,413,441,580,0.53,39.3
sp|P33225|TORA_ECOLI,WP_001502373.1,29.348,92,60,2,677,768,1077,1163,0.97,38.1
sp|P33225|TORA_ECOLI,WP_001502373.1,20.956,272,162,11,93,336,102,348,4.0,36.2
sp|P33225|TORA_ECOLI,YP_006119616.1,31.507,73,48,1,503,575,765,835,3.15e-06,56.2
sp|P33225|TORA_ECOLI,YP_006119616.1,24.034,233,150,7,277,488,441,667,0.53,39.3
sp|P33225|TORA_ECOLI,YP_006119616.1,29.348,92,60,2,677,768,1077,1163,0.78,38.5
sp|P33225|TORA_ECOLI,YP_006119616.1,20.956,272,162,11,93,336,102,348,4.0,36.2
sp|P33225|TORA_ECOLI,NP_415985.1,34.177,79,48,2,498,576,761,835,3.18e-06,56.2
sp|P33225|TORA_ECOLI,NP_415985.1,35.443,79,49,1,690,768,1086,1162,0.13,41.2
sp|P33225|TORA_ECOLI,NP_415985.1,25.188,266,158,11,258,488,407,666,0.63,38.9
sp|P33225|TORA_ECOLI,NP_415985.1,21.098,346,201,16,93,413,102,400,1.5,37.7
sp|P33225|TORA_ECOLI,WP_000032912.1,31.507,73,48,1,503,575,765,835,3.18e-06,56.2
sp|P33225|TORA_ECOLI,WP_000032912.1,29.348,92,60,2,677,768,1077,1163,0.98,38.1
sp|P33225|TORA_ECOLI,WP_000032912.1,23.605,233,151,7,277,488,441,667,2.1,37.0
sp|P33225|TORA_ECOLI,WP_000032912.1,20.956,272,162,11,93,336,102,348,4.0,36.2
sp|P33225|TORA_ECOLI,YP_002412267.1,31.507,73,48,1,503,575,765,835,3.18e-06,56.2
sp|P33225|TORA_ECOLI,YP_002412267.1,28.082,146,90,5,277,413,441,580,0.30,40.0
sp|P33225|TORA_ECOLI,YP_002412267.1,29.348,92,60,2,677,768,1077,1163,0.77,38.5
sp|P33225|TORA_ECOLI,YP_002412267.1,20.956,272,162,11,93,336,102,348,3.2,36.6
sp|P33225|TORA_ECOLI,WP_000040453.1,34.177,79,48,2,498,576,761,835,3.20e-06,56.2
sp|P33225|TORA_ECOLI,WP_000040453.1,35.443,79,49,1,690,768,1086,1162,0.13,41.2
sp|P33225|TORA_ECOLI,WP_000040453.1,25.188,266,158,11,258,488,407,666,0.70,38.9
sp|P33225|TORA_ECOLI,WP_000040453.1,21.098,346,201,16,93,413,102,400,1.6,37.7
sp|P33225|TORA_ECOLI,NP_415742.1,31.507,73,48,1,503,575,765,835,3.20e-06,56.2
sp|P33225|TORA_ECOLI,NP_415742.1,30.588,85,57,1,684,768,1081,1163,0.28,40.0
sp|P33225|TORA_ECOLI,NP_415742.1,24.034,233,150,7,277,488,441,667,0.50,39.3
sp|P33225|TORA_ECOLI,NP_415742.1,20.956,272,162,11,93,336,102,348,4.0,36.2
sp|P33225|TORA_ECOLI,WP_126347106.1,31.507,73,48,1,503,575,765,835,3.20e-06,56.2
sp|P33225|TORA_ECOLI,WP_126347106.1,24.034,233,150,7,277,488,441,667,0.51,39.3
sp|P33225|TORA_ECOLI,WP_126347106.1,29.348,92,60,2,677,768,1077,1163,0.96,38.1
sp|P33225|TORA_ECOLI,WP_126347106.1,20.956,272,162,11,93,336,102,348,3.5,36.6
sp|P33225|TORA_ECOLI,WP_000032946.1,31.507,73,48,1,503,575,765,835,3.23e-06,56.2
sp|P33225|TORA_ECOLI,WP_000032946.1,24.034,233,150,7,277,488,441,667,0.50,39.3
sp|P33225|TORA_ECOLI,WP_000032946.1,29.348,92,60,2,677,768,1077,1163,0.97,38.1
sp|P33225|TORA_ECOLI,WP_000032946.1,20.956,272,162,11,93,336,102,348,3.9,36.2
sp|P33225|TORA_ECOLI,WP_000032935.1,31.507,73,48,1,503,575,765,835,3.23e-06,56.2
sp|P33225|TORA_ECOLI,WP_000032935.1,24.034,233,150,7,277,488,441,667,0.53,39.3
sp|P33225|TORA_ECOLI,WP_000032935.1,29.348,92,60,2,677,768,1077,1163,0.99,38.1
sp|P33225|TORA_ECOLI,WP_000032935.1,20.956,272,162,11,93,336,102,348,3.9,36.2
sp|P33225|TORA_ECOLI,WP_012311848.1,34.177,79,48,2,498,576,761,835,3.26e-06,56.2
sp|P33225|TORA_ECOLI,WP_012311848.1,35.443,79,49,1,690,768,1086,1162,0.13,41.2
sp|P33225|TORA_ECOLI,WP_012311848.1,25.564,266,157,11,258,488,407,666,0.19,40.4
sp|P33225|TORA_ECOLI,WP_012311848.1,19.885,347,204,13,93,413,102,400,1.6,37.7
sp|P33225|TORA_ECOLI,WP_000040450.1,34.177,79,48,2,498,576,761,835,3.26e-06,56.2
sp|P33225|TORA_ECOLI,WP_000040450.1,35.443,79,49,1,690,768,1086,1162,0.13,41.2
sp|P33225|TORA_ECOLI,WP_000040450.1,25.188,266,158,11,258,488,407,666,0.59,38.9
sp|P33225|TORA_ECOLI,WP_000040450.1,21.098,346,201,16,93,413,102,400,1.4,37.7
sp|P33225|TORA_ECOLI,WP_106907863.1,31.507,73,48,1,503,575,765,835,3.26e-06,56.2
sp|P33225|TORA_ECOLI,WP_106907863.1,27.397,146,91,5,277,413,441,580,0.55,39.3
sp|P33225|TORA_ECOLI,WP_106907863.1,29.348,92,60,2,677,768,1077,1163,0.98,38.1
sp|P33225|TORA_ECOLI,WP_106907863.1,20.956,272,162,11,93,336,102,348,4.2,36.2
sp|P33225|TORA_ECOLI,WP_000032941.1,31.507,73,48,1,503,575,765,835,3.26e-06,56.2
sp|P33225|TORA_ECOLI,WP_000032941.1,24.034,233,150,7,277,488,441,667,0.53,39.3
sp|P33225|TORA_ECOLI,WP_000032941.1,29.348,92,60,2,677,768,1077,1163,0.98,38.1
sp|P33225|TORA_ECOLI,WP_000032941.1,20.956,272,162,11,93,336,102,348,4.0,36.2
sp|P33225|TORA_ECOLI,YP_002407727.1,34.177,79,48,2,498,576,761,835,3.29e-06,56.2
sp|P33225|TORA_ECOLI,YP_002407727.1,35.443,79,49,1,690,768,1086,1162,0.13,41.2
sp|P33225|TORA_ECOLI,YP_002407727.1,25.564,266,157,11,258,488,407,666,0.16,40.8
sp|P33225|TORA_ECOLI,YP_002407727.1,20.833,264,160,10,93,331,102,341,1.9,37.4
sp|P33225|TORA_ECOLI,WP_000032908.1,31.507,73,48,1,503,575,765,835,3.29e-06,56.2
sp|P33225|TORA_ECOLI,WP_000032908.1,24.034,233,150,7,277,488,441,667,0.53,39.3
sp|P33225|TORA_ECOLI,WP_000032908.1,29.348,92,60,2,677,768,1077,1163,1.0,38.1
sp|P33225|TORA_ECOLI,WP_000032908.1,21.324,272,161,11,93,336,102,348,1.3,37.7
sp|P33225|TORA_ECOLI,WP_065226891.1,34.177,79,48,2,498,576,761,835,3.31e-06,56.2
sp|P33225|TORA_ECOLI,WP_065226891.1,35.443,79,49,1,690,768,1086,1162,0.13,41.2
sp|P33225|TORA_ECOLI,WP_065226891.1,25.564,266,157,11,258,488,407,666,0.87,38.5
sp|P33225|TORA_ECOLI,WP_065226891.1,21.098,346,201,16,93,413,102,400,1.6,37.7
sp|P33225|TORA_ECOLI,WP_005436713.1,23.529,459,275,16,347,764,390,813,4.25e-06,55.5
sp|P33225|TORA_ECOLI,WP_005434721.1,28.514,249,146,12,499,741,222,444,5.38e-06,55.1
sp|P33225|TORA_ECOLI,WP_065265391.1,20.474,591,379,18,47,584,30,582,5.56e-06,55.1
sp|P33225|TORA_ECOLI,WP_065265391.1,35.000,40,26,0,723,762,748,787,8.6,35.0
sp|P33225|TORA_ECOLI,WP_013189392.1,38.889,72,42,1,500,571,769,838,5.70e-06,55.5
sp|P33225|TORA_ECOLI,WP_013189392.1,24.051,237,134,9,95,308,117,330,0.021,43.9
sp|P33225|TORA_ECOLI,WP_013189392.1,31.507,73,48,1,696,768,1103,1173,0.077,42.0
sp|P33225|TORA_ECOLI,WP_101636912.1,19.141,559,358,21,62,584,69,569,5.93e-06,55.1
sp|P33225|TORA_ECOLI,WP_118274870.1,24.465,327,198,12,470,764,502,811,6.22e-06,55.1
sp|P33225|TORA_ECOLI,WP_081755350.1,19.107,560,359,21,61,584,68,569,1.20e-05,54.3
sp|P33225|TORA_ECOLI,WP_004010894.1,37.500,72,43,1,500,571,769,838,1.45e-05,53.9
sp|P33225|TORA_ECOLI,WP_004010894.1,24.051,237,134,9,95,308,117,330,0.022,43.5
sp|P33225|TORA_ECOLI,WP_004010894.1,30.137,73,49,1,696,768,1103,1173,0.74,38.5
sp|P33225|TORA_ECOLI,YP_006119948.1,26.590,173,103,5,99,270,115,264,1.60e-05,52.4
sp|P33225|TORA_ECOLI,WP_022373412.1,23.348,454,296,13,344,768,365,795,1.70e-05,53.5
sp|P33225|TORA_ECOLI,WP_022373412.1,22.541,244,132,9,112,342,84,283,0.062,42.0
sp|P33225|TORA_ECOLI,WP_082897409.1,28.514,249,146,12,499,741,222,444,1.71e-05,53.1
sp|P33225|TORA_ECOLI,WP_022442929.1,36.486,74,45,1,503,576,759,830,2.02e-05,53.5
sp|P33225|TORA_ECOLI,WP_081637750.1,35.294,119,57,5,710,817,899,1008,2.43e-05,53.1
sp|P33225|TORA_ECOLI,WP_081847476.1,35.294,119,57,5,710,817,899,1008,2.58e-05,53.1
sp|P33225|TORA_ECOLI,WP_081634525.1,20.968,558,349,23,62,584,69,569,2.84e-05,53.1
sp|P33225|TORA_ECOLI,WP_081617935.1,20.789,558,350,23,62,584,69,569,4.03e-05,52.4
sp|P33225|TORA_ECOLI,WP_005024327.1,25.561,223,136,9,121,337,161,359,4.61e-05,52.4
sp|P33225|TORA_ECOLI,WP_005024327.1,30.137,73,49,1,503,575,776,846,0.010,44.7
sp|P33225|TORA_ECOLI,WP_005024327.1,31.646,79,52,1,690,768,1102,1178,0.016,44.3
sp|P33225|TORA_ECOLI,WP_005024327.1,32.051,78,44,2,342,413,513,587,4.3,36.2
sp|P33225|TORA_ECOLI,WP_029434464.1,25.561,223,136,9,121,337,161,359,4.81e-05,52.4
sp|P33225|TORA_ECOLI,WP_029434464.1,30.137,73,49,1,503,575,776,846,0.011,44.7
sp|P33225|TORA_ECOLI,WP_029434464.1,31.646,79,52,1,690,768,1102,1178,0.015,44.3
sp|P33225|TORA_ECOLI,WP_029434464.1,32.051,78,44,2,342,413,513,587,4.2,36.2
sp|P33225|TORA_ECOLI,WP_022444042.1,21.818,330,221,8,346,655,260,572,1.55e-04,50.4
sp|P33225|TORA_ECOLI,WP_118274832.1,20.614,228,144,7,99,321,103,298,2.41e-04,50.1
sp|P33225|TORA_ECOLI,WP_118274832.1,22.464,276,185,10,321,582,363,623,0.038,42.7
sp|P33225|TORA_ECOLI,WP_009744255.1,36.486,74,45,1,503,576,785,856,3.04e-04,49.7
sp|P33225|TORA_ECOLI,WP_009744255.1,23.207,237,136,9,95,308,125,338,0.27,40.0
sp|P33225|TORA_ECOLI,WP_009744255.1,29.213,89,59,2,681,768,1101,1186,1.0,38.1
sp|P33225|TORA_ECOLI,WP_009744255.1,30.631,111,58,5,315,413,500,603,3.8,36.2
sp|P33225|TORA_ECOLI,WP_114675162.1,20.571,350,226,13,265,584,42,369,3.21e-04,49.3
sp|P33225|TORA_ECOLI,WP_060807679.1,34.884,86,51,2,503,585,751,834,4.99e-04,48.9
sp|P33225|TORA_ECOLI,WP_060807679.1,26.667,225,127,10,119,335,150,344,0.008,45.1
sp|P33225|TORA_ECOLI,WP_060807679.1,25.000,96,70,1,673,768,1058,1151,0.18,40.8
sp|P33225|TORA_ECOLI,WP_060807679.1,25.926,162,93,6,262,413,423,567,0.40,39.7
sp|P33225|TORA_ECOLI,WP_005376676.1,34.884,86,51,2,503,585,751,834,4.99e-04,48.9
sp|P33225|TORA_ECOLI,WP_005376676.1,26.667,225,127,10,119,335,150,344,0.008,45.1
sp|P33225|TORA_ECOLI,WP_005376676.1,25.000,96,70,1,673,768,1058,1151,0.17,40.8
sp|P33225|TORA_ECOLI,WP_005376676.1,25.926,162,93,6,262,413,423,567,0.37,39.7
sp|P33225|TORA_ECOLI,WP_016476126.1,34.884,86,51,2,503,585,751,834,4.99e-04,48.9
sp|P33225|TORA_ECOLI,WP_016476126.1,26.667,225,127,10,119,335,150,344,0.008,45.1
sp|P33225|TORA_ECOLI,WP_016476126.1,25.000,96,70,1,673,768,1058,1151,0.17,40.8
sp|P33225|TORA_ECOLI,WP_016476126.1,25.926,162,93,6,262,413,423,567,0.37,39.7
sp|P33225|TORA_ECOLI,WP_005384382.1,34.884,86,51,2,503,585,751,834,5.08e-04,48.9
sp|P33225|TORA_ECOLI,WP_005384382.1,26.667,225,127,10,119,335,150,344,0.008,45.1
sp|P33225|TORA_ECOLI,WP_005384382.1,25.000,96,70,1,673,768,1058,1151,0.18,40.8
sp|P33225|TORA_ECOLI,WP_005384382.1,31.765,85,49,2,335,413,486,567,0.51,39.3
sp|P33225|TORA_ECOLI,WP_156930888.1,34.884,86,51,2,503,585,751,834,5.12e-04,48.9
sp|P33225|TORA_ECOLI,WP_156930888.1,26.667,225,127,10,119,335,150,344,0.008,45.1
sp|P33225|TORA_ECOLI,WP_156930888.1,25.000,96,70,1,673,768,1058,1151,0.18,40.8
sp|P33225|TORA_ECOLI,WP_156930888.1,25.926,162,93,6,262,413,423,567,0.36,39.7
sp|P33225|TORA_ECOLI,WP_119982423.1,34.884,86,51,2,503,585,751,834,5.21e-04,48.9
sp|P33225|TORA_ECOLI,WP_119982423.1,26.667,225,127,10,119,335,150,344,0.008,45.1
sp|P33225|TORA_ECOLI,WP_119982423.1,25.000,96,70,1,673,768,1058,1151,0.18,40.8
sp|P33225|TORA_ECOLI,WP_119982423.1,25.926,162,93,6,262,413,423,567,0.38,39.7
sp|P33225|TORA_ECOLI,WP_005381529.1,34.884,86,51,2,503,585,751,834,5.34e-04,48.9
sp|P33225|TORA_ECOLI,WP_005381529.1,26.667,225,127,10,119,335,150,344,0.008,45.1
sp|P33225|TORA_ECOLI,WP_005381529.1,25.000,96,70,1,673,768,1058,1151,0.21,40.4
sp|P33225|TORA_ECOLI,WP_005381529.1,25.926,162,93,6,262,413,423,567,0.39,39.7
sp|P33225|TORA_ECOLI,WP_118354255.1,34.884,86,51,2,503,585,751,834,5.39e-04,48.9
sp|P33225|TORA_ECOLI,WP_118354255.1,26.667,225,127,10,119,335,150,344,0.008,45.1
sp|P33225|TORA_ECOLI,WP_118354255.1,25.000,96,70,1,673,768,1058,1151,0.18,40.8
sp|P33225|TORA_ECOLI,WP_118354255.1,25.926,162,93,6,262,413,423,567,0.40,39.7
sp|P33225|TORA_ECOLI,WP_022372919.1,20.896,201,136,5,123,321,118,297,6.52e-04,48.5
sp|P33225|TORA_ECOLI,WP_022372919.1,21.598,338,186,11,486,752,526,855,0.001,48.1
sp|P33225|TORA_ECOLI,TDM82780.1,31.356,118,69,5,250,363,7,116,0.001,44.7
sp|P33225|TORA_ECOLI,WP_050334068.1,23.209,349,218,15,265,584,42,369,0.001,47.8
sp|P33225|TORA_ECOLI,WP_081446169.1,22.074,299,173,9,477,764,606,855,0.002,47.0
sp|P33225|TORA_ECOLI,WP_081446169.1,20.455,264,155,8,115,364,277,499,0.42,39.3
sp|P33225|TORA_ECOLI,WP_118059362.1,22.074,299,173,9,477,764,606,855,0.002,46.6
sp|P33225|TORA_ECOLI,WP_118059362.1,20.455,264,155,8,115,364,277,499,0.85,38.5
sp|P33225|TORA_ECOLI,WP_081634527.1,18.551,566,326,23,92,588,101,600,0.003,46.6
sp|P33225|TORA_ECOLI,WP_153705113.1,34.286,70,44,1,503,572,754,821,0.003,46.6
sp|P33225|TORA_ECOLI,WP_153705113.1,26.744,86,61,1,683,768,1065,1148,1.8,37.4
sp|P33225|TORA_ECOLI,WP_085680903.1,32.911,79,51,1,494,572,745,821,0.004,46.2
sp|P33225|TORA_ECOLI,WP_085680903.1,26.744,86,61,1,683,768,1065,1148,1.7,37.4
sp|P33225|TORA_ECOLI,WP_085680903.1,29.487,78,46,2,342,413,496,570,4.9,35.8
sp|P33225|TORA_ECOLI,WP_087214851.1,32.911,79,51,1,494,572,745,821,0.004,46.2
sp|P33225|TORA_ECOLI,WP_087214851.1,26.744,86,61,1,683,768,1065,1148,1.7,37.4
sp|P33225|TORA_ECOLI,WP_087214851.1,29.487,78,46,2,342,413,496,570,4.9,35.8
sp|P33225|TORA_ECOLI,WP_028257758.1,29.870,77,52,1,500,576,754,828,0.004,46.2
sp|P33225|TORA_ECOLI,WP_028257758.1,30.519,154,90,5,269,413,422,567,0.007,45.4
sp|P33225|TORA_ECOLI,WP_028257758.1,23.041,217,133,10,121,331,152,340,7.9,35.4
sp|P33225|TORA_ECOLI,WP_038152950.1,29.870,77,52,1,500,576,754,828,0.004,46.2
sp|P33225|TORA_ECOLI,WP_038152950.1,30.519,154,90,5,269,413,422,567,0.007,45.4
sp|P33225|TORA_ECOLI,WP_038152950.1,23.041,217,133,10,121,331,152,340,8.0,35.4
sp|P33225|TORA_ECOLI,WP_022373484.1,25.309,162,94,5,11,158,6,154,0.007,44.7
sp|P33225|TORA_ECOLI,WP_029435347.1,22.102,371,227,13,114,458,101,435,0.009,44.7
sp|P33225|TORA_ECOLI,WP_153709563.1,32.857,70,45,1,503,572,754,821,0.012,44.7
sp|P33225|TORA_ECOLI,WP_153709563.1,27.957,93,54,3,331,413,481,570,8.5,35.0
sp|P33225|TORA_ECOLI,WP_065226913.1,32.653,98,59,3,309,405,308,399,0.013,44.3
sp|P33225|TORA_ECOLI,WP_153700958.1,32.857,70,45,1,503,572,754,821,0.015,44.3
sp|P33225|TORA_ECOLI,WP_153700958.1,26.744,86,61,1,683,768,1065,1148,1.8,37.4
sp|P33225|TORA_ECOLI,WP_153700958.1,29.487,78,46,2,342,413,496,570,5.1,35.8
sp|P33225|TORA_ECOLI,WP_066035835.1,32.857,70,45,1,503,572,754,821,0.015,44.3
sp|P33225|TORA_ECOLI,WP_066035835.1,26.744,86,61,1,683,768,1065,1148,1.7,37.4
sp|P33225|TORA_ECOLI,WP_066035835.1,29.487,78,46,2,342,413,496,570,4.9,35.8
sp|P33225|TORA_ECOLI,WP_113896409.1,32.857,70,45,1,503,572,754,821,0.015,44.3
sp|P33225|TORA_ECOLI,WP_113896409.1,26.744,86,61,1,683,768,1065,1148,1.8,37.4
sp|P33225|TORA_ECOLI,WP_113896409.1,29.487,78,46,2,342,413,496,570,4.8,35.8
sp|P33225|TORA_ECOLI,WP_153706713.1,32.857,70,45,1,503,572,754,821,0.015,44.3
sp|P33225|TORA_ECOLI,WP_153706713.1,26.744,86,61,1,683,768,1065,1148,1.9,37.4
sp|P33225|TORA_ECOLI,WP_153706713.1,29.487,78,46,2,342,413,496,570,4.8,35.8
sp|P33225|TORA_ECOLI,WP_122481171.1,32.857,70,45,1,503,572,754,821,0.015,44.3
sp|P33225|TORA_ECOLI,WP_122481171.1,26.744,86,61,1,683,768,1065,1148,1.8,37.4
sp|P33225|TORA_ECOLI,WP_122481171.1,29.487,78,46,2,342,413,496,570,5.0,35.8
sp|P33225|TORA_ECOLI,WP_065532966.1,32.857,70,45,1,503,572,754,821,0.015,44.3
sp|P33225|TORA_ECOLI,WP_065532966.1,26.744,86,61,1,683,768,1065,1148,1.7,37.4
sp|P33225|TORA_ECOLI,WP_065532966.1,29.487,78,46,2,342,413,496,570,4.9,35.8
sp|P33225|TORA_ECOLI,WP_135951616.1,32.857,70,45,1,503,572,754,821,0.015,44.3
sp|P33225|TORA_ECOLI,WP_135951616.1,26.744,86,61,1,683,768,1065,1148,1.8,37.4
sp|P33225|TORA_ECOLI,WP_135951616.1,29.487,78,46,2,342,413,496,570,4.9,35.8
sp|P33225|TORA_ECOLI,WP_035156379.1,32.857,70,45,1,503,572,754,821,0.015,44.3
sp|P33225|TORA_ECOLI,WP_035156379.1,26.744,86,61,1,683,768,1065,1148,1.8,37.4
sp|P33225|TORA_ECOLI,WP_035156379.1,29.487,78,46,2,342,413,496,570,4.9,35.8
sp|P33225|TORA_ECOLI,WP_019251288.1,32.857,70,45,1,503,572,754,821,0.015,44.3
sp|P33225|TORA_ECOLI,WP_019251288.1,26.744,86,61,1,683,768,1065,1148,1.8,37.4
sp|P33225|TORA_ECOLI,WP_153702921.1,32.857,70,45,1,503,572,754,821,0.016,44.3
sp|P33225|TORA_ECOLI,WP_153702921.1,26.744,86,61,1,683,768,1065,1148,1.7,37.4
sp|P33225|TORA_ECOLI,WP_153702921.1,29.487,78,46,2,342,413,496,570,4.8,35.8
sp|P33225|TORA_ECOLI,WP_019253242.1,32.857,70,45,1,503,572,754,821,0.016,44.3
sp|P33225|TORA_ECOLI,WP_019253242.1,26.744,86,61,1,683,768,1065,1148,1.8,37.4
sp|P33225|TORA_ECOLI,WP_019253242.1,29.487,78,46,2,342,413,496,570,2.9,36.6
sp|P33225|TORA_ECOLI,WP_144226878.1,32.857,70,45,1,503,572,754,821,0.016,44.3
sp|P33225|TORA_ECOLI,WP_144226878.1,26.744,86,61,1,683,768,1065,1148,1.8,37.4
sp|P33225|TORA_ECOLI,WP_144226878.1,29.487,78,46,2,342,413,496,570,4.8,36.2
sp|P33225|TORA_ECOLI,WP_152697865.1,32.857,70,45,1,503,572,754,821,0.016,44.3
sp|P33225|TORA_ECOLI,WP_152697865.1,26.744,86,61,1,683,768,1065,1148,1.7,37.4
sp|P33225|TORA_ECOLI,WP_152697865.1,29.487,78,46,2,342,413,496,570,4.8,36.2
sp|P33225|TORA_ECOLI,WP_094537024.1,32.857,70,45,1,503,572,754,821,0.016,44.3
sp|P33225|TORA_ECOLI,WP_094537024.1,26.744,86,61,1,683,768,1065,1148,1.7,37.4
sp|P33225|TORA_ECOLI,WP_094537024.1,29.487,78,46,2,342,413,496,570,5.3,35.8
sp|P33225|TORA_ECOLI,WP_094538448.1,32.857,70,45,1,503,572,754,821,0.016,44.3
sp|P33225|TORA_ECOLI,WP_094538448.1,26.744,86,61,1,683,768,1065,1148,1.8,37.4
sp|P33225|TORA_ECOLI,WP_094511790.1,32.857,70,45,1,503,572,754,821,0.016,44.3
sp|P33225|TORA_ECOLI,WP_094511790.1,26.744,86,61,1,683,768,1065,1148,1.6,37.7
sp|P33225|TORA_ECOLI,WP_094511790.1,29.487,78,46,2,342,413,496,570,5.1,35.8
sp|P33225|TORA_ECOLI,WP_094504409.1,32.857,70,45,1,503,572,754,821,0.016,44.3
sp|P33225|TORA_ECOLI,WP_094504409.1,26.744,86,61,1,683,768,1065,1148,1.8,37.4
sp|P33225|TORA_ECOLI,WP_078009878.1,32.857,70,45,1,503,572,754,821,0.016,44.3
sp|P33225|TORA_ECOLI,WP_078009878.1,26.744,86,61,1,683,768,1065,1148,1.7,37.4
sp|P33225|TORA_ECOLI,WP_078009878.1,29.487,78,46,2,342,413,496,570,4.8,35.8
sp|P33225|TORA_ECOLI,WP_063164064.1,32.857,70,45,1,503,572,754,821,0.016,44.3
sp|P33225|TORA_ECOLI,WP_063164064.1,26.744,86,61,1,683,768,1065,1148,1.7,37.4
sp|P33225|TORA_ECOLI,WP_063164064.1,29.487,78,46,2,342,413,496,570,4.8,35.8
sp|P33225|TORA_ECOLI,WP_094501254.1,32.857,70,45,1,503,572,754,821,0.016,44.3
sp|P33225|TORA_ECOLI,WP_094501254.1,26.744,86,61,1,683,768,1065,1148,1.7,37.4
sp|P33225|TORA_ECOLI,WP_094501254.1,29.487,78,46,2,342,413,496,570,5.3,35.8
sp|P33225|TORA_ECOLI,WP_153707158.1,32.857,70,45,1,503,572,754,821,0.016,44.3
sp|P33225|TORA_ECOLI,WP_153707158.1,26.744,86,61,1,683,768,1065,1148,1.7,37.4
sp|P33225|TORA_ECOLI,WP_153707158.1,29.487,78,46,2,342,413,496,570,5.3,35.8
sp|P33225|TORA_ECOLI,WP_003674008.1,32.857,70,45,1,503,572,754,821,0.016,44.3
sp|P33225|TORA_ECOLI,WP_003674008.1,26.744,86,61,1,683,768,1065,1148,1.7,37.4
sp|P33225|TORA_ECOLI,WP_003674008.1,29.487,78,46,2,342,413,496,570,5.0,35.8
sp|P33225|TORA_ECOLI,WP_003667732.1,32.857,70,45,1,503,572,754,821,0.016,44.3
sp|P33225|TORA_ECOLI,WP_003667732.1,26.744,86,61,1,683,768,1065,1148,1.7,37.4
sp|P33225|TORA_ECOLI,WP_003667732.1,30.769,78,45,2,342,413,496,570,2.0,37.4
sp|P33225|TORA_ECOLI,WP_094508835.1,32.857,70,45,1,503,572,754,821,0.016,44.3
sp|P33225|TORA_ECOLI,WP_094508835.1,26.744,86,61,1,683,768,1065,1148,1.9,37.4
sp|P33225|TORA_ECOLI,WP_152738540.1,32.857,70,45,1,503,572,754,821,0.016,43.9
sp|P33225|TORA_ECOLI,WP_152738540.1,26.744,86,61,1,683,768,1065,1148,1.7,37.4
sp|P33225|TORA_ECOLI,WP_152738540.1,29.487,78,46,2,342,413,496,570,4.8,35.8
sp|P33225|TORA_ECOLI,WP_003671864.1,32.857,70,45,1,503,572,754,821,0.016,43.9
sp|P33225|TORA_ECOLI,WP_003671864.1,26.744,86,61,1,683,768,1065,1148,1.7,37.4
sp|P33225|TORA_ECOLI,WP_003671864.1,29.487,78,46,2,342,413,496,570,4.8,36.2
sp|P33225|TORA_ECOLI,WP_005431552.1,25.620,242,143,9,358,582,403,624,0.018,43.9
sp|P33225|TORA_ECOLI,WP_003663640.1,31.429,70,46,1,503,572,754,821,0.022,43.5
sp|P33225|TORA_ECOLI,WP_003663640.1,26.744,86,61,1,683,768,1065,1148,1.7,37.4
sp|P33225|TORA_ECOLI,WP_003663640.1,29.487,78,46,2,342,413,496,570,5.1,35.8
sp|P33225|TORA_ECOLI,WP_035168658.1,31.429,70,46,1,503,572,754,821,0.022,43.5
sp|P33225|TORA_ECOLI,WP_035168658.1,26.744,86,61,1,683,768,1065,1148,1.7,37.4
sp|P33225|TORA_ECOLI,WP_035168658.1,29.487,78,46,2,342,413,496,570,5.1,35.8
sp|P33225|TORA_ECOLI,WP_107721904.1,31.429,70,46,1,503,572,754,821,0.022,43.5
sp|P33225|TORA_ECOLI,WP_107721904.1,29.487,78,46,2,342,413,496,570,5.2,35.8
sp|P33225|TORA_ECOLI,WP_153701715.1,31.429,70,46,1,503,572,754,821,0.023,43.5
sp|P33225|TORA_ECOLI,WP_153701715.1,26.744,86,61,1,683,768,1065,1148,1.7,37.4
sp|P33225|TORA_ECOLI,WP_153701715.1,29.487,78,46,2,342,413,496,570,5.2,35.8
sp|P33225|TORA_ECOLI,WP_101637323.1,20.313,384,219,16,265,588,45,401,0.024,43.5
sp|P33225|TORA_ECOLI,WP_139688377.1,23.810,231,157,9,358,580,403,622,0.025,43.5
sp|P33225|TORA_ECOLI,TDN07369.1,29.412,68,37,1,87,154,54,110,0.025,40.0
sp|P33225|TORA_ECOLI,WP_005436630.1,22.327,318,166,12,507,752,551,859,0.026,43.5
sp|P33225|TORA_ECOLI,WP_005436630.1,19.365,315,224,10,11,321,9,297,0.066,42.0
sp|P33225|TORA_ECOLI,YP_006781339.1,33.333,66,31,2,99,164,61,113,0.057,39.7
sp|P33225|TORA_ECOLI,WP_139687722.1,50.000,38,19,0,725,762,942,979,0.095,41.6
sp|P33225|TORA_ECOLI,WP_121831904.1,28.155,103,45,4,88,178,96,181,0.24,38.9
sp|P33225|TORA_ECOLI,WP_050333586.1,23.944,142,95,5,265,404,45,175,0.26,40.0
sp|P33225|TORA_ECOLI,WP_050333586.1,23.469,98,66,3,496,588,308,401,6.5,35.4
sp|P33225|TORA_ECOLI,WP_024962700.1,19.792,384,221,16,265,588,45,401,0.27,40.0
sp|P33225|TORA_ECOLI,KXB51865.1,28.788,66,34,1,99,164,62,114,0.34,37.4
sp|P33225|TORA_ECOLI,WP_022372559.1,45.000,40,22,0,723,762,938,977,0.39,39.7
sp|P33225|TORA_ECOLI,WP_081985393.1,26.531,98,69,1,477,574,606,700,0.55,38.9
sp|P33225|TORA_ECOLI,WP_081985393.1,20.949,253,145,8,126,364,288,499,4.2,36.2
sp|P33225|TORA_ECOLI,WP_081985393.1,36.364,44,28,0,721,764,812,855,5.3,35.8
sp|P33225|TORA_ECOLI,WP_081697337.1,26.531,98,69,1,477,574,606,700,0.57,38.9
sp|P33225|TORA_ECOLI,WP_081697337.1,20.949,253,145,8,126,364,288,499,2.9,36.6
sp|P33225|TORA_ECOLI,WP_081697337.1,36.364,44,28,0,721,764,812,855,5.4,35.8
sp|P33225|TORA_ECOLI,YP_002407733.1,28.155,103,45,4,88,178,96,181,0.60,38.9
sp|P33225|TORA_ECOLI,YP_002412465.1,28.155,103,45,4,88,178,96,181,0.60,38.9
sp|P33225|TORA_ECOLI,WP_081617940.1,18.210,324,204,12,92,404,101,374,0.81,38.5
sp|P33225|TORA_ECOLI,WP_000383354.1,27.184,103,46,4,88,178,96,181,0.94,37.0
sp|P33225|TORA_ECOLI,WP_000726687.1,32.653,98,59,3,309,405,308,399,1.3,37.7
sp|P33225|TORA_ECOLI,KXB53787.1,48.485,33,17,0,730,762,752,784,1.3,37.7
sp|P33225|TORA_ECOLI,WP_114909312.1,27.586,203,96,12,8,179,2,184,1.4,36.6
sp|P33225|TORA_ECOLI,WP_024961744.1,20.181,332,216,15,1,321,1,294,1.4,37.7
sp|P33225|TORA_ECOLI,WP_089158675.1,23.529,221,110,10,7,186,1,203,1.5,37.7
sp|P33225|TORA_ECOLI,NP_312847.1,23.529,221,110,10,7,186,1,203,1.5,37.7
sp|P33225|TORA_ECOLI,WP_143182663.1,27.184,103,46,4,88,178,96,181,1.5,37.7
sp|P33225|TORA_ECOLI,WP_077626213.1,23.529,221,110,10,7,186,1,203,1.5,37.7
sp|P33225|TORA_ECOLI,WP_011310337.1,23.529,221,110,10,7,186,1,203,1.6,37.7
sp|P33225|TORA_ECOLI,WP_149026280.1,23.529,221,110,10,7,186,1,203,1.6,37.4
sp|P33225|TORA_ECOLI,WP_101636684.1,20.181,332,216,15,1,321,1,294,1.6,37.4
sp|P33225|TORA_ECOLI,WP_077884234.1,23.529,221,110,10,7,186,1,203,1.6,37.4
sp|P33225|TORA_ECOLI,WP_077697102.1,23.529,221,110,10,7,186,1,203,1.6,37.4
sp|P33225|TORA_ECOLI,NP_418330.1,23.529,221,110,10,7,186,1,203,1.7,37.4
sp|P33225|TORA_ECOLI,WP_050334596.1,19.939,326,214,14,10,321,2,294,1.7,37.4
sp|P33225|TORA_ECOLI,WP_022443589.1,20.879,273,178,8,52,321,64,301,1.8,37.4
sp|P33225|TORA_ECOLI,WP_022443589.1,28.000,100,67,3,485,582,532,628,7.1,35.4
sp|P33225|TORA_ECOLI,WP_022443589.1,34.615,52,33,1,723,774,831,881,10.0,35.0
sp|P33225|TORA_ECOLI,YP_002415042.1,23.529,221,110,10,7,186,1,203,1.8,37.4
sp|P33225|TORA_ECOLI,WP_052110264.1,26.027,146,86,5,706,834,50,190,1.8,37.0
sp|P33225|TORA_ECOLI,WP_118775192.1,27.586,203,96,12,8,179,2,184,1.9,36.2
sp|P33225|TORA_ECOLI,WP_000726739.1,32.653,98,59,3,309,405,308,399,1.9,37.4
sp|P33225|TORA_ECOLI,WP_000726734.1,32.653,98,59,3,309,405,308,399,2.0,37.4
sp|P33225|TORA_ECOLI,WP_000726712.1,32.653,98,59,3,309,405,308,399,2.0,37.0
sp|P33225|TORA_ECOLI,YP_002412491.1,32.653,98,59,3,309,405,308,399,2.0,37.0
sp|P33225|TORA_ECOLI,NP_415991.1,27.184,103,46,4,88,178,96,181,2.0,37.4
sp|P33225|TORA_ECOLI,NP_310105.1,27.184,103,46,4,88,178,96,181,2.0,37.4
sp|P33225|TORA_ECOLI,YP_006119840.1,32.653,98,59,3,309,405,308,399,2.1,37.0
sp|P33225|TORA_ECOLI,YP_006779288.1,32.653,98,59,3,309,405,308,399,2.1,37.0
sp|P33225|TORA_ECOLI,WP_106907857.1,32.653,98,59,3,309,405,308,399,2.1,37.0
sp|P33225|TORA_ECOLI,NP_416018.1,32.653,98,59,3,309,405,308,399,2.1,37.0
sp|P33225|TORA_ECOLI,WP_114493830.1,32.653,98,59,3,309,405,308,399,2.1,37.0
sp|P33225|TORA_ECOLI,YP_002407759.1,32.653,98,59,3,309,405,308,399,2.1,37.0
sp|P33225|TORA_ECOLI,WP_012817776.1,27.184,103,46,4,88,178,96,181,2.1,37.0
sp|P33225|TORA_ECOLI,WP_000726699.1,32.653,98,59,3,309,405,308,399,2.1,37.0
sp|P33225|TORA_ECOLI,WP_077697106.1,27.184,103,46,4,88,178,96,181,2.1,37.0
sp|P33225|TORA_ECOLI,WP_000726678.1,32.653,98,59,3,309,405,308,399,2.1,37.0
sp|P33225|TORA_ECOLI,WP_077698162.1,27.184,103,46,4,88,178,96,181,2.2,37.0
sp|P33225|TORA_ECOLI,WP_106907425.1,32.653,98,59,3,309,405,308,399,2.3,37.0
sp|P33225|TORA_ECOLI,WP_018713049.1,19.939,326,214,14,10,321,2,294,2.3,37.0
sp|P33225|TORA_ECOLI,WP_066779733.1,45.455,33,18,0,730,762,752,784,2.3,37.0
sp|P33225|TORA_ECOLI,WP_022444666.1,48.485,33,17,0,730,762,892,924,2.4,37.0
sp|P33225|TORA_ECOLI,WP_016473895.1,51.515,33,16,0,730,762,947,979,2.6,37.0
sp|P33225|TORA_ECOLI,WP_016646959.1,19.939,326,214,14,10,321,2,294,2.6,37.0
sp|P33225|TORA_ECOLI,WP_021994872.1,51.515,33,16,0,730,762,947,979,2.6,37.0
sp|P33225|TORA_ECOLI,WP_005430612.1,51.515,33,16,0,730,762,947,979,2.6,37.0
sp|P33225|TORA_ECOLI,WP_118274569.1,42.500,40,23,0,723,762,941,980,3.2,36.6
sp|P33225|TORA_ECOLI,WP_070464411.1,38.000,50,27,2,326,374,478,524,4.1,36.2
sp|P33225|TORA_ECOLI,WP_154542662.1,26.174,149,93,5,701,835,11,156,4.7,35.4
sp|P33225|TORA_ECOLI,WP_062332269.1,48.485,33,17,0,730,762,946,978,5.5,35.8
sp|P33225|TORA_ECOLI,WP_005435795.1,48.485,33,17,0,730,762,946,978,5.6,35.8
sp|P33225|TORA_ECOLI,WP_001198358.1,23.077,182,100,8,7,166,1,164,5.6,34.7
sp|P33225|TORA_ECOLI,WP_095628815.1,35.135,74,42,2,409,482,88,155,5.7,34.3
sp|P33225|TORA_ECOLI,WP_147489451.1,39.474,38,22,1,541,577,10,47,6.5,31.6
sp|P33225|TORA_ECOLI,WP_148399558.1,28.226,124,68,5,692,794,878,1001,9.5,35.0
sp|P33225|TORA_ECOLI,WP_000383350.1,26.214,103,47,4,88,178,96,181,9.9,33.9
