sp|P24169|DCOS_ECOLI,NP_415220.1,100.000,732,0,0,1,732,1,732,0.0,1526
sp|P24169|DCOS_ECOLI,YP_002406677.1,98.497,732,11,0,1,732,1,732,0.0,1507
sp|P24169|DCOS_ECOLI,WP_000040183.1,98.497,732,11,0,1,732,1,732,0.0,1505
sp|P24169|DCOS_ECOLI,WP_001443479.1,97.131,732,21,0,1,732,1,732,0.0,1487
sp|P24169|DCOS_ECOLI,WP_001342032.1,96.995,732,22,0,1,732,1,732,0.0,1484
sp|P24169|DCOS_ECOLI,YP_006118989.1,96.585,732,25,0,1,732,4,735,0.0,1483
sp|P24169|DCOS_ECOLI,YP_006780311.1,96.858,732,23,0,1,732,1,732,0.0,1482
sp|P24169|DCOS_ECOLI,WP_065228192.1,96.585,732,25,0,1,732,1,732,0.0,1482
sp|P24169|DCOS_ECOLI,WP_001292415.1,96.448,732,26,0,1,732,1,732,0.0,1477
sp|P24169|DCOS_ECOLI,WP_088592005.1,96.311,732,27,0,1,732,1,732,0.0,1474
sp|P24169|DCOS_ECOLI,WP_038431160.1,96.311,732,27,0,1,732,1,732,0.0,1473
sp|P24169|DCOS_ECOLI,WP_022472693.1,70.596,721,208,2,1,720,1,718,0.0,1076
sp|P24169|DCOS_ECOLI,WP_005432060.1,68.138,725,228,3,1,723,1,724,0.0,1056
sp|P24169|DCOS_ECOLI,WP_016474890.1,66.986,730,239,2,1,729,1,729,0.0,1050
sp|P24169|DCOS_ECOLI,WP_062332330.1,68.384,718,225,2,1,717,1,717,0.0,1043
sp|P24169|DCOS_ECOLI,WP_005435887.1,68.106,718,227,2,1,717,1,717,0.0,1039
sp|P24169|DCOS_ECOLI,WP_005640819.1,66.574,718,238,2,1,717,1,717,0.0,1021
sp|P24169|DCOS_ECOLI,WP_000839810.1,67.316,719,226,2,1,718,1,711,0.0,1018
sp|P24169|DCOS_ECOLI,YP_006121258.1,67.316,719,226,2,1,718,1,711,0.0,1016
sp|P24169|DCOS_ECOLI,WP_000839809.1,67.316,719,226,2,1,718,1,711,0.0,1016
sp|P24169|DCOS_ECOLI,WP_000839797.1,67.316,719,226,2,1,718,1,711,0.0,1016
sp|P24169|DCOS_ECOLI,WP_065227617.1,67.177,719,227,2,1,718,1,711,0.0,1016
sp|P24169|DCOS_ECOLI,YP_002409308.1,67.316,719,226,2,1,718,1,711,0.0,1016
sp|P24169|DCOS_ECOLI,WP_000839815.1,67.177,719,227,2,1,718,1,711,0.0,1016
sp|P24169|DCOS_ECOLI,YP_002414002.1,67.177,719,227,2,1,718,1,711,0.0,1014
sp|P24169|DCOS_ECOLI,WP_000839773.1,67.038,719,228,3,1,718,1,711,0.0,1014
sp|P24169|DCOS_ECOLI,WP_000839764.1,67.038,719,228,2,1,718,1,711,0.0,1013
sp|P24169|DCOS_ECOLI,WP_000839800.1,67.038,719,228,2,1,718,1,711,0.0,1012
sp|P24169|DCOS_ECOLI,NP_417440.4,66.898,719,229,2,1,718,1,711,0.0,1012
sp|P24169|DCOS_ECOLI,WP_000839772.1,67.038,719,228,3,1,718,1,711,0.0,1011
sp|P24169|DCOS_ECOLI,YP_006777644.1,66.898,719,229,2,1,718,1,711,0.0,1011
sp|P24169|DCOS_ECOLI,WP_139689045.1,66.111,720,242,2,1,718,1,720,0.0,995
sp|P24169|DCOS_ECOLI,WP_016474625.1,65.139,720,249,2,1,718,1,720,0.0,983
sp|P24169|DCOS_ECOLI,WP_005429922.1,65.139,720,249,2,1,718,1,720,0.0,982
sp|P24169|DCOS_ECOLI,WP_113854621.1,65.139,720,249,2,1,718,1,720,0.0,982
sp|P24169|DCOS_ECOLI,WP_022444793.1,63.100,729,268,1,1,728,10,738,0.0,977
sp|P24169|DCOS_ECOLI,WP_048706779.1,62.500,704,258,3,18,718,26,726,0.0,950
sp|P24169|DCOS_ECOLI,WP_156931049.1,62.552,721,265,3,1,718,1,719,0.0,943
sp|P24169|DCOS_ECOLI,WP_005376589.1,62.552,721,265,3,1,718,1,719,0.0,942
sp|P24169|DCOS_ECOLI,WP_118354300.1,62.413,721,266,3,1,718,1,719,0.0,942
sp|P24169|DCOS_ECOLI,WP_005383094.1,62.552,721,265,3,1,718,1,719,0.0,941
sp|P24169|DCOS_ECOLI,WP_119982169.1,62.413,721,266,3,1,718,1,719,0.0,941
sp|P24169|DCOS_ECOLI,WP_005379824.1,62.413,721,266,3,1,718,1,719,0.0,941
sp|P24169|DCOS_ECOLI,WP_009661457.1,62.413,721,266,3,1,718,1,719,0.0,937
sp|P24169|DCOS_ECOLI,WP_095629742.1,62.778,720,264,3,1,718,1,718,0.0,933
sp|P24169|DCOS_ECOLI,WP_035062708.1,61.997,721,270,3,1,718,1,720,0.0,930
sp|P24169|DCOS_ECOLI,WP_020724080.1,62.500,720,266,3,1,718,1,718,0.0,930
sp|P24169|DCOS_ECOLI,WP_087477631.1,62.639,720,265,3,1,718,1,718,0.0,929
sp|P24169|DCOS_ECOLI,WP_118023177.1,62.031,719,270,2,1,718,1,717,0.0,923
sp|P24169|DCOS_ECOLI,WP_059075669.1,62.170,719,269,2,1,718,1,717,0.0,923
sp|P24169|DCOS_ECOLI,WP_023054251.1,60.779,719,279,2,1,718,1,717,0.0,914
sp|P24169|DCOS_ECOLI,WP_007556206.1,61.720,721,272,3,1,718,1,720,0.0,913
sp|P24169|DCOS_ECOLI,WP_101912915.1,60.779,719,279,2,1,718,1,717,0.0,910
sp|P24169|DCOS_ECOLI,WP_007555043.1,58.217,718,295,3,4,718,5,720,0.0,907
sp|P24169|DCOS_ECOLI,WP_062411251.1,62.083,720,269,3,1,718,1,718,0.0,905
sp|P24169|DCOS_ECOLI,WP_065360560.1,61.806,720,271,3,1,718,1,718,0.0,905
sp|P24169|DCOS_ECOLI,WP_007556306.1,58.078,718,296,3,4,718,5,720,0.0,904
sp|P24169|DCOS_ECOLI,WP_028258140.1,58.621,725,293,4,1,722,1,721,0.0,898
sp|P24169|DCOS_ECOLI,WP_038152673.1,58.621,725,293,4,1,722,1,721,0.0,897
sp|P24169|DCOS_ECOLI,WP_007556202.1,57.698,721,299,3,1,718,1,718,0.0,886
sp|P24169|DCOS_ECOLI,WP_007555172.1,57.836,721,298,3,1,718,1,718,0.0,886
sp|P24169|DCOS_ECOLI,WP_007554475.1,62.481,669,248,2,1,667,1,668,0.0,862
sp|P24169|DCOS_ECOLI,WP_007553763.1,51.043,719,340,5,1,712,1,714,0.0,753
sp|P24169|DCOS_ECOLI,EST03659.1,45.977,609,329,0,94,702,78,686,0.0,590
sp|P24169|DCOS_ECOLI,PLA29650.1,45.977,609,329,0,94,702,74,682,0.0,590
sp|P24169|DCOS_ECOLI,OXC12323.1,45.977,609,329,0,94,702,74,682,0.0,590
sp|P24169|DCOS_ECOLI,TVS31360.1,45.977,609,329,0,94,702,74,682,0.0,589
sp|P24169|DCOS_ECOLI,WP_006585673.1,42.083,720,391,5,1,718,1,696,0.0,588
sp|P24169|DCOS_ECOLI,KWU04039.1,45.813,609,330,0,94,702,74,682,0.0,588
sp|P24169|DCOS_ECOLI,KRK32906.1,45.813,609,330,0,94,702,28,636,0.0,588
sp|P24169|DCOS_ECOLI,KAA8811967.1,45.813,609,330,0,94,702,25,633,0.0,587
sp|P24169|DCOS_ECOLI,ORE80788.1,45.813,609,330,0,94,702,45,653,0.0,587
sp|P24169|DCOS_ECOLI,PJZ17117.1,45.888,608,329,0,94,701,74,681,0.0,587
sp|P24169|DCOS_ECOLI,WP_144853849.1,41.944,720,392,5,1,718,1,696,0.0,585
sp|P24169|DCOS_ECOLI,EEU20180.1,45.649,609,331,0,94,702,74,682,0.0,585
sp|P24169|DCOS_ECOLI,KWU03430.1,40.608,724,397,5,1,720,1,695,0.0,567
sp|P24169|DCOS_ECOLI,EEJ68900.1,40.608,724,397,5,1,720,6,700,0.0,565
sp|P24169|DCOS_ECOLI,EEU27852.1,40.608,724,397,5,1,720,1,695,0.0,565
sp|P24169|DCOS_ECOLI,EFD99278.1,40.608,724,397,5,1,720,1,695,0.0,565
sp|P24169|DCOS_ECOLI,KAA8810088.1,40.608,724,397,5,1,720,1,695,0.0,564
sp|P24169|DCOS_ECOLI,KFL93551.1,40.470,724,398,5,1,720,6,700,0.0,564
sp|P24169|DCOS_ECOLI,KAA8795350.1,40.608,724,397,5,1,720,1,695,0.0,563
sp|P24169|DCOS_ECOLI,KAA8792913.1,40.608,724,397,5,1,720,1,695,0.0,563
sp|P24169|DCOS_ECOLI,KXI16632.1,40.470,724,398,5,1,720,6,700,0.0,563
sp|P24169|DCOS_ECOLI,EFQ44896.1,40.470,724,398,5,1,720,1,695,0.0,563
sp|P24169|DCOS_ECOLI,KRK32388.1,40.608,724,397,5,1,720,1,695,0.0,563
sp|P24169|DCOS_ECOLI,CBL50520.1,40.608,724,397,5,1,720,1,695,0.0,563
sp|P24169|DCOS_ECOLI,PLT12460.1,40.608,724,397,5,1,720,1,695,0.0,562
sp|P24169|DCOS_ECOLI,OXC12988.1,40.470,724,398,5,1,720,1,695,0.0,562
sp|P24169|DCOS_ECOLI,OXC24986.1,40.470,724,398,5,1,720,1,695,0.0,562
sp|P24169|DCOS_ECOLI,EST02842.1,40.470,724,398,5,1,720,1,695,0.0,562
sp|P24169|DCOS_ECOLI,OXC47768.1,40.470,724,398,5,1,720,1,695,0.0,561
sp|P24169|DCOS_ECOLI,PLT10984.1,40.608,724,397,5,1,720,1,695,0.0,560
sp|P24169|DCOS_ECOLI,WP_151143301.1,45.177,622,335,2,98,718,80,696,0.0,557
sp|P24169|DCOS_ECOLI,WP_006586333.1,45.177,622,335,2,98,718,80,696,0.0,557
sp|P24169|DCOS_ECOLI,WP_048588237.1,45.177,622,335,2,98,718,80,696,0.0,555
sp|P24169|DCOS_ECOLI,PLA29400.1,40.496,726,397,6,1,720,1,697,0.0,553
sp|P24169|DCOS_ECOLI,WP_068720649.1,39.542,612,353,7,109,720,10,604,2.15e-157,473
sp|P24169|DCOS_ECOLI,KAA8796088.1,46.560,436,233,0,94,529,25,460,4.17e-143,431
sp|P24169|DCOS_ECOLI,KAA8814121.1,49.722,360,181,0,94,453,74,433,3.28e-124,381
sp|P24169|DCOS_ECOLI,ETW73897.1,38.627,510,281,4,1,507,1,481,1.28e-120,374
sp|P24169|DCOS_ECOLI,WP_118276370.1,32.589,672,417,13,50,708,88,736,1.03e-115,370
sp|P24169|DCOS_ECOLI,WP_022373214.1,31.667,660,423,12,58,708,96,736,2.50e-106,345
sp|P24169|DCOS_ECOLI,WP_001307519.1,31.563,678,432,12,58,714,86,752,3.90e-104,339
sp|P24169|DCOS_ECOLI,YP_006781307.1,31.563,678,432,12,58,714,87,753,4.58e-104,339
sp|P24169|DCOS_ECOLI,WP_077883476.1,31.563,678,432,12,58,714,86,752,4.76e-104,339
sp|P24169|DCOS_ECOLI,YP_002415251.6,31.563,678,432,12,58,714,86,752,5.29e-104,339
sp|P24169|DCOS_ECOLI,WP_001302401.1,31.563,678,432,12,58,714,86,752,6.33e-104,339
sp|P24169|DCOS_ECOLI,NP_418541.2,31.563,678,432,12,58,714,86,752,6.67e-104,339
sp|P24169|DCOS_ECOLI,NP_313126.1,31.563,678,432,12,58,714,87,753,6.83e-104,339
sp|P24169|DCOS_ECOLI,WP_114493769.1,31.563,678,432,12,58,714,86,752,7.03e-104,338
sp|P24169|DCOS_ECOLI,YP_002410410.1,31.563,678,432,12,58,714,87,753,1.47e-103,338
sp|P24169|DCOS_ECOLI,WP_121831894.1,31.563,678,432,12,58,714,86,752,1.61e-103,338
sp|P24169|DCOS_ECOLI,YP_006122472.1,31.563,678,432,12,58,714,86,752,1.83e-103,338
sp|P24169|DCOS_ECOLI,WP_077633849.1,32.303,647,409,11,86,714,117,752,2.07e-103,337
sp|P24169|DCOS_ECOLI,WP_139687769.1,32.357,717,438,18,17,725,37,714,2.48e-97,320
sp|P24169|DCOS_ECOLI,WP_005432065.1,31.487,686,420,15,30,702,49,697,2.85e-96,317
sp|P24169|DCOS_ECOLI,WP_064234993.1,33.491,636,386,15,82,712,103,706,2.61e-94,312
sp|P24169|DCOS_ECOLI,WP_001295383.1,33.491,636,386,15,82,712,103,706,6.48e-94,311
sp|P24169|DCOS_ECOLI,WP_001358741.1,33.333,636,387,15,82,712,103,706,9.64e-94,311
sp|P24169|DCOS_ECOLI,YP_002410425.1,33.600,625,378,15,93,712,114,706,1.71e-93,310
sp|P24169|DCOS_ECOLI,YP_002406235.1,32.473,659,404,15,61,712,82,706,4.25e-91,304
sp|P24169|DCOS_ECOLI,YP_006118555.1,31.358,692,432,16,30,712,49,706,6.52e-91,303
sp|P24169|DCOS_ECOLI,WP_065226118.1,31.214,692,433,16,30,712,49,706,8.19e-91,303
sp|P24169|DCOS_ECOLI,YP_002410959.1,31.214,692,433,16,30,712,49,706,8.45e-91,303
sp|P24169|DCOS_ECOLI,WP_001020973.1,31.214,692,433,16,30,712,49,706,1.50e-90,302
sp|P24169|DCOS_ECOLI,WP_001020974.1,31.214,692,433,16,30,712,49,706,1.68e-90,302
sp|P24169|DCOS_ECOLI,WP_001020971.1,31.214,692,433,16,30,712,49,706,1.81e-90,302
sp|P24169|DCOS_ECOLI,WP_001021032.1,31.214,692,433,16,30,712,49,706,1.95e-90,302
sp|P24169|DCOS_ECOLI,WP_001020954.1,31.214,692,433,16,30,712,49,706,2.11e-90,302
sp|P24169|DCOS_ECOLI,WP_121831815.1,30.880,693,434,16,30,712,49,706,9.87e-90,300
sp|P24169|DCOS_ECOLI,WP_001020970.1,31.069,692,434,16,30,712,49,706,5.67e-89,298
sp|P24169|DCOS_ECOLI,KAA8808561.1,40.726,248,147,0,455,702,2,249,1.90e-61,211
sp|P24169|DCOS_ECOLI,ETW73896.1,45.070,213,116,1,509,720,6,218,1.20e-54,191
sp|P24169|DCOS_ECOLI,KAA8791284.1,42.857,168,96,0,535,702,1,168,9.96e-40,149
sp|P24169|DCOS_ECOLI,WP_023039535.1,22.907,633,335,27,106,721,6,502,1.73e-19,98.6
sp|P24169|DCOS_ECOLI,WP_088387315.1,23.028,634,335,27,106,722,6,503,2.45e-19,97.8
sp|P24169|DCOS_ECOLI,WP_029598864.1,22.749,633,336,27,106,721,6,502,2.54e-19,97.8
sp|P24169|DCOS_ECOLI,WP_060676018.1,22.749,633,336,27,106,721,6,502,2.79e-19,97.8
sp|P24169|DCOS_ECOLI,WP_020310973.1,24.528,583,287,22,104,671,4,448,2.95e-19,96.3
sp|P24169|DCOS_ECOLI,WP_008795268.1,22.749,633,336,27,106,721,6,502,2.99e-19,97.8
sp|P24169|DCOS_ECOLI,WP_005898385.1,23.028,634,335,27,106,722,6,503,3.12e-19,97.4
sp|P24169|DCOS_ECOLI,WP_008701157.1,22.749,633,336,27,106,721,6,502,3.29e-19,97.4
sp|P24169|DCOS_ECOLI,WP_070675473.1,22.749,633,336,27,106,721,6,502,3.56e-19,97.4
sp|P24169|DCOS_ECOLI,WP_008691387.1,22.749,633,336,27,106,721,6,502,3.62e-19,97.4
sp|P24169|DCOS_ECOLI,WP_060495712.1,23.028,634,335,27,106,722,6,503,3.68e-19,97.4
sp|P24169|DCOS_ECOLI,WP_022070157.1,22.749,633,336,27,106,721,6,502,3.71e-19,97.4
sp|P24169|DCOS_ECOLI,WP_005911146.1,22.749,633,336,27,106,721,6,502,3.81e-19,97.4
sp|P24169|DCOS_ECOLI,WP_005905847.1,22.749,633,336,27,106,721,6,502,3.88e-19,97.4
sp|P24169|DCOS_ECOLI,WP_008798408.1,22.134,628,346,25,106,721,6,502,4.12e-19,97.1
sp|P24169|DCOS_ECOLI,WP_098703898.1,23.186,634,334,28,106,722,6,503,4.69e-19,97.1
sp|P24169|DCOS_ECOLI,WP_062411380.1,27.200,375,215,13,104,467,4,331,4.83e-19,95.9
sp|P24169|DCOS_ECOLI,WP_062411380.1,35.000,60,35,1,622,681,403,458,5.3,35.4
sp|P24169|DCOS_ECOLI,WP_099002428.1,23.028,634,335,27,106,722,6,503,6.30e-19,96.7
sp|P24169|DCOS_ECOLI,WP_150150725.1,22.555,634,338,27,106,722,6,503,1.02e-18,95.9
sp|P24169|DCOS_ECOLI,WP_023036603.1,23.028,634,335,27,106,722,6,503,1.06e-18,95.9
sp|P24169|DCOS_ECOLI,WP_008799184.1,22.555,634,338,27,106,722,6,503,2.54e-18,94.7
sp|P24169|DCOS_ECOLI,WP_005889192.1,22.555,634,338,27,106,722,6,503,2.75e-18,94.7
sp|P24169|DCOS_ECOLI,WP_029758410.1,22.713,634,337,27,106,722,6,503,3.32e-18,94.4
sp|P24169|DCOS_ECOLI,WP_029600138.1,22.555,634,338,27,106,722,6,503,3.53e-18,94.4
sp|P24169|DCOS_ECOLI,WP_065359603.1,24.320,588,302,19,104,681,4,458,4.19e-18,92.8
sp|P24169|DCOS_ECOLI,WP_005913097.1,23.028,634,335,28,106,722,6,503,4.66e-18,94.0
sp|P24169|DCOS_ECOLI,WP_005903647.1,22.397,634,339,27,106,722,6,503,1.22e-17,92.4
sp|P24169|DCOS_ECOLI,WP_029598527.1,22.397,634,339,27,106,722,6,503,1.37e-17,92.4
sp|P24169|DCOS_ECOLI,WP_007392435.1,24.648,568,301,19,106,671,6,448,2.02e-17,90.9
sp|P24169|DCOS_ECOLI,WP_102892670.1,23.810,609,319,24,93,690,112,586,3.50e-17,90.5
sp|P24169|DCOS_ECOLI,WP_081864291.1,23.520,608,322,22,93,690,130,604,5.38e-17,90.1
sp|P24169|DCOS_ECOLI,WP_062485276.1,24.394,578,310,19,106,681,6,458,5.52e-17,89.4
sp|P24169|DCOS_ECOLI,WP_059077114.1,27.749,382,202,15,104,466,4,330,1.09e-16,88.6
sp|P24169|DCOS_ECOLI,WP_059077114.1,44.776,67,32,2,622,687,403,465,0.005,45.1
sp|P24169|DCOS_ECOLI,WP_081470295.1,23.355,608,323,22,93,690,154,628,2.04e-16,88.2
sp|P24169|DCOS_ECOLI,WP_095629057.1,24.497,596,319,20,104,696,4,471,3.08e-16,87.0
sp|P24169|DCOS_ECOLI,WP_118021277.1,28.286,350,176,15,104,433,4,298,1.18e-15,85.1
sp|P24169|DCOS_ECOLI,WP_118021277.1,43.333,60,30,1,622,681,403,458,0.029,42.7
sp|P24169|DCOS_ECOLI,WP_019214055.1,25.552,317,187,12,107,418,1,273,1.78e-15,84.7
sp|P24169|DCOS_ECOLI,WP_019214055.1,31.818,66,41,1,622,687,390,451,0.023,43.1
sp|P24169|DCOS_ECOLI,WP_101912897.1,28.302,371,212,13,106,467,6,331,2.06e-15,83.6
sp|P24169|DCOS_ECOLI,WP_023053887.1,28.302,371,212,13,106,467,6,331,2.58e-15,84.3
sp|P24169|DCOS_ECOLI,WP_087478567.1,24.074,594,320,20,106,696,6,471,2.70e-15,84.0
sp|P24169|DCOS_ECOLI,WP_150824479.1,28.367,349,177,14,104,433,4,298,3.26e-15,81.6
sp|P24169|DCOS_ECOLI,WP_006941270.1,25.304,411,262,15,104,509,4,374,3.10e-14,80.9
sp|P24169|DCOS_ECOLI,WP_006941270.1,44.737,38,21,0,644,681,421,458,4.8,35.4
sp|P24169|DCOS_ECOLI,WP_007391587.1,24.704,591,292,22,106,681,6,458,3.34e-14,80.5
sp|P24169|DCOS_ECOLI,WP_021955969.1,22.867,586,319,20,110,690,9,466,1.07e-13,79.0
sp|P24169|DCOS_ECOLI,WP_058259982.1,25.641,312,175,13,107,409,1,264,1.94e-13,78.2
sp|P24169|DCOS_ECOLI,WP_058259982.1,31.818,66,41,1,622,687,390,451,0.021,43.1
sp|P24169|DCOS_ECOLI,WP_033686980.1,21.854,604,337,21,106,703,6,480,9.30e-13,76.3
sp|P24169|DCOS_ECOLI,WP_022207554.1,22.487,587,323,19,104,686,3,461,2.08e-12,75.1
sp|P24169|DCOS_ECOLI,WP_119919453.1,21.818,605,336,21,106,703,6,480,3.89e-12,74.3
sp|P24169|DCOS_ECOLI,WP_138705230.1,21.818,605,336,21,106,703,6,480,4.48e-12,73.9
sp|P24169|DCOS_ECOLI,WP_119943090.1,21.983,605,335,21,106,703,6,480,9.03e-12,73.2
sp|P24169|DCOS_ECOLI,WP_000732154.1,21.617,606,336,22,106,703,6,480,1.17e-11,72.8
sp|P24169|DCOS_ECOLI,WP_028257600.1,23.480,592,320,19,110,696,8,471,1.34e-11,72.4
sp|P24169|DCOS_ECOLI,WP_005380983.1,25.886,367,225,15,106,468,4,327,1.53e-11,72.4
sp|P24169|DCOS_ECOLI,WP_000732150.1,21.818,605,336,21,106,703,6,480,1.62e-11,72.0
sp|P24169|DCOS_ECOLI,WP_005378516.1,25.886,367,225,15,106,468,4,327,1.75e-11,72.0
sp|P24169|DCOS_ECOLI,WP_045606806.1,21.818,605,336,21,106,703,6,480,2.77e-11,71.6
sp|P24169|DCOS_ECOLI,WP_118589634.1,20.784,587,330,20,111,691,5,462,3.56e-11,71.2
sp|P24169|DCOS_ECOLI,WP_042751180.1,20.992,605,341,21,106,703,6,480,3.70e-11,71.2
sp|P24169|DCOS_ECOLI,WP_021952422.1,20.443,587,332,20,111,691,5,462,4.44e-11,70.9
sp|P24169|DCOS_ECOLI,WP_081818496.1,24.784,347,201,13,88,425,31,326,4.67e-11,70.9
sp|P24169|DCOS_ECOLI,WP_081818496.1,34.615,78,42,3,621,697,439,508,0.016,43.5
sp|P24169|DCOS_ECOLI,WP_019124848.1,23.468,571,285,27,125,691,17,439,4.71e-11,70.5
sp|P24169|DCOS_ECOLI,WP_061439471.1,21.653,605,337,21,106,703,6,480,5.02e-11,70.5
sp|P24169|DCOS_ECOLI,WP_033680210.1,21.358,604,340,21,106,703,6,480,5.06e-11,70.5
sp|P24169|DCOS_ECOLI,WP_101514711.1,21.854,604,337,21,106,703,6,480,5.24e-11,70.5
sp|P24169|DCOS_ECOLI,WP_033683607.1,21.653,605,337,21,106,703,6,480,5.58e-11,70.5
sp|P24169|DCOS_ECOLI,WP_000661017.1,21.653,605,337,21,106,703,6,480,5.67e-11,70.5
sp|P24169|DCOS_ECOLI,WP_138705067.1,21.854,604,337,21,106,703,6,480,6.36e-11,70.5
sp|P24169|DCOS_ECOLI,WP_049547178.1,21.653,605,337,21,106,703,6,480,8.41e-11,70.1
sp|P24169|DCOS_ECOLI,WP_042900971.1,21.818,605,336,21,106,703,6,480,8.41e-11,70.1
sp|P24169|DCOS_ECOLI,WP_040013951.1,54.902,51,22,1,669,718,1,51,8.73e-11,62.4
sp|P24169|DCOS_ECOLI,WP_021865880.1,20.946,592,332,22,106,690,6,468,8.81e-11,69.7
sp|P24169|DCOS_ECOLI,WP_060628327.1,21.653,605,337,21,106,703,6,480,9.34e-11,69.7
sp|P24169|DCOS_ECOLI,WP_061589718.1,21.959,592,325,21,106,690,6,467,1.02e-10,69.7
sp|P24169|DCOS_ECOLI,WP_000661016.1,21.653,605,337,21,106,703,6,480,1.08e-10,69.7
sp|P24169|DCOS_ECOLI,WP_138702417.1,21.653,605,337,21,106,703,6,480,1.15e-10,69.3
sp|P24169|DCOS_ECOLI,WP_119947097.1,21.689,604,338,21,106,703,6,480,1.88e-10,68.9
sp|P24169|DCOS_ECOLI,WP_045611673.1,21.653,605,337,21,106,703,6,480,2.18e-10,68.6
sp|P24169|DCOS_ECOLI,WP_049510695.1,21.818,605,336,21,106,703,6,480,2.57e-10,68.6
sp|P24169|DCOS_ECOLI,WP_075713944.1,23.701,308,199,8,115,417,11,287,3.55e-10,68.2
sp|P24169|DCOS_ECOLI,WP_075713944.1,40.909,44,24,1,643,684,436,479,0.67,38.1
sp|P24169|DCOS_ECOLI,WP_081936470.1,26.733,303,178,8,110,407,8,271,3.67e-10,67.8
sp|P24169|DCOS_ECOLI,WP_040014010.1,54.000,50,22,1,670,718,2,51,5.81e-10,60.1
sp|P24169|DCOS_ECOLI,WP_118353376.1,25.904,332,203,12,106,433,4,296,7.59e-10,67.0
sp|P24169|DCOS_ECOLI,WP_005382483.1,24.457,368,229,15,106,468,4,327,9.28e-10,66.6
sp|P24169|DCOS_ECOLI,WP_156931070.1,26.299,308,182,11,106,407,4,272,9.30e-10,66.6
sp|P24169|DCOS_ECOLI,WP_119983014.1,24.457,368,229,15,106,468,4,327,1.01e-09,66.6
sp|P24169|DCOS_ECOLI,WP_049549884.1,21.488,605,338,21,106,703,6,480,1.71e-09,65.9
sp|P24169|DCOS_ECOLI,WP_036754142.1,21.546,608,340,21,106,706,4,481,3.10e-09,65.1
sp|P24169|DCOS_ECOLI,WP_142557256.1,22.003,609,336,23,106,706,4,481,3.36e-09,64.7
sp|P24169|DCOS_ECOLI,WP_033681798.1,32.653,147,83,6,106,248,6,140,3.40e-09,64.7
sp|P24169|DCOS_ECOLI,WP_033681798.1,25.926,108,69,4,598,703,382,480,0.77,38.1
sp|P24169|DCOS_ECOLI,WP_077805109.1,25.080,311,186,12,106,410,6,275,3.84e-09,64.7
sp|P24169|DCOS_ECOLI,WP_077805109.1,28.421,95,57,4,598,690,382,467,0.87,37.7
sp|P24169|DCOS_ECOLI,WP_000661019.1,31.973,147,84,6,106,248,6,140,6.48e-09,63.9
sp|P24169|DCOS_ECOLI,WP_000661019.1,27.778,108,67,4,598,703,382,480,0.34,39.3
sp|P24169|DCOS_ECOLI,WP_000661020.1,31.973,147,84,6,106,248,6,140,7.78e-09,63.5
sp|P24169|DCOS_ECOLI,WP_000661020.1,26.852,108,68,4,598,703,382,480,0.53,38.5
sp|P24169|DCOS_ECOLI,WP_049495032.1,22.386,612,330,23,106,706,4,481,9.72e-09,63.5
sp|P24169|DCOS_ECOLI,WP_000661003.1,31.973,147,84,6,106,248,6,140,1.11e-08,63.2
sp|P24169|DCOS_ECOLI,WP_000661003.1,27.778,108,67,4,598,703,382,480,0.27,39.7
sp|P24169|DCOS_ECOLI,WP_053039567.1,31.973,147,84,6,106,248,6,140,1.13e-08,63.2
sp|P24169|DCOS_ECOLI,WP_053039567.1,29.126,103,62,4,598,698,382,475,0.12,40.8
sp|P24169|DCOS_ECOLI,WP_033688796.1,21.192,604,341,21,106,703,6,480,1.37e-08,62.8
sp|P24169|DCOS_ECOLI,WP_000661023.1,23.901,364,232,14,106,465,6,328,1.49e-08,62.8
sp|P24169|DCOS_ECOLI,WP_000661023.1,26.852,108,68,4,598,703,382,480,0.39,38.9
sp|P24169|DCOS_ECOLI,WP_138707881.1,31.293,147,85,6,106,248,6,140,1.89e-08,62.4
sp|P24169|DCOS_ECOLI,WP_138707881.1,27.778,108,67,4,598,703,382,480,0.32,39.3
sp|P24169|DCOS_ECOLI,WP_049539353.1,31.293,147,85,6,106,248,6,140,1.99e-08,62.4
sp|P24169|DCOS_ECOLI,WP_049539353.1,25.926,108,69,4,598,703,382,480,6.3,35.0
sp|P24169|DCOS_ECOLI,WP_049502558.1,31.293,147,85,6,106,248,6,140,2.03e-08,62.4
sp|P24169|DCOS_ECOLI,WP_049502558.1,26.852,108,68,4,598,703,382,480,0.49,38.9
sp|P24169|DCOS_ECOLI,WP_061087979.1,31.293,147,85,6,106,248,6,140,2.12e-08,62.4
sp|P24169|DCOS_ECOLI,WP_061087979.1,26.852,108,68,4,598,703,382,480,0.49,38.9
sp|P24169|DCOS_ECOLI,WP_049493736.1,21.358,604,340,21,106,703,6,480,2.15e-08,62.4
sp|P24169|DCOS_ECOLI,WP_078238447.1,31.293,147,85,6,106,248,6,140,2.27e-08,62.4
sp|P24169|DCOS_ECOLI,WP_078238447.1,27.778,108,67,4,598,703,382,480,0.36,39.3
sp|P24169|DCOS_ECOLI,WP_023937530.1,31.293,147,85,6,106,248,6,140,2.41e-08,62.0
sp|P24169|DCOS_ECOLI,WP_023937530.1,26.852,108,68,4,598,703,382,480,0.52,38.5
sp|P24169|DCOS_ECOLI,WP_049511310.1,21.358,604,340,21,106,703,6,480,2.43e-08,62.0
sp|P24169|DCOS_ECOLI,WP_075659418.1,22.144,569,295,23,125,691,17,439,2.44e-08,62.0
sp|P24169|DCOS_ECOLI,WP_138703123.1,31.293,147,85,6,106,248,6,140,2.92e-08,62.0
sp|P24169|DCOS_ECOLI,WP_138703123.1,26.852,108,68,4,598,703,382,480,0.53,38.5
sp|P24169|DCOS_ECOLI,WP_078352147.1,21.192,604,341,21,106,703,6,480,2.97e-08,62.0
sp|P24169|DCOS_ECOLI,WP_049487171.1,31.293,147,85,6,106,248,6,140,3.21e-08,61.6
sp|P24169|DCOS_ECOLI,WP_049487171.1,26.852,108,68,4,598,703,382,480,0.45,38.9
sp|P24169|DCOS_ECOLI,WP_049552012.1,30.612,147,86,6,106,248,6,140,3.89e-08,61.6
sp|P24169|DCOS_ECOLI,WP_049552012.1,26.852,108,68,4,598,703,382,480,0.53,38.5
sp|P24169|DCOS_ECOLI,WP_022248201.1,24.786,234,147,6,173,406,54,258,3.93e-08,61.2
sp|P24169|DCOS_ECOLI,WP_000660992.1,21.559,603,340,21,106,703,6,480,4.03e-08,61.2
sp|P24169|DCOS_ECOLI,WP_021982204.1,22.857,315,184,12,111,415,4,269,4.51e-08,61.2
sp|P24169|DCOS_ECOLI,WP_061424812.1,30.612,147,86,6,106,248,6,140,4.63e-08,61.2
sp|P24169|DCOS_ECOLI,WP_061424812.1,26.852,108,68,4,598,703,382,480,0.47,38.9
sp|P24169|DCOS_ECOLI,WP_021983049.1,29.197,137,89,3,106,242,5,133,4.77e-08,61.2
sp|P24169|DCOS_ECOLI,WP_021983049.1,32.530,83,51,2,605,686,383,461,0.005,45.1
sp|P24169|DCOS_ECOLI,WP_084924424.1,21.192,604,341,21,106,703,6,480,4.92e-08,61.2
sp|P24169|DCOS_ECOLI,WP_049535268.1,31.293,147,85,6,106,248,6,140,5.80e-08,60.8
sp|P24169|DCOS_ECOLI,WP_049535268.1,27.778,108,67,4,598,703,382,480,0.36,39.3
sp|P24169|DCOS_ECOLI,WP_022234284.1,30.435,138,88,3,105,242,5,134,6.79e-08,60.8
sp|P24169|DCOS_ECOLI,WP_022234284.1,30.588,85,51,2,598,682,382,458,0.004,45.4
sp|P24169|DCOS_ECOLI,WP_023941338.1,30.612,147,86,6,106,248,6,140,7.34e-08,60.5
sp|P24169|DCOS_ECOLI,WP_023941338.1,26.852,108,68,4,598,703,382,480,0.75,38.1
sp|P24169|DCOS_ECOLI,WP_049537545.1,21.192,604,341,21,106,703,6,480,8.00e-08,60.5
sp|P24169|DCOS_ECOLI,WP_021866819.1,25.541,231,134,8,181,406,64,261,1.09e-07,60.1
sp|P24169|DCOS_ECOLI,WP_049495832.1,21.711,608,339,22,106,706,4,481,1.70e-07,59.3
sp|P24169|DCOS_ECOLI,WP_023934025.1,30.556,144,84,6,106,245,6,137,1.83e-07,59.3
sp|P24169|DCOS_ECOLI,WP_023934025.1,27.778,108,67,4,598,703,382,480,0.31,39.3
sp|P24169|DCOS_ECOLI,WP_000732155.1,30.556,144,84,6,106,245,6,137,1.84e-07,59.3
sp|P24169|DCOS_ECOLI,WP_000732155.1,27.778,108,67,4,598,703,382,480,0.30,39.3
sp|P24169|DCOS_ECOLI,WP_049527183.1,21.382,608,341,21,106,706,4,481,1.98e-07,59.3
sp|P24169|DCOS_ECOLI,WP_118565865.1,25.322,233,140,9,179,406,61,264,2.02e-07,59.3
sp|P24169|DCOS_ECOLI,WP_118565865.1,24.390,82,55,2,592,672,370,445,9.5,34.7
sp|P24169|DCOS_ECOLI,WP_022205163.1,24.384,365,233,12,104,465,3,327,2.02e-07,59.3
sp|P24169|DCOS_ECOLI,WP_022205163.1,30.588,85,51,2,602,686,385,461,0.012,43.9
sp|P24169|DCOS_ECOLI,WP_022089130.1,25.322,233,140,9,179,406,61,264,2.03e-07,59.3
sp|P24169|DCOS_ECOLI,WP_022089130.1,24.390,82,55,2,592,672,370,445,9.5,34.7
sp|P24169|DCOS_ECOLI,WP_117910681.1,25.322,233,140,9,179,406,61,264,2.05e-07,59.3
sp|P24169|DCOS_ECOLI,WP_117910681.1,24.390,82,55,2,592,672,370,445,9.4,34.7
sp|P24169|DCOS_ECOLI,WP_117819171.1,27.778,162,108,4,105,265,6,159,2.23e-07,58.9
sp|P24169|DCOS_ECOLI,WP_117819171.1,32.673,101,60,4,592,690,374,468,5.64e-04,48.1
sp|P24169|DCOS_ECOLI,WP_049508318.1,21.217,608,342,21,106,706,4,481,2.30e-07,58.9
sp|P24169|DCOS_ECOLI,WP_150824213.1,22.332,609,330,23,105,703,8,483,2.41e-07,58.9
sp|P24169|DCOS_ECOLI,WP_003529729.1,27.778,162,108,4,105,265,6,159,2.41e-07,58.9
sp|P24169|DCOS_ECOLI,WP_003529729.1,37.179,78,43,3,615,690,395,468,0.003,45.8
sp|P24169|DCOS_ECOLI,WP_054393135.1,30.556,144,84,6,106,245,6,137,2.49e-07,58.5
sp|P24169|DCOS_ECOLI,WP_117755997.1,27.778,162,108,4,105,265,6,159,2.72e-07,58.9
sp|P24169|DCOS_ECOLI,WP_117755997.1,37.179,78,43,3,615,690,395,468,0.003,45.8
sp|P24169|DCOS_ECOLI,WP_022236626.1,27.778,162,108,4,105,265,6,159,2.72e-07,58.9
sp|P24169|DCOS_ECOLI,WP_022236626.1,37.179,78,43,3,615,690,395,468,0.003,45.8
sp|P24169|DCOS_ECOLI,WP_087315728.1,22.256,328,205,12,107,427,1,285,2.88e-07,58.5
sp|P24169|DCOS_ECOLI,WP_087315728.1,44.828,58,27,3,637,691,413,468,0.22,39.7
sp|P24169|DCOS_ECOLI,WP_022432439.1,22.742,620,326,23,105,709,6,487,3.64e-07,58.5
sp|P24169|DCOS_ECOLI,WP_049529617.1,21.217,608,342,21,106,706,4,481,3.81e-07,58.2
sp|P24169|DCOS_ECOLI,WP_117704516.1,29.710,138,89,3,105,242,5,134,4.10e-07,58.2
sp|P24169|DCOS_ECOLI,WP_117704516.1,30.588,85,51,2,598,682,382,458,0.005,45.1
sp|P24169|DCOS_ECOLI,WP_031201741.1,24.832,298,172,10,113,405,9,259,5.76e-07,57.8
sp|P24169|DCOS_ECOLI,WP_152333738.1,22.332,609,330,23,105,703,8,483,9.65e-07,57.0
sp|P24169|DCOS_ECOLI,WP_022432110.1,21.121,232,146,5,179,406,61,259,1.02e-06,57.0
sp|P24169|DCOS_ECOLI,WP_022432110.1,28.497,193,99,7,543,703,295,480,0.001,47.4
sp|P24169|DCOS_ECOLI,WP_012739654.1,27.673,159,106,5,106,263,6,156,1.32e-06,56.6
sp|P24169|DCOS_ECOLI,WP_012739654.1,30.208,96,55,4,598,690,382,468,0.011,43.9
sp|P24169|DCOS_ECOLI,WP_119220889.1,27.673,159,106,5,106,263,6,156,1.35e-06,56.6
sp|P24169|DCOS_ECOLI,WP_119220889.1,30.208,96,55,4,598,690,382,468,0.011,43.9
sp|P24169|DCOS_ECOLI,WP_022502613.1,30.282,142,91,4,106,247,35,168,1.56e-06,56.2
sp|P24169|DCOS_ECOLI,WP_022502613.1,30.588,85,51,2,602,686,415,491,0.015,43.5
sp|P24169|DCOS_ECOLI,WP_019034209.1,21.053,285,170,10,121,399,13,248,2.11e-06,55.8
sp|P24169|DCOS_ECOLI,WP_033126143.1,24.895,237,133,10,179,406,60,260,2.78e-06,55.5
sp|P24169|DCOS_ECOLI,WP_033126143.1,32.099,81,41,3,636,714,404,472,0.86,37.7
sp|P24169|DCOS_ECOLI,WP_004824216.1,21.404,285,169,10,121,399,13,248,3.52e-06,55.1
sp|P24169|DCOS_ECOLI,WP_036754401.1,22.064,281,164,11,125,399,17,248,4.65e-06,54.7
sp|P24169|DCOS_ECOLI,WP_091792393.1,29.560,159,101,6,111,267,5,154,5.53e-06,54.7
sp|P24169|DCOS_ECOLI,WP_022205905.1,20.168,238,159,4,173,406,65,275,6.50e-06,54.7
sp|P24169|DCOS_ECOLI,WP_022205905.1,39.130,46,27,1,647,691,503,548,6.2,35.0
sp|P24169|DCOS_ECOLI,WP_131749711.1,20.345,580,309,18,113,690,21,449,1.02e-05,53.5
sp|P24169|DCOS_ECOLI,WP_049544627.1,31.293,147,85,6,106,248,6,140,1.67e-05,53.1
sp|P24169|DCOS_ECOLI,WP_049544627.1,25.000,108,70,4,598,703,382,480,3.6,35.8
sp|P24169|DCOS_ECOLI,WP_000660993.1,31.293,147,85,6,106,248,6,140,1.78e-05,53.1
sp|P24169|DCOS_ECOLI,WP_049521999.1,30.612,147,86,6,106,248,6,140,2.60e-05,52.4
sp|P24169|DCOS_ECOLI,WP_049521999.1,26.852,108,68,4,598,703,382,480,0.75,38.1
sp|P24169|DCOS_ECOLI,WP_049499951.1,30.612,147,86,6,106,248,6,140,2.76e-05,52.4
sp|P24169|DCOS_ECOLI,WP_049499951.1,26.852,108,68,4,598,703,382,480,0.44,38.9
sp|P24169|DCOS_ECOLI,WP_049515253.1,30.612,147,86,6,106,248,6,140,2.99e-05,52.4
sp|P24169|DCOS_ECOLI,WP_049515253.1,27.778,108,67,4,598,703,382,480,0.26,39.7
sp|P24169|DCOS_ECOLI,WP_040658548.1,24.054,370,230,14,106,468,9,334,4.86e-05,51.6
sp|P24169|DCOS_ECOLI,WP_040658548.1,34.091,88,52,3,622,707,405,488,0.025,42.7
sp|P24169|DCOS_ECOLI,WP_025657851.1,31.884,138,86,4,106,243,6,135,8.94e-05,50.8
sp|P24169|DCOS_ECOLI,WP_025657851.1,31.081,74,46,2,609,681,388,457,0.80,38.1
sp|P24169|DCOS_ECOLI,WP_022204089.1,22.414,232,149,7,179,406,80,284,9.14e-05,50.8
sp|P24169|DCOS_ECOLI,WP_022204089.1,32.759,58,38,1,650,706,458,515,9.1,34.7
sp|P24169|DCOS_ECOLI,WP_119219775.1,23.265,245,143,9,179,414,59,267,9.84e-05,50.4
sp|P24169|DCOS_ECOLI,WP_050642668.1,31.884,138,86,4,106,243,6,135,9.91e-05,50.4
sp|P24169|DCOS_ECOLI,WP_050642668.1,31.081,74,46,2,609,681,388,457,0.79,38.1
sp|P24169|DCOS_ECOLI,WP_117914023.1,23.265,245,143,9,179,414,59,267,1.06e-04,50.4
sp|P24169|DCOS_ECOLI,WP_000732153.1,29.932,147,87,6,106,248,6,140,1.16e-04,50.4
sp|P24169|DCOS_ECOLI,WP_000732153.1,26.852,108,68,4,598,703,382,480,0.43,38.9
sp|P24169|DCOS_ECOLI,WP_117999227.1,22.979,235,156,7,173,406,95,305,1.46e-04,50.1
sp|P24169|DCOS_ECOLI,WP_021906235.1,19.667,300,197,7,107,404,1,258,1.51e-04,50.1
sp|P24169|DCOS_ECOLI,WP_021906235.1,33.333,108,64,4,598,697,370,477,0.009,44.3
sp|P24169|DCOS_ECOLI,WP_091791678.1,35.897,78,45,2,605,681,376,449,1.54e-04,50.1
sp|P24169|DCOS_ECOLI,WP_091791678.1,29.032,124,78,5,126,248,18,132,0.005,45.1
sp|P24169|DCOS_ECOLI,WP_119212722.1,21.898,274,168,10,141,406,24,259,1.72e-04,49.3
sp|P24169|DCOS_ECOLI,WP_055151134.1,21.721,244,148,7,179,411,60,271,2.45e-04,49.3
sp|P24169|DCOS_ECOLI,WP_022501532.1,22.845,232,148,7,179,405,119,324,2.93e-04,49.3
sp|P24169|DCOS_ECOLI,WP_021934594.1,20.344,349,217,14,107,429,1,314,5.33e-04,48.1
sp|P24169|DCOS_ECOLI,WP_021934594.1,38.462,65,32,2,621,681,433,493,0.010,44.3
sp|P24169|DCOS_ECOLI,WP_002846096.1,20.344,349,217,14,107,429,1,314,5.66e-04,48.1
sp|P24169|DCOS_ECOLI,WP_002846096.1,38.462,65,32,2,621,681,433,493,0.010,44.3
sp|P24169|DCOS_ECOLI,WP_002843402.1,20.344,349,217,14,107,429,1,314,5.91e-04,48.1
sp|P24169|DCOS_ECOLI,WP_002843402.1,38.462,65,32,2,621,681,433,493,0.009,44.3
sp|P24169|DCOS_ECOLI,WP_022235087.1,25.743,202,120,8,111,310,2,175,7.72e-04,47.8
sp|P24169|DCOS_ECOLI,WP_050639245.1,21.633,245,147,8,179,411,60,271,8.08e-04,47.8
sp|P24169|DCOS_ECOLI,WP_071705473.1,20.683,498,263,16,181,671,70,442,0.001,47.4
sp|P24169|DCOS_ECOLI,WP_118022998.1,35.955,89,47,4,615,699,399,481,0.001,47.4
sp|P24169|DCOS_ECOLI,WP_118022998.1,28.261,138,91,4,105,242,10,139,0.003,45.8
sp|P24169|DCOS_ECOLI,WP_033124700.1,31.683,101,61,4,592,690,373,467,0.001,47.0
sp|P24169|DCOS_ECOLI,WP_033124700.1,27.820,133,88,4,110,242,10,134,0.19,40.0
sp|P24169|DCOS_ECOLI,WP_117706046.1,25.352,213,126,9,111,319,2,185,0.001,47.0
sp|P24169|DCOS_ECOLI,WP_087277968.1,21.498,307,188,12,106,404,6,267,0.001,46.6
sp|P24169|DCOS_ECOLI,WP_148428412.1,20.202,297,193,8,111,405,6,260,0.003,45.8
sp|P24169|DCOS_ECOLI,WP_075574628.1,38.158,76,40,3,609,681,361,432,0.027,42.7
sp|P24169|DCOS_ECOLI,WP_007789182.1,39.024,41,25,0,641,681,436,476,0.058,41.6
sp|P24169|DCOS_ECOLI,WP_154536812.1,20.323,310,205,13,125,427,19,293,0.16,40.4
sp|P24169|DCOS_ECOLI,WP_154536812.1,31.250,48,32,1,643,690,448,494,1.9,37.0
sp|P24169|DCOS_ECOLI,WP_118518097.1,21.397,229,147,7,180,405,62,260,0.18,40.0
sp|P24169|DCOS_ECOLI,WP_004839020.1,32.692,52,34,1,640,690,384,435,0.20,40.0
sp|P24169|DCOS_ECOLI,LCVA_1000,21.311,183,118,3,520,702,348,504,0.40,38.9
sp|P24169|DCOS_ECOLI,WP_094225025.1,25.217,115,75,4,125,238,16,120,0.74,38.1
sp|P24169|DCOS_ECOLI,WP_037328559.1,27.273,55,40,0,633,687,374,428,0.78,38.1
sp|P24169|DCOS_ECOLI,WP_071705019.1,28.302,159,97,5,179,322,80,236,0.87,37.7
sp|P24169|DCOS_ECOLI,WP_022505798.1,21.875,160,103,8,538,691,207,350,0.96,37.7
sp|P24169|DCOS_ECOLI,WP_075714189.1,34.783,69,41,3,180,245,42,109,0.97,37.7
sp|P24169|DCOS_ECOLI,WP_080575099.1,28.205,78,49,1,150,220,880,957,2.2,37.0
sp|P24169|DCOS_ECOLI,WP_035169675.1,25.123,203,112,9,178,369,72,245,2.4,36.6
sp|P24169|DCOS_ECOLI,WP_154273967.1,24.348,115,76,4,125,238,16,120,2.4,36.2
sp|P24169|DCOS_ECOLI,WP_060790309.1,24.348,115,76,4,125,238,16,120,2.5,36.2
sp|P24169|DCOS_ECOLI,WP_110058573.1,24.348,115,76,4,125,238,16,120,2.6,36.2
sp|P24169|DCOS_ECOLI,WP_094501893.1,25.123,203,112,9,178,369,72,245,2.7,36.2
sp|P24169|DCOS_ECOLI,WP_019251351.1,25.123,203,112,9,178,369,72,245,2.8,36.2
sp|P24169|DCOS_ECOLI,WP_094507928.1,25.123,203,112,9,178,369,72,245,2.9,36.2
sp|P24169|DCOS_ECOLI,WP_094202869.1,24.348,115,76,4,125,238,16,120,2.9,36.2
sp|P24169|DCOS_ECOLI,WP_094504077.1,25.123,203,112,9,178,369,72,245,3.0,36.2
sp|P24169|DCOS_ECOLI,WP_019253954.1,26.601,203,109,12,178,369,72,245,3.4,35.8
sp|P24169|DCOS_ECOLI,WP_002840745.1,24.348,115,76,4,125,238,16,120,3.4,35.8
sp|P24169|DCOS_ECOLI,WP_124216301.1,26.601,203,109,12,178,369,72,245,3.5,35.8
sp|P24169|DCOS_ECOLI,WP_094225887.1,24.348,115,76,4,125,238,16,120,3.7,35.8
sp|P24169|DCOS_ECOLI,WP_035112887.1,23.478,115,77,3,125,238,16,120,3.7,35.8
sp|P24169|DCOS_ECOLI,WP_035151826.1,26.601,203,109,12,178,369,72,245,3.7,35.8
sp|P24169|DCOS_ECOLI,WP_153706314.1,26.601,203,109,12,178,369,72,245,4.2,35.4
sp|P24169|DCOS_ECOLI,WP_020842924.1,26.601,203,109,12,178,369,72,245,4.2,35.4
sp|P24169|DCOS_ECOLI,WP_113896694.1,26.601,203,109,12,178,369,72,245,4.3,35.4
sp|P24169|DCOS_ECOLI,WP_002837309.1,24.348,115,76,4,125,238,16,120,4.3,35.4
sp|P24169|DCOS_ECOLI,WP_066035449.1,26.601,203,109,12,178,369,72,245,4.4,35.4
sp|P24169|DCOS_ECOLI,WP_015777937.1,32.258,62,35,2,643,703,384,439,4.5,35.4
sp|P24169|DCOS_ECOLI,WP_003676154.1,26.601,203,109,12,178,369,72,245,4.7,35.4
sp|P24169|DCOS_ECOLI,WP_122481883.1,26.601,203,109,12,178,369,72,245,4.8,35.4
sp|P24169|DCOS_ECOLI,WP_153702666.1,23.383,201,118,7,178,369,72,245,4.8,35.4
sp|P24169|DCOS_ECOLI,WP_134988673.1,25.123,203,112,9,178,369,72,245,5.7,35.0
sp|P24169|DCOS_ECOLI,WP_117818607.1,64.000,25,9,0,648,672,399,423,8.6,34.7
sp|P24169|DCOS_ECOLI,WP_117755285.1,64.000,25,9,0,648,672,399,423,9.1,34.7
