sp|P07658|FDHF_ECOLI,WP_001300547.1,100.000,715,0,0,1,715,1,715,0.0,1498
sp|P07658|FDHF_ECOLI,WP_077633847.1,99.860,715,1,0,1,715,1,715,0.0,1496
sp|P07658|FDHF_ECOLI,WP_077630709.1,99.860,715,1,0,1,715,1,715,0.0,1496
sp|P07658|FDHF_ECOLI,WP_012817910.1,99.860,715,1,0,1,715,1,715,0.0,1496
sp|P07658|FDHF_ECOLI,NP_313088.1,99.860,715,1,0,1,715,1,715,0.0,1495
sp|P07658|FDHF_ECOLI,YP_002415220.1,99.860,715,1,0,1,715,1,715,0.0,1495
sp|P07658|FDHF_ECOLI,YP_006781340.1,100.000,559,0,0,157,715,1,559,0.0,1171
sp|P07658|FDHF_ECOLI,YP_006122433.1,99.642,559,2,0,157,715,1,559,0.0,1168
sp|P07658|FDHF_ECOLI,WP_114892665.1,67.039,716,235,1,1,715,1,716,0.0,1030
sp|P07658|FDHF_ECOLI,WP_118855206.1,66.853,715,236,1,1,714,1,715,0.0,1026
sp|P07658|FDHF_ECOLI,WP_118842976.1,66.713,715,237,1,1,714,1,715,0.0,1026
sp|P07658|FDHF_ECOLI,WP_081278295.1,66.713,715,237,1,1,714,1,715,0.0,1026
sp|P07658|FDHF_ECOLI,WP_080950766.1,66.853,715,236,1,1,714,1,715,0.0,1025
sp|P07658|FDHF_ECOLI,WP_080948128.1,66.713,715,237,1,1,714,1,715,0.0,1025
sp|P07658|FDHF_ECOLI,WP_080950181.1,66.713,715,237,1,1,714,1,715,0.0,1025
sp|P07658|FDHF_ECOLI,WP_118775974.1,66.434,715,239,1,1,714,1,715,0.0,1025
sp|P07658|FDHF_ECOLI,WP_080563620.1,66.713,715,237,1,1,714,1,715,0.0,1025
sp|P07658|FDHF_ECOLI,WP_114892187.1,66.713,715,237,1,1,714,1,715,0.0,1024
sp|P07658|FDHF_ECOLI,WP_118781644.1,66.434,715,239,1,1,714,1,715,0.0,1024
sp|P07658|FDHF_ECOLI,WP_080567419.1,66.573,715,238,1,1,714,1,715,0.0,1024
sp|P07658|FDHF_ECOLI,WP_080565539.1,66.573,715,238,1,1,714,1,715,0.0,1024
sp|P07658|FDHF_ECOLI,WP_118795822.1,66.434,715,239,1,1,714,1,715,0.0,1023
sp|P07658|FDHF_ECOLI,WP_134078808.1,66.573,715,238,1,1,714,1,715,0.0,1023
sp|P07658|FDHF_ECOLI,WP_118817230.1,66.573,715,238,1,1,714,1,715,0.0,1023
sp|P07658|FDHF_ECOLI,WP_118793832.1,66.294,715,240,1,1,714,1,715,0.0,1022
sp|P07658|FDHF_ECOLI,WP_118788561.1,66.434,715,239,1,1,714,1,715,0.0,1022
sp|P07658|FDHF_ECOLI,WP_082715159.1,56.050,719,309,5,1,715,1,716,0.0,840
sp|P07658|FDHF_ECOLI,WP_083801168.1,51.748,715,332,7,4,706,6,719,0.0,784
sp|P07658|FDHF_ECOLI,WP_081638972.1,52.500,720,329,7,2,709,5,723,0.0,782
sp|P07658|FDHF_ECOLI,WP_032827153.1,64.937,559,195,1,157,714,1,559,0.0,778
sp|P07658|FDHF_ECOLI,WP_065360269.1,52.216,722,328,8,2,709,5,723,0.0,773
sp|P07658|FDHF_ECOLI,WP_154254604.1,51.667,720,335,7,2,709,5,723,0.0,771
sp|P07658|FDHF_ECOLI,WP_087478841.1,52.083,720,332,6,2,709,5,723,0.0,769
sp|P07658|FDHF_ECOLI,WP_095629811.1,52.083,720,332,7,2,709,5,723,0.0,767
sp|P07658|FDHF_ECOLI,KXB51866.1,53.915,562,254,3,157,715,1,560,0.0,631
sp|P07658|FDHF_ECOLI,WP_046938782.1,67.612,423,136,1,293,714,1,423,0.0,617
sp|P07658|FDHF_ECOLI,WP_154273762.1,41.935,713,395,10,1,711,224,919,0.0,568
sp|P07658|FDHF_ECOLI,WP_080552394.1,41.795,713,396,10,1,711,224,919,0.0,565
sp|P07658|FDHF_ECOLI,WP_094230127.1,42.464,690,379,9,1,688,224,897,0.0,565
sp|P07658|FDHF_ECOLI,WP_080565304.1,42.464,690,379,9,1,688,224,897,0.0,564
sp|P07658|FDHF_ECOLI,WP_080551582.1,41.655,713,397,10,1,711,224,919,0.0,564
sp|P07658|FDHF_ECOLI,WP_080503393.1,42.464,690,379,9,1,688,224,897,0.0,563
sp|P07658|FDHF_ECOLI,WP_081091115.1,42.464,690,379,9,1,688,224,897,0.0,563
sp|P07658|FDHF_ECOLI,WP_094225818.1,42.319,690,380,9,1,688,224,897,0.0,561
sp|P07658|FDHF_ECOLI,WP_021995532.1,42.468,697,379,11,1,689,221,903,0.0,558
sp|P07658|FDHF_ECOLI,WP_110057840.1,42.577,714,389,12,1,711,224,919,0.0,555
sp|P07658|FDHF_ECOLI,WP_094223647.1,42.577,714,389,12,1,711,224,919,0.0,555
sp|P07658|FDHF_ECOLI,WP_080545245.1,42.216,713,393,10,1,711,224,919,0.0,555
sp|P07658|FDHF_ECOLI,WP_016474531.1,42.037,697,382,11,1,689,221,903,0.0,555
sp|P07658|FDHF_ECOLI,WP_094207397.1,42.577,714,389,12,1,711,224,919,0.0,555
sp|P07658|FDHF_ECOLI,WP_094208885.1,42.577,714,389,12,1,711,224,919,0.0,555
sp|P07658|FDHF_ECOLI,WP_094203932.1,42.216,713,393,10,1,711,224,919,0.0,555
sp|P07658|FDHF_ECOLI,WP_094210023.1,42.216,713,393,10,1,711,224,919,0.0,555
sp|P07658|FDHF_ECOLI,WP_004838149.1,40.988,688,392,8,1,688,219,892,0.0,554
sp|P07658|FDHF_ECOLI,WP_005428799.1,42.181,697,381,11,1,689,221,903,0.0,553
sp|P07658|FDHF_ECOLI,WP_139687334.1,41.931,694,381,11,1,686,221,900,0.0,552
sp|P07658|FDHF_ECOLI,WP_081446169.1,41.908,692,384,11,1,688,217,894,3.41e-180,541
sp|P07658|FDHF_ECOLI,WP_118059362.1,41.908,692,384,11,1,688,217,894,3.60e-180,541
sp|P07658|FDHF_ECOLI,WP_081697337.1,41.618,692,386,11,1,688,217,894,5.42e-179,538
sp|P07658|FDHF_ECOLI,WP_081985393.1,41.618,692,386,11,1,688,217,894,8.33e-179,538
sp|P07658|FDHF_ECOLI,WP_156425740.1,40.810,691,391,10,1,685,217,895,1.02e-178,538
sp|P07658|FDHF_ECOLI,WP_058695594.1,39.270,685,399,10,4,686,223,892,1.54e-171,518
sp|P07658|FDHF_ECOLI,WP_013379307.1,38.978,685,401,10,4,686,223,892,4.11e-169,512
sp|P07658|FDHF_ECOLI,WP_155397816.1,65.292,291,101,0,1,291,1,291,5.67e-137,408
sp|P07658|FDHF_ECOLI,KXB48910.1,39.139,534,314,6,157,685,1,528,1.69e-128,396
sp|P07658|FDHF_ECOLI,WP_029436381.1,30.929,721,456,12,2,686,38,752,3.68e-113,362
sp|P07658|FDHF_ECOLI,WP_016360481.1,30.791,721,457,12,2,686,38,752,7.16e-113,362
sp|P07658|FDHF_ECOLI,WP_029435591.1,38.031,518,311,8,172,686,1,511,1.60e-112,353
sp|P07658|FDHF_ECOLI,WP_005027938.1,38.031,518,311,8,172,686,1,511,1.90e-112,353
sp|P07658|FDHF_ECOLI,YP_006781339.1,100.000,139,0,0,1,139,1,139,2.11e-94,292
sp|P07658|FDHF_ECOLI,WP_101636912.1,31.549,523,318,11,2,495,54,565,7.62e-75,264
sp|P07658|FDHF_ECOLI,WP_081634525.1,31.931,523,316,11,2,495,54,565,1.35e-74,263
sp|P07658|FDHF_ECOLI,WP_081617935.1,31.740,523,317,11,2,495,54,565,1.40e-74,263
sp|P07658|FDHF_ECOLI,WP_081755350.1,31.599,519,315,11,2,491,54,561,3.09e-74,262
sp|P07658|FDHF_ECOLI,WP_081617940.1,31.532,555,308,17,1,495,51,593,5.31e-73,259
sp|P07658|FDHF_ECOLI,WP_081617940.1,26.866,67,48,1,570,636,835,900,6.3,35.4
sp|P07658|FDHF_ECOLI,WP_081634527.1,30.811,555,312,13,1,495,51,593,7.18e-72,256
sp|P07658|FDHF_ECOLI,WP_081634527.1,26.866,67,48,1,570,636,835,900,6.3,35.4
sp|P07658|FDHF_ECOLI,WP_005632336.1,70.504,139,41,0,1,139,3,141,1.45e-65,217
sp|P07658|FDHF_ECOLI,KXB51865.1,67.626,139,44,1,1,138,1,139,3.10e-59,200
sp|P07658|FDHF_ECOLI,YP_002408304.1,24.469,801,467,23,8,688,46,828,1.38e-57,214
sp|P07658|FDHF_ECOLI,YP_006120588.1,24.469,801,467,23,8,688,46,828,1.46e-57,214
sp|P07658|FDHF_ECOLI,WP_000778069.1,24.469,801,467,23,8,688,46,828,1.52e-57,214
sp|P07658|FDHF_ECOLI,YP_002413254.1,24.469,801,467,23,8,688,46,828,1.72e-57,214
sp|P07658|FDHF_ECOLI,WP_032277551.1,24.469,801,467,23,8,688,46,828,1.74e-57,214
sp|P07658|FDHF_ECOLI,WP_000778046.1,24.469,801,467,23,8,688,46,828,1.94e-57,213
sp|P07658|FDHF_ECOLI,WP_000778047.1,24.469,801,467,23,8,688,46,828,2.22e-57,213
sp|P07658|FDHF_ECOLI,WP_000778048.1,24.345,801,468,23,8,688,46,828,4.42e-57,213
sp|P07658|FDHF_ECOLI,NP_416710.1,24.469,801,467,23,8,688,46,828,5.07e-57,212
sp|P07658|FDHF_ECOLI,YP_006778389.1,24.345,801,468,23,8,688,46,828,5.12e-57,212
sp|P07658|FDHF_ECOLI,WP_072643114.1,24.345,801,468,23,8,688,46,828,8.00e-57,212
sp|P07658|FDHF_ECOLI,WP_025404412.1,24.345,801,468,23,8,688,46,828,2.42e-56,210
sp|P07658|FDHF_ECOLI,WP_065265391.1,23.899,795,474,21,8,685,47,827,4.43e-54,204
sp|P07658|FDHF_ECOLI,WP_118861621.1,23.145,795,489,19,7,689,43,827,5.98e-54,203
sp|P07658|FDHF_ECOLI,WP_118788683.1,22.893,795,491,19,7,689,43,827,5.23e-53,201
sp|P07658|FDHF_ECOLI,WP_065246586.1,23.019,795,490,19,7,689,43,827,8.21e-53,200
sp|P07658|FDHF_ECOLI,WP_118879533.1,22.642,795,493,19,7,689,43,827,1.02e-52,200
sp|P07658|FDHF_ECOLI,WP_118785332.1,22.767,795,492,19,7,689,43,827,4.02e-52,198
sp|P07658|FDHF_ECOLI,WP_046942540.1,22.767,795,492,19,7,689,43,827,5.01e-52,198
sp|P07658|FDHF_ECOLI,WP_118855508.1,22.642,795,493,19,7,689,43,827,6.00e-52,197
sp|P07658|FDHF_ECOLI,WP_118775619.1,22.642,795,493,19,7,689,43,827,8.96e-52,197
sp|P07658|FDHF_ECOLI,WP_118793731.1,22.642,795,493,19,7,689,43,827,9.49e-52,197
sp|P07658|FDHF_ECOLI,WP_118808675.1,22.642,795,493,19,7,689,43,827,1.28e-51,197
sp|P07658|FDHF_ECOLI,WP_118790526.1,22.642,795,493,19,7,689,43,827,1.60e-51,196
sp|P07658|FDHF_ECOLI,WP_005636508.1,22.642,795,493,19,7,689,43,827,1.62e-51,196
sp|P07658|FDHF_ECOLI,WP_114908251.1,22.642,795,493,19,7,689,43,827,3.64e-51,196
sp|P07658|FDHF_ECOLI,WP_118795980.1,22.642,795,493,19,7,689,43,827,3.85e-51,195
sp|P07658|FDHF_ECOLI,WP_118865456.1,22.642,795,493,19,7,689,43,827,4.12e-51,195
sp|P07658|FDHF_ECOLI,WP_005647135.1,22.642,795,493,19,7,689,43,827,4.40e-51,195
sp|P07658|FDHF_ECOLI,WP_046938662.1,22.642,795,493,19,7,689,43,827,5.86e-51,195
sp|P07658|FDHF_ECOLI,WP_005627029.1,22.516,795,494,19,7,689,43,827,6.15e-51,195
sp|P07658|FDHF_ECOLI,WP_005635178.1,22.767,795,492,19,7,689,43,827,7.29e-51,194
sp|P07658|FDHF_ECOLI,WP_118777247.1,22.601,792,491,19,7,686,43,824,7.80e-51,194
sp|P07658|FDHF_ECOLI,WP_065249921.1,22.516,795,494,19,7,689,43,827,7.87e-51,194
sp|P07658|FDHF_ECOLI,WP_005643039.1,22.390,795,495,19,7,689,43,827,8.41e-51,194
sp|P07658|FDHF_ECOLI,WP_118811519.1,22.516,795,494,19,7,689,43,827,9.08e-51,194
sp|P07658|FDHF_ECOLI,WP_118781774.1,22.516,795,494,19,7,689,43,827,9.70e-51,194
sp|P07658|FDHF_ECOLI,WP_114891534.1,22.516,795,494,19,7,689,43,827,9.89e-51,194
sp|P07658|FDHF_ECOLI,WP_118817195.1,22.516,795,494,19,7,689,43,827,1.01e-50,194
sp|P07658|FDHF_ECOLI,WP_118800691.1,22.516,795,494,19,7,689,43,827,1.07e-50,194
sp|P07658|FDHF_ECOLI,WP_046952771.1,22.516,795,494,19,7,689,43,827,1.09e-50,194
sp|P07658|FDHF_ECOLI,WP_118843455.1,22.642,795,493,19,7,689,43,827,1.15e-50,194
sp|P07658|FDHF_ECOLI,WP_032803590.1,22.642,795,493,19,7,689,43,827,1.45e-50,194
sp|P07658|FDHF_ECOLI,WP_118867997.1,22.516,795,494,19,7,689,43,827,2.06e-50,193
sp|P07658|FDHF_ECOLI,WP_133499088.1,22.516,795,494,19,7,689,43,827,2.07e-50,193
sp|P07658|FDHF_ECOLI,WP_118805672.1,22.390,795,495,19,7,689,43,827,3.88e-50,192
sp|P07658|FDHF_ECOLI,WP_111695962.1,22.516,795,494,19,7,689,43,827,4.74e-50,192
sp|P07658|FDHF_ECOLI,WP_046950563.1,22.516,795,494,19,7,689,43,827,5.31e-50,192
sp|P07658|FDHF_ECOLI,WP_050334068.1,30.303,363,223,4,157,491,1,361,5.82e-50,191
sp|P07658|FDHF_ECOLI,WP_114675162.1,30.303,363,223,4,157,491,1,361,5.82e-50,191
sp|P07658|FDHF_ECOLI,WP_118813514.1,22.516,795,494,19,7,689,43,827,6.36e-50,192
sp|P07658|FDHF_ECOLI,WP_118858858.1,22.665,803,483,20,7,689,43,827,6.79e-50,192
sp|P07658|FDHF_ECOLI,WP_005632153.1,22.390,795,495,19,7,689,43,827,5.93e-49,189
sp|P07658|FDHF_ECOLI,WP_077626213.1,26.367,622,319,16,2,489,44,660,9.28e-48,186
sp|P07658|FDHF_ECOLI,WP_089158675.1,25.723,622,323,15,2,489,44,660,1.05e-47,186
sp|P07658|FDHF_ECOLI,NP_312847.1,25.884,622,322,15,2,489,44,660,1.05e-47,186
sp|P07658|FDHF_ECOLI,WP_149026280.1,25.884,622,322,15,2,489,44,660,1.07e-47,186
sp|P07658|FDHF_ECOLI,WP_011310337.1,26.367,622,319,16,2,489,44,660,1.16e-47,186
sp|P07658|FDHF_ECOLI,NP_418330.1,25.884,622,322,15,2,489,44,660,1.30e-47,186
sp|P07658|FDHF_ECOLI,WP_077884234.1,26.367,622,319,16,2,489,44,660,1.33e-47,186
sp|P07658|FDHF_ECOLI,WP_077697102.1,25.884,622,322,15,2,489,44,660,1.34e-47,186
sp|P07658|FDHF_ECOLI,YP_002415042.1,25.884,622,322,15,2,489,44,660,1.40e-47,186
sp|P07658|FDHF_ECOLI,WP_002835344.1,24.727,732,463,23,1,684,1,692,2.86e-45,177
sp|P07658|FDHF_ECOLI,WP_094209581.1,24.727,732,463,23,1,684,1,692,4.78e-45,176
sp|P07658|FDHF_ECOLI,YP_002412465.1,24.960,621,321,15,2,485,44,656,5.33e-45,178
sp|P07658|FDHF_ECOLI,WP_065360181.1,24.742,679,436,22,1,657,1,626,5.48e-45,176
sp|P07658|FDHF_ECOLI,YP_002407733.1,24.960,621,321,15,2,485,44,656,6.11e-45,178
sp|P07658|FDHF_ECOLI,NP_310105.1,24.799,621,322,15,2,485,44,656,1.94e-44,176
sp|P07658|FDHF_ECOLI,WP_155759390.1,31.178,433,206,12,7,354,49,474,2.20e-44,176
sp|P07658|FDHF_ECOLI,WP_155759390.1,26.277,137,80,4,572,690,894,1027,1.8,37.0
sp|P07658|FDHF_ECOLI,NP_415991.1,24.799,621,322,15,2,485,44,656,2.27e-44,176
sp|P07658|FDHF_ECOLI,WP_077626401.1,24.799,621,322,15,2,485,44,656,2.31e-44,176
sp|P07658|FDHF_ECOLI,WP_143182663.1,24.799,621,322,15,2,485,44,656,2.37e-44,176
sp|P07658|FDHF_ECOLI,WP_144265952.1,31.178,433,206,12,7,354,49,474,2.61e-44,176
sp|P07658|FDHF_ECOLI,WP_144265952.1,27.007,137,79,4,572,690,894,1027,0.30,39.7
sp|P07658|FDHF_ECOLI,WP_141561824.1,31.178,433,206,12,7,354,49,474,3.62e-44,176
sp|P07658|FDHF_ECOLI,WP_141561824.1,27.007,137,79,4,572,690,894,1027,0.22,40.0
sp|P07658|FDHF_ECOLI,WP_081847476.1,24.228,615,329,14,2,485,44,652,3.64e-44,176
sp|P07658|FDHF_ECOLI,WP_155759340.1,30.485,433,209,11,7,354,49,474,3.82e-44,176
sp|P07658|FDHF_ECOLI,WP_155759340.1,28.571,133,74,4,572,686,894,1023,1.3,37.4
sp|P07658|FDHF_ECOLI,WP_081637750.1,24.228,615,329,14,2,485,44,652,3.96e-44,176
sp|P07658|FDHF_ECOLI,WP_024257742.1,25.254,788,434,28,3,686,55,791,8.13e-44,174
sp|P07658|FDHF_ECOLI,WP_077698162.1,24.638,621,323,15,2,485,44,656,8.32e-44,174
sp|P07658|FDHF_ECOLI,WP_012817776.1,24.638,621,323,15,2,485,44,656,8.70e-44,174
sp|P07658|FDHF_ECOLI,WP_141562021.1,30.254,433,210,11,7,354,49,474,1.04e-43,174
sp|P07658|FDHF_ECOLI,WP_141562021.1,28.571,133,74,4,572,686,894,1023,1.3,37.4
sp|P07658|FDHF_ECOLI,WP_151238350.1,30.254,433,210,11,7,354,49,474,1.04e-43,174
sp|P07658|FDHF_ECOLI,WP_151238350.1,28.571,133,74,4,572,686,894,1023,1.3,37.7
sp|P07658|FDHF_ECOLI,NP_311411.1,26.075,721,393,25,61,686,116,791,1.05e-43,173
sp|P07658|FDHF_ECOLI,WP_000380691.1,26.075,721,393,25,61,686,116,791,1.06e-43,173
sp|P07658|FDHF_ECOLI,WP_153065051.1,30.254,433,210,11,7,354,49,474,1.35e-43,174
sp|P07658|FDHF_ECOLI,WP_153065051.1,28.571,133,74,4,572,686,894,1023,1.3,37.4
sp|P07658|FDHF_ECOLI,WP_145960443.1,29.561,433,213,11,7,354,49,474,1.59e-43,174
sp|P07658|FDHF_ECOLI,WP_145960443.1,28.571,133,74,4,572,686,894,1023,1.3,37.4
sp|P07658|FDHF_ECOLI,WP_077697106.1,24.638,621,323,15,2,485,44,656,2.56e-43,173
sp|P07658|FDHF_ECOLI,WP_155397216.1,26.358,626,311,18,7,489,49,667,3.13e-43,173
sp|P07658|FDHF_ECOLI,WP_024962700.1,29.337,392,218,10,157,491,1,390,4.16e-43,171
sp|P07658|FDHF_ECOLI,WP_024962700.1,26.866,67,48,1,570,636,636,701,5.4,35.4
sp|P07658|FDHF_ECOLI,WP_004269613.1,23.907,732,469,23,1,684,1,692,4.37e-43,170
sp|P07658|FDHF_ECOLI,WP_094225530.1,24.044,732,468,23,1,684,1,692,4.58e-43,170
sp|P07658|FDHF_ECOLI,WP_102164548.1,24.147,733,466,24,1,684,1,692,1.34e-42,169
sp|P07658|FDHF_ECOLI,WP_155397416.1,31.606,386,190,9,37,354,18,397,2.24e-42,170
sp|P07658|FDHF_ECOLI,WP_155397416.1,28.571,133,74,4,572,686,817,946,1.3,37.7
sp|P07658|FDHF_ECOLI,WP_060790008.1,24.044,732,468,23,1,684,1,692,2.62e-42,168
sp|P07658|FDHF_ECOLI,WP_062412550.1,25.681,514,342,13,1,505,1,483,3.76e-42,167
sp|P07658|FDHF_ECOLI,WP_119982336.1,24.561,684,445,19,1,657,1,640,4.44e-42,167
sp|P07658|FDHF_ECOLI,WP_154254578.1,25.681,514,342,13,1,505,1,483,6.27e-42,167
sp|P07658|FDHF_ECOLI,WP_101637323.1,29.082,392,219,10,157,491,1,390,1.03e-41,167
sp|P07658|FDHF_ECOLI,WP_101637323.1,26.866,67,48,1,570,636,636,701,5.5,35.4
sp|P07658|FDHF_ECOLI,WP_000395613.1,24.277,622,332,17,2,489,45,661,1.14e-41,168
sp|P07658|FDHF_ECOLI,WP_110058349.1,24.044,732,468,23,1,684,1,692,1.23e-41,166
sp|P07658|FDHF_ECOLI,WP_094203446.1,24.044,732,468,23,1,684,1,692,1.46e-41,166
sp|P07658|FDHF_ECOLI,WP_154274162.1,23.602,733,470,24,1,684,1,692,2.04e-41,166
sp|P07658|FDHF_ECOLI,WP_002842043.1,23.602,733,470,24,1,684,1,692,2.86e-41,165
sp|P07658|FDHF_ECOLI,WP_005379752.1,24.415,684,446,19,1,657,1,640,3.11e-41,165
sp|P07658|FDHF_ECOLI,WP_050333586.1,27.806,392,224,8,157,491,1,390,3.90e-41,165
sp|P07658|FDHF_ECOLI,WP_050333586.1,28.358,67,47,1,570,636,636,701,2.3,36.6
sp|P07658|FDHF_ECOLI,WP_005375609.1,24.415,684,446,19,1,657,1,640,4.08e-41,164
sp|P07658|FDHF_ECOLI,WP_156931700.1,24.415,684,446,19,1,657,1,640,6.28e-41,164
sp|P07658|FDHF_ECOLI,WP_016476440.1,24.277,692,437,19,1,657,1,640,1.19e-40,163
sp|P07658|FDHF_ECOLI,WP_094206954.1,23.651,723,482,22,1,684,1,692,1.49e-40,163
sp|P07658|FDHF_ECOLI,WP_118354335.1,24.415,684,446,19,1,657,1,640,2.28e-40,162
sp|P07658|FDHF_ECOLI,WP_035112250.1,23.602,733,470,24,1,684,1,692,2.98e-40,162
sp|P07658|FDHF_ECOLI,WP_094202590.1,23.465,733,471,24,1,684,1,692,3.59e-40,162
sp|P07658|FDHF_ECOLI,WP_060807248.1,24.260,676,455,17,1,656,1,639,4.00e-40,161
sp|P07658|FDHF_ECOLI,WP_082149298.1,26.283,487,306,12,61,512,126,594,4.12e-40,162
sp|P07658|FDHF_ECOLI,WP_005384044.1,24.415,684,446,19,1,657,1,640,5.65e-40,161
sp|P07658|FDHF_ECOLI,WP_002838622.1,23.659,727,477,24,1,684,1,692,6.88e-40,161
sp|P07658|FDHF_ECOLI,WP_022443589.1,24.869,571,336,13,7,489,55,620,1.68e-39,161
sp|P07658|FDHF_ECOLI,WP_022443589.1,28.676,136,94,2,553,686,777,911,2.39e-06,56.2
sp|P07658|FDHF_ECOLI,WP_065226913.1,30.519,308,181,6,61,340,108,410,7.38e-39,158
sp|P07658|FDHF_ECOLI,YP_002407759.1,30.990,313,183,6,61,345,108,415,1.51e-37,154
sp|P07658|FDHF_ECOLI,YP_002412491.1,30.990,313,183,6,61,345,108,415,1.74e-37,154
sp|P07658|FDHF_ECOLI,WP_000726712.1,31.169,308,179,6,61,340,108,410,1.76e-37,154
sp|P07658|FDHF_ECOLI,WP_087478284.1,24.785,698,444,22,1,670,1,645,2.10e-37,153
sp|P07658|FDHF_ECOLI,WP_101485887.1,25.126,792,408,32,11,674,68,802,2.70e-37,154
sp|P07658|FDHF_ECOLI,WP_147558684.1,27.186,732,419,32,2,657,199,892,2.73e-37,154
sp|P07658|FDHF_ECOLI,WP_070725086.1,25.282,799,417,33,2,674,59,803,4.78e-37,153
sp|P07658|FDHF_ECOLI,WP_058236300.1,25.156,799,418,33,2,674,59,803,6.50e-37,153
sp|P07658|FDHF_ECOLI,WP_117755955.1,27.049,732,420,32,2,657,199,892,7.37e-37,153
sp|P07658|FDHF_ECOLI,YP_006119840.1,30.844,308,180,6,61,340,108,410,7.74e-37,152
sp|P07658|FDHF_ECOLI,WP_000726699.1,30.844,308,180,6,61,340,108,410,9.37e-37,152
sp|P07658|FDHF_ECOLI,WP_114493830.1,30.844,308,180,6,61,340,108,410,9.72e-37,152
sp|P07658|FDHF_ECOLI,NP_416018.1,30.844,308,180,6,61,340,108,410,1.05e-36,152
sp|P07658|FDHF_ECOLI,YP_006779288.1,30.844,308,180,6,61,340,108,410,1.07e-36,152
sp|P07658|FDHF_ECOLI,WP_000726739.1,30.844,308,180,6,61,340,108,410,1.11e-36,152
sp|P07658|FDHF_ECOLI,WP_000726734.1,30.671,313,184,6,61,345,108,415,1.13e-36,152
sp|P07658|FDHF_ECOLI,WP_106907425.1,30.844,308,180,6,61,340,108,410,1.18e-36,152
sp|P07658|FDHF_ECOLI,WP_000726687.1,30.844,308,180,6,61,340,108,410,1.52e-36,151
sp|P07658|FDHF_ECOLI,WP_000726678.1,30.671,313,184,6,61,345,108,415,2.68e-36,150
sp|P07658|FDHF_ECOLI,WP_106907857.1,30.671,313,184,6,61,345,108,415,2.78e-36,150
sp|P07658|FDHF_ECOLI,WP_075712007.1,27.083,528,295,19,6,530,693,1133,2.90e-36,151
sp|P07658|FDHF_ECOLI,WP_148399558.1,25.608,617,319,17,2,485,48,657,5.44e-36,150
sp|P07658|FDHF_ECOLI,WP_000850306.1,25.064,782,448,33,11,688,67,814,7.81e-36,149
sp|P07658|FDHF_ECOLI,WP_000850334.1,25.064,782,448,33,11,688,67,814,8.02e-36,149
sp|P07658|FDHF_ECOLI,YP_002408217.1,25.064,782,448,32,11,688,67,814,8.46e-36,149
sp|P07658|FDHF_ECOLI,WP_000850325.1,25.064,782,448,33,11,688,67,814,8.69e-36,149
sp|P07658|FDHF_ECOLI,NP_415414.4,25.064,782,448,33,11,688,67,814,1.02e-35,149
sp|P07658|FDHF_ECOLI,WP_062946183.1,24.808,782,450,32,11,688,67,814,1.07e-35,149
sp|P07658|FDHF_ECOLI,YP_006780050.1,25.064,782,448,33,11,688,67,814,1.14e-35,149
sp|P07658|FDHF_ECOLI,YP_006119178.1,24.936,782,449,33,11,688,67,814,1.22e-35,149
sp|P07658|FDHF_ECOLI,WP_000850297.1,24.936,782,449,33,11,688,67,814,1.48e-35,149
sp|P07658|FDHF_ECOLI,WP_005024980.1,25.825,697,413,29,1,654,1,636,2.65e-35,147
sp|P07658|FDHF_ECOLI,WP_029435347.1,21.601,662,465,17,8,651,51,676,2.68e-35,147
sp|P07658|FDHF_ECOLI,YP_002411842.1,24.872,780,452,32,11,688,67,814,2.92e-35,147
sp|P07658|FDHF_ECOLI,WP_027868834.1,26.448,518,295,18,6,521,693,1126,3.00e-35,148
sp|P07658|FDHF_ECOLI,WP_038430859.1,24.936,782,449,33,11,688,67,814,5.43e-35,147
sp|P07658|FDHF_ECOLI,WP_046939452.1,25.032,783,463,28,2,686,48,804,7.00e-35,146
sp|P07658|FDHF_ECOLI,WP_118856638.1,23.522,744,455,27,1,657,45,761,1.01e-34,146
sp|P07658|FDHF_ECOLI,WP_020310418.1,24.815,677,438,23,1,657,1,626,2.06e-34,144
sp|P07658|FDHF_ECOLI,WP_118785541.1,22.951,793,481,29,1,690,45,810,2.07e-34,145
sp|P07658|FDHF_ECOLI,WP_118808865.1,23.522,744,455,27,1,657,45,761,4.92e-34,144
sp|P07658|FDHF_ECOLI,WP_118791024.1,22.825,793,482,29,1,690,45,810,5.29e-34,144
sp|P07658|FDHF_ECOLI,WP_115651847.1,27.205,533,329,23,2,506,19,520,5.41e-34,143
sp|P07658|FDHF_ECOLI,WP_018713655.1,27.205,533,329,23,2,506,41,542,5.55e-34,144
sp|P07658|FDHF_ECOLI,WP_101637597.1,26.580,538,326,21,2,506,41,542,8.94e-34,143
sp|P07658|FDHF_ECOLI,WP_005639801.1,23.387,744,456,27,1,657,45,761,1.28e-33,142
sp|P07658|FDHF_ECOLI,WP_118791688.1,22.699,793,483,29,1,690,45,810,1.98e-33,142
sp|P07658|FDHF_ECOLI,WP_133498091.1,23.253,744,457,27,1,657,46,762,2.15e-33,142
sp|P07658|FDHF_ECOLI,WP_016646855.1,26.580,538,326,21,2,506,41,542,2.40e-33,142
sp|P07658|FDHF_ECOLI,WP_048706639.1,24.742,776,414,30,11,657,58,792,3.49e-33,141
sp|P07658|FDHF_ECOLI,WP_024962542.1,27.017,533,330,23,2,506,41,542,5.28e-33,140
sp|P07658|FDHF_ECOLI,WP_118274832.1,23.140,605,358,15,7,518,52,642,6.11e-33,141
sp|P07658|FDHF_ECOLI,WP_118274832.1,25.926,135,97,2,553,685,777,910,1.96e-04,50.1
sp|P07658|FDHF_ECOLI,WP_050335180.1,27.017,533,330,23,2,506,41,542,7.89e-33,140
sp|P07658|FDHF_ECOLI,KXB48909.1,48.571,140,66,3,1,139,368,502,1.31e-32,137
sp|P07658|FDHF_ECOLI,WP_062332669.1,23.891,699,442,22,6,656,48,704,3.77e-32,138
sp|P07658|FDHF_ECOLI,WP_061069257.1,24.169,782,456,29,11,688,60,808,3.85e-32,138
sp|P07658|FDHF_ECOLI,NP_310320.1,24.169,782,456,29,11,688,60,808,4.52e-32,138
sp|P07658|FDHF_ECOLI,WP_004008961.1,25.395,760,427,29,11,657,61,793,4.60e-32,138
sp|P07658|FDHF_ECOLI,WP_005643110.1,24.812,798,427,36,11,686,58,804,5.76e-32,137
sp|P07658|FDHF_ECOLI,WP_023154523.1,24.490,784,451,31,11,688,60,808,7.50e-32,137
sp|P07658|FDHF_ECOLI,WP_065226943.1,24.169,782,456,30,11,688,60,808,8.72e-32,137
sp|P07658|FDHF_ECOLI,WP_004011172.1,25.526,760,426,29,11,657,61,793,1.07e-31,137
sp|P07658|FDHF_ECOLI,WP_000041668.1,24.297,782,455,30,11,688,60,808,1.18e-31,136
sp|P07658|FDHF_ECOLI,WP_004007416.1,25.526,760,426,29,11,657,61,793,1.22e-31,137
sp|P07658|FDHF_ECOLI,YP_002407475.1,24.840,781,448,32,11,688,63,807,1.52e-31,136
sp|P07658|FDHF_ECOLI,WP_000041703.1,24.490,784,451,29,11,688,60,808,1.58e-31,136
sp|P07658|FDHF_ECOLI,YP_002412605.1,24.169,782,456,30,11,688,60,808,2.22e-31,135
sp|P07658|FDHF_ECOLI,WP_077884277.1,24.712,781,449,32,11,688,63,807,2.27e-31,135
sp|P07658|FDHF_ECOLI,WP_072141258.1,24.584,781,450,32,11,688,63,807,2.69e-31,135
sp|P07658|FDHF_ECOLI,YP_006779227.1,24.169,782,456,30,11,688,60,808,3.24e-31,135
sp|P07658|FDHF_ECOLI,NP_416104.1,24.239,788,448,31,11,688,60,808,4.01e-31,135
sp|P07658|FDHF_ECOLI,NP_310321.2,24.584,781,450,32,11,688,54,798,4.64e-31,134
sp|P07658|FDHF_ECOLI,YP_006119947.1,24.041,782,457,30,11,688,60,808,4.88e-31,134
sp|P07658|FDHF_ECOLI,WP_001414236.1,24.584,781,450,32,11,688,63,807,5.81e-31,134
sp|P07658|FDHF_ECOLI,WP_001340362.1,24.584,781,450,32,11,688,63,807,7.00e-31,134
sp|P07658|FDHF_ECOLI,WP_118858937.1,25.188,798,424,36,11,686,58,804,7.11e-31,134
sp|P07658|FDHF_ECOLI,YP_002412606.1,24.584,781,450,32,11,688,63,807,7.19e-31,134
sp|P07658|FDHF_ECOLI,WP_001342196.1,24.584,781,450,32,11,688,63,807,7.45e-31,134
sp|P07658|FDHF_ECOLI,WP_013170453.1,24.672,762,432,26,11,658,64,797,8.98e-31,134
sp|P07658|FDHF_ECOLI,WP_000041554.1,24.041,782,457,30,11,688,60,808,8.99e-31,134
sp|P07658|FDHF_ECOLI,YP_002407476.1,24.041,782,457,30,11,688,60,808,9.65e-31,134
sp|P07658|FDHF_ECOLI,WP_118274569.1,31.852,270,158,7,1,249,45,309,9.91e-31,134
sp|P07658|FDHF_ECOLI,WP_118274569.1,25.079,315,155,10,262,511,403,701,4.51e-12,74.7
sp|P07658|FDHF_ECOLI,WP_118274569.1,26.316,133,82,2,572,689,906,1037,1.5,37.4
sp|P07658|FDHF_ECOLI,WP_077886428.1,24.584,781,450,32,11,688,63,807,1.08e-30,134
sp|P07658|FDHF_ECOLI,WP_001443304.1,24.456,781,451,32,11,688,63,807,1.19e-30,133
sp|P07658|FDHF_ECOLI,YP_006779226.1,24.584,781,450,32,11,688,63,807,1.28e-30,133
sp|P07658|FDHF_ECOLI,WP_139688051.1,26.118,693,437,31,6,656,43,702,1.54e-30,133
sp|P07658|FDHF_ECOLI,WP_000041701.1,24.112,788,449,30,11,688,60,808,2.42e-30,132
sp|P07658|FDHF_ECOLI,WP_118803285.1,26.622,447,214,10,157,489,1,447,2.94e-30,132
sp|P07658|FDHF_ECOLI,WP_118803285.1,27.068,133,76,4,572,686,674,803,1.8,37.0
sp|P07658|FDHF_ECOLI,WP_118775193.1,26.622,447,214,10,157,489,1,447,2.96e-30,132
sp|P07658|FDHF_ECOLI,WP_118775193.1,27.068,133,76,4,572,686,674,803,2.6,36.6
sp|P07658|FDHF_ECOLI,WP_114909313.1,26.622,447,214,10,157,489,1,447,3.04e-30,132
sp|P07658|FDHF_ECOLI,WP_114909313.1,27.068,133,76,4,572,686,674,803,1.2,37.7
sp|P07658|FDHF_ECOLI,WP_118275414.1,23.797,748,429,26,11,657,54,761,3.20e-30,132
sp|P07658|FDHF_ECOLI,WP_118777338.1,33.858,254,112,4,157,354,1,254,3.71e-30,132
sp|P07658|FDHF_ECOLI,WP_118777338.1,26.277,137,80,4,572,690,674,807,1.4,37.4
sp|P07658|FDHF_ECOLI,WP_118815577.1,33.858,254,112,4,157,354,1,254,3.74e-30,132
sp|P07658|FDHF_ECOLI,WP_118815577.1,26.277,137,80,4,572,690,674,807,1.5,37.4
sp|P07658|FDHF_ECOLI,WP_118861420.1,33.858,254,112,4,157,354,1,254,3.84e-30,132
sp|P07658|FDHF_ECOLI,WP_118861420.1,26.277,137,80,4,572,690,674,807,1.4,37.4
sp|P07658|FDHF_ECOLI,WP_118867827.1,33.858,254,112,4,157,354,1,254,3.87e-30,132
sp|P07658|FDHF_ECOLI,WP_118867827.1,27.007,137,79,4,572,690,674,807,0.22,40.0
sp|P07658|FDHF_ECOLI,WP_139687722.1,29.492,295,175,8,1,266,44,334,3.91e-30,132
sp|P07658|FDHF_ECOLI,WP_139687722.1,23.288,292,166,5,256,489,396,687,1.33e-14,82.8
sp|P07658|FDHF_ECOLI,WP_139689042.1,23.192,733,436,27,21,657,85,786,4.15e-30,132
sp|P07658|FDHF_ECOLI,WP_005646423.1,32.677,254,115,3,157,354,1,254,5.86e-30,131
sp|P07658|FDHF_ECOLI,WP_005646423.1,28.571,133,74,4,572,686,674,803,1.1,37.7
sp|P07658|FDHF_ECOLI,WP_118859215.1,33.465,254,113,4,157,354,1,254,6.81e-30,131
sp|P07658|FDHF_ECOLI,WP_118859215.1,27.068,133,76,4,572,686,674,803,1.7,37.0
sp|P07658|FDHF_ECOLI,WP_111407478.1,33.465,254,113,4,157,354,1,254,7.32e-30,131
sp|P07658|FDHF_ECOLI,WP_111407478.1,26.277,137,80,4,572,690,674,807,0.98,37.7
sp|P07658|FDHF_ECOLI,WP_053465425.1,33.465,254,113,4,157,354,1,254,7.65e-30,131
sp|P07658|FDHF_ECOLI,WP_053465425.1,27.007,137,79,4,572,690,674,807,0.23,40.0
sp|P07658|FDHF_ECOLI,WP_118785010.1,33.465,254,113,4,157,354,1,254,7.72e-30,131
sp|P07658|FDHF_ECOLI,WP_118785010.1,26.277,137,80,4,572,690,674,807,1.5,37.4
sp|P07658|FDHF_ECOLI,WP_118795660.1,33.465,254,113,4,157,354,1,254,8.22e-30,130
sp|P07658|FDHF_ECOLI,WP_118795660.1,25.547,137,81,4,572,690,674,807,5.2,35.4
sp|P07658|FDHF_ECOLI,WP_114891699.1,33.465,254,113,4,157,354,1,254,8.97e-30,130
sp|P07658|FDHF_ECOLI,WP_114891699.1,26.277,137,80,4,572,690,674,807,1.5,37.4
sp|P07658|FDHF_ECOLI,WP_139687519.1,24.194,744,458,26,6,694,48,740,9.04e-30,130
sp|P07658|FDHF_ECOLI,WP_118856010.1,32.283,254,116,3,157,354,1,254,9.96e-30,130
sp|P07658|FDHF_ECOLI,WP_118856010.1,28.571,133,74,4,572,686,674,803,1.0,37.7
sp|P07658|FDHF_ECOLI,WP_118846157.1,32.283,254,116,3,157,354,1,254,1.19e-29,130
sp|P07658|FDHF_ECOLI,WP_118846157.1,28.571,133,74,4,572,686,674,803,1.1,37.7
sp|P07658|FDHF_ECOLI,WP_133498201.1,32.283,254,116,3,157,354,1,254,1.24e-29,130
sp|P07658|FDHF_ECOLI,WP_133498201.1,28.571,133,74,4,572,686,674,803,1.0,37.7
sp|P07658|FDHF_ECOLI,WP_118790240.1,32.283,254,116,3,157,354,1,254,1.25e-29,130
sp|P07658|FDHF_ECOLI,WP_118790240.1,28.571,133,74,4,572,686,674,803,0.85,38.1
sp|P07658|FDHF_ECOLI,WP_046940036.1,32.283,254,116,3,157,354,1,254,1.26e-29,130
sp|P07658|FDHF_ECOLI,WP_046940036.1,28.571,133,74,4,572,686,674,803,1.1,37.7
sp|P07658|FDHF_ECOLI,WP_111696557.1,32.283,254,116,3,157,354,1,254,1.28e-29,130
sp|P07658|FDHF_ECOLI,WP_111696557.1,28.571,133,74,4,572,686,674,803,1.1,37.7
sp|P07658|FDHF_ECOLI,WP_134079887.1,32.283,254,116,3,157,354,1,254,1.29e-29,130
sp|P07658|FDHF_ECOLI,WP_134079887.1,28.571,133,74,4,572,686,674,803,1.1,37.7
sp|P07658|FDHF_ECOLI,WP_118782145.1,32.283,254,116,3,157,354,1,254,1.32e-29,130
sp|P07658|FDHF_ECOLI,WP_118782145.1,28.571,133,74,4,572,686,674,803,1.1,37.7
sp|P07658|FDHF_ECOLI,WP_118843222.1,32.283,254,116,3,157,354,1,254,1.33e-29,130
sp|P07658|FDHF_ECOLI,WP_118843222.1,28.571,133,74,4,572,686,674,803,1.1,37.7
sp|P07658|FDHF_ECOLI,WP_005628715.1,32.283,254,116,3,157,354,1,254,1.33e-29,130
sp|P07658|FDHF_ECOLI,WP_005628715.1,28.571,133,74,4,572,686,674,803,1.00,37.7
sp|P07658|FDHF_ECOLI,WP_044364421.1,24.906,799,426,36,11,686,58,805,1.46e-29,130
sp|P07658|FDHF_ECOLI,WP_046953564.1,32.283,254,116,3,157,354,1,254,1.47e-29,130
sp|P07658|FDHF_ECOLI,WP_022372632.1,24.837,765,439,32,11,674,48,777,2.61e-29,129
sp|P07658|FDHF_ECOLI,WP_022372919.1,26.911,327,206,9,7,307,51,370,4.53e-29,129
sp|P07658|FDHF_ECOLI,WP_022372919.1,25.197,254,171,5,252,489,362,612,6.46e-10,67.8
sp|P07658|FDHF_ECOLI,WP_022372919.1,26.667,135,96,2,553,685,772,905,0.013,43.9
sp|P07658|FDHF_ECOLI,WP_139688377.1,28.226,248,165,5,6,245,51,293,5.21e-29,128
sp|P07658|FDHF_ECOLI,WP_139688377.1,25.984,254,169,5,252,489,366,616,3.43e-10,68.6
sp|P07658|FDHF_ECOLI,WP_139688377.1,26.667,135,96,2,553,685,778,911,2.26e-04,49.7
sp|P07658|FDHF_ECOLI,WP_005632842.1,24.812,798,427,36,11,686,58,804,5.41e-29,128
sp|P07658|FDHF_ECOLI,WP_005435795.1,28.328,293,181,7,1,266,43,333,7.74e-29,128
sp|P07658|FDHF_ECOLI,WP_005435795.1,22.727,308,171,9,262,511,401,699,5.78e-08,61.6
sp|P07658|FDHF_ECOLI,WP_005432172.1,24.607,699,440,28,6,656,47,706,7.96e-29,127
sp|P07658|FDHF_ECOLI,WP_062332269.1,28.328,293,181,7,1,266,43,333,8.23e-29,128
sp|P07658|FDHF_ECOLI,WP_062332269.1,22.727,308,171,9,262,511,401,699,6.24e-08,61.2
sp|P07658|FDHF_ECOLI,WP_029435779.1,21.299,662,465,17,8,651,50,673,9.55e-29,127
sp|P07658|FDHF_ECOLI,WP_016473895.1,29.740,269,165,6,1,249,44,308,1.28e-28,127
sp|P07658|FDHF_ECOLI,WP_016473895.1,24.476,286,158,5,262,489,402,687,2.19e-14,82.4
sp|P07658|FDHF_ECOLI,WP_022372559.1,27.645,293,183,7,1,266,42,332,1.32e-28,127
sp|P07658|FDHF_ECOLI,WP_022372559.1,25.079,315,155,9,262,511,400,698,2.23e-15,85.5
sp|P07658|FDHF_ECOLI,WP_021994872.1,29.740,269,165,6,1,249,44,308,1.33e-28,127
sp|P07658|FDHF_ECOLI,WP_021994872.1,24.476,286,158,5,262,489,402,687,2.35e-14,82.0
sp|P07658|FDHF_ECOLI,WP_005643541.1,33.071,254,114,4,157,354,1,254,1.34e-28,127
sp|P07658|FDHF_ECOLI,WP_005643541.1,26.471,136,79,4,572,689,674,806,2.0,37.0
sp|P07658|FDHF_ECOLI,WP_005024685.1,21.504,665,460,18,8,651,50,673,1.73e-28,126
sp|P07658|FDHF_ECOLI,WP_005430612.1,29.368,269,166,5,1,249,44,308,1.78e-28,127
sp|P07658|FDHF_ECOLI,WP_005430612.1,24.476,286,158,5,262,489,402,687,2.37e-14,82.0
sp|P07658|FDHF_ECOLI,WP_022444139.1,24.763,739,426,30,11,657,48,748,3.23e-28,125
sp|P07658|FDHF_ECOLI,WP_022442956.1,24.742,485,312,12,221,658,11,489,5.40e-27,120
sp|P07658|FDHF_ECOLI,WP_005431552.1,28.514,249,161,6,7,245,52,293,1.67e-26,120
sp|P07658|FDHF_ECOLI,WP_005431552.1,25.253,297,184,9,252,525,366,647,9.93e-10,67.0
sp|P07658|FDHF_ECOLI,WP_005431552.1,28.889,135,93,2,553,685,778,911,6.60e-06,54.7
sp|P07658|FDHF_ECOLI,WP_005436630.1,28.685,251,166,5,7,249,51,296,1.71e-26,120
sp|P07658|FDHF_ECOLI,WP_005436630.1,28.740,254,162,5,252,489,365,615,1.01e-14,83.2
sp|P07658|FDHF_ECOLI,WP_005436630.1,27.407,135,95,2,553,685,776,909,8.14e-04,47.8
sp|P07658|FDHF_ECOLI,WP_022373502.1,22.174,690,423,24,61,657,116,784,2.50e-26,120
sp|P07658|FDHF_ECOLI,WP_118276468.1,23.560,764,452,25,11,674,53,784,5.31e-26,119
sp|P07658|FDHF_ECOLI,WP_021995892.1,23.122,679,425,20,61,658,135,797,5.67e-26,119
sp|P07658|FDHF_ECOLI,WP_016473763.1,23.122,679,425,20,61,658,135,797,6.13e-26,119
sp|P07658|FDHF_ECOLI,WP_000181531.1,23.438,448,228,9,157,489,1,448,1.51e-25,117
sp|P07658|FDHF_ECOLI,WP_000181529.1,23.438,448,228,9,157,489,1,448,1.68e-25,117
sp|P07658|FDHF_ECOLI,YP_006122231.1,23.438,448,228,9,157,489,1,448,2.28e-25,117
sp|P07658|FDHF_ECOLI,WP_000181536.1,23.438,448,228,9,157,489,1,448,2.28e-25,117
sp|P07658|FDHF_ECOLI,WP_000181537.1,23.438,448,228,9,157,489,1,448,2.36e-25,117
sp|P07658|FDHF_ECOLI,WP_022444666.1,27.174,276,166,7,21,266,5,275,4.57e-25,116
sp|P07658|FDHF_ECOLI,WP_022444666.1,26.190,294,161,8,252,489,331,624,4.73e-10,68.2
sp|P07658|FDHF_ECOLI,WP_022444666.1,25.926,135,77,4,571,686,849,979,0.006,45.1
sp|P07658|FDHF_ECOLI,WP_000181523.1,23.438,448,228,9,157,489,1,448,4.76e-25,115
sp|P07658|FDHF_ECOLI,NP_416386.4,22.949,719,448,25,17,650,47,744,6.46e-25,115
sp|P07658|FDHF_ECOLI,WP_005431738.1,22.647,680,426,23,61,658,126,787,1.04e-24,115
sp|P07658|FDHF_ECOLI,WP_113854568.1,22.647,680,426,23,61,658,126,787,1.08e-24,115
sp|P07658|FDHF_ECOLI,WP_000176856.1,22.920,733,455,26,3,650,37,744,1.39e-24,114
sp|P07658|FDHF_ECOLI,NP_310609.2,22.949,719,448,25,17,650,47,744,1.46e-24,114
sp|P07658|FDHF_ECOLI,WP_000176806.1,22.949,719,448,25,17,650,47,744,1.51e-24,114
sp|P07658|FDHF_ECOLI,WP_118276409.1,22.061,689,425,23,61,657,120,788,1.52e-24,114
sp|P07658|FDHF_ECOLI,WP_000176812.1,23.407,722,441,27,17,650,47,744,1.58e-24,114
sp|P07658|FDHF_ECOLI,WP_005435120.1,23.887,741,422,33,11,644,53,758,1.76e-24,114
sp|P07658|FDHF_ECOLI,YP_006778744.1,22.809,719,449,25,17,650,47,744,1.83e-24,114
sp|P07658|FDHF_ECOLI,WP_062331274.1,23.887,741,422,33,11,644,53,758,2.03e-24,114
sp|P07658|FDHF_ECOLI,YP_002407185.1,23.192,733,453,27,3,650,37,744,2.20e-24,114
sp|P07658|FDHF_ECOLI,WP_005640405.1,21.190,689,435,18,61,657,85,757,2.52e-24,114
sp|P07658|FDHF_ECOLI,WP_000176811.1,22.949,719,448,25,17,650,47,744,2.83e-24,113
sp|P07658|FDHF_ECOLI,WP_005027937.1,42.143,140,74,4,1,139,1,134,2.99e-24,103
sp|P07658|FDHF_ECOLI,WP_121831925.1,22.949,719,448,25,17,650,47,744,7.02e-24,112
sp|P07658|FDHF_ECOLI,WP_022373988.1,22.548,683,419,22,61,658,64,721,8.97e-24,112
sp|P07658|FDHF_ECOLI,WP_005435431.1,24.821,697,407,28,70,674,6,677,9.22e-24,111
sp|P07658|FDHF_ECOLI,WP_032323745.1,22.917,720,447,26,17,650,47,744,1.22e-23,111
sp|P07658|FDHF_ECOLI,WP_106907852.1,22.809,719,449,25,17,650,47,744,1.45e-23,111
sp|P07658|FDHF_ECOLI,WP_000176770.1,22.809,719,449,25,17,650,47,744,1.50e-23,111
sp|P07658|FDHF_ECOLI,WP_000176808.1,22.809,719,449,25,17,650,47,744,4.31e-23,109
sp|P07658|FDHF_ECOLI,WP_029435319.1,22.897,725,462,25,11,657,66,771,5.02e-23,109
sp|P07658|FDHF_ECOLI,WP_000181666.1,22.148,447,227,9,157,485,1,444,5.55e-23,109
sp|P07658|FDHF_ECOLI,WP_000176765.1,22.531,719,451,25,17,650,47,744,5.65e-23,109
sp|P07658|FDHF_ECOLI,WP_000181649.1,22.371,447,226,9,157,485,1,444,6.49e-23,109
sp|P07658|FDHF_ECOLI,TDM82780.1,38.060,134,76,3,178,304,1,134,6.66e-23,99.4
sp|P07658|FDHF_ECOLI,YP_006119819.1,22.371,447,226,9,157,485,1,444,7.27e-23,108
sp|P07658|FDHF_ECOLI,WP_000181584.1,22.148,447,227,9,157,485,1,444,7.60e-23,108
sp|P07658|FDHF_ECOLI,WP_065226895.1,22.148,447,227,9,157,485,1,444,9.70e-23,108
sp|P07658|FDHF_ECOLI,WP_101636684.1,27.843,255,163,7,7,247,44,291,1.05e-22,108
sp|P07658|FDHF_ECOLI,WP_101636684.1,23.333,270,183,9,252,506,366,626,3.48e-10,68.6
sp|P07658|FDHF_ECOLI,WP_101636684.1,27.972,143,97,4,546,685,785,924,1.69e-06,56.6
sp|P07658|FDHF_ECOLI,WP_072095802.1,30.184,381,213,16,2,345,53,417,1.07e-22,107
sp|P07658|FDHF_ECOLI,WP_024961744.1,27.843,255,163,7,7,247,44,291,1.07e-22,108
sp|P07658|FDHF_ECOLI,WP_024961744.1,23.704,270,182,9,252,506,366,626,6.28e-11,70.9
sp|P07658|FDHF_ECOLI,WP_024961744.1,27.972,143,97,4,546,685,785,924,3.80e-06,55.5
sp|P07658|FDHF_ECOLI,WP_000176817.1,22.670,719,450,25,17,650,47,744,1.22e-22,108
sp|P07658|FDHF_ECOLI,WP_113854696.1,25.159,473,305,14,61,490,68,534,1.37e-22,108
sp|P07658|FDHF_ECOLI,KXB53114.1,23.196,776,447,31,11,674,39,777,1.45e-22,108
sp|P07658|FDHF_ECOLI,WP_050334596.1,27.451,255,164,7,7,247,44,291,1.69e-22,108
sp|P07658|FDHF_ECOLI,WP_050334596.1,23.704,270,182,9,252,506,366,626,1.14e-10,70.1
sp|P07658|FDHF_ECOLI,WP_050334596.1,27.972,143,97,4,546,685,785,924,1.63e-06,56.6
sp|P07658|FDHF_ECOLI,WP_005026630.1,22.897,725,462,25,11,657,66,771,1.91e-22,107
sp|P07658|FDHF_ECOLI,WP_000181622.1,22.148,447,227,9,157,485,1,444,2.28e-22,107
sp|P07658|FDHF_ECOLI,YP_002412892.1,22.531,719,451,25,17,650,47,744,2.73e-22,107
sp|P07658|FDHF_ECOLI,WP_118275967.1,21.489,712,496,22,11,686,59,743,3.49e-22,106
sp|P07658|FDHF_ECOLI,NP_312463.2,23.840,474,303,17,61,488,56,517,3.79e-22,106
sp|P07658|FDHF_ECOLI,WP_000185342.1,23.840,474,303,17,61,488,56,517,3.89e-22,106
sp|P07658|FDHF_ECOLI,WP_016646959.1,27.059,255,165,7,7,247,44,291,3.90e-22,107
sp|P07658|FDHF_ECOLI,WP_016646959.1,22.677,269,186,8,252,506,366,626,8.49e-10,67.4
sp|P07658|FDHF_ECOLI,WP_016646959.1,27.972,143,97,4,546,685,785,924,4.04e-06,55.5
sp|P07658|FDHF_ECOLI,WP_018713049.1,27.059,255,165,7,7,247,44,291,3.90e-22,107
sp|P07658|FDHF_ECOLI,WP_018713049.1,23.333,270,183,9,252,506,366,626,2.60e-10,68.9
sp|P07658|FDHF_ECOLI,WP_018713049.1,27.972,143,97,4,546,685,785,924,2.84e-06,55.8
sp|P07658|FDHF_ECOLI,WP_005428970.1,24.895,478,300,15,61,490,68,534,5.55e-22,106
sp|P07658|FDHF_ECOLI,YP_006120233.1,22.670,719,450,25,17,650,47,744,5.58e-22,106
sp|P07658|FDHF_ECOLI,WP_071906236.1,23.629,474,304,17,61,488,56,517,6.12e-22,106
sp|P07658|FDHF_ECOLI,NP_418007.3,23.679,473,305,16,61,488,56,517,8.59e-22,105
sp|P07658|FDHF_ECOLI,WP_065227089.1,22.531,719,451,25,17,650,47,744,9.25e-22,105
sp|P07658|FDHF_ECOLI,WP_066780161.1,22.809,776,450,31,11,674,56,794,1.06e-21,105
sp|P07658|FDHF_ECOLI,WP_000013958.1,23.418,474,305,17,61,488,56,517,2.05e-21,104
sp|P07658|FDHF_ECOLI,WP_022444361.1,25.323,541,337,20,11,504,51,571,2.44e-21,103
sp|P07658|FDHF_ECOLI,WP_022372461.1,23.077,676,428,24,61,658,125,786,2.59e-21,104
sp|P07658|FDHF_ECOLI,YP_002414705.1,23.467,473,306,16,61,488,38,499,3.03e-21,103
sp|P07658|FDHF_ECOLI,YP_002409945.1,23.629,474,304,17,61,488,38,499,3.08e-21,103
sp|P07658|FDHF_ECOLI,WP_024962889.1,21.828,733,460,27,17,657,55,766,3.75e-21,103
sp|P07658|FDHF_ECOLI,YP_006776955.1,23.256,473,307,16,61,488,56,517,3.91e-21,103
sp|P07658|FDHF_ECOLI,WP_000013916.1,23.256,473,307,16,61,488,56,517,4.05e-21,103
sp|P07658|FDHF_ECOLI,WP_000013982.1,23.418,474,305,17,61,488,56,517,6.15e-21,102
sp|P07658|FDHF_ECOLI,WP_000013940.1,23.418,474,305,17,61,488,56,517,7.57e-21,102
sp|P07658|FDHF_ECOLI,WP_114675452.1,21.698,742,450,27,17,657,55,766,8.64e-21,102
sp|P07658|FDHF_ECOLI,YP_006121878.1,23.629,474,304,17,61,488,38,499,1.53e-20,101
sp|P07658|FDHF_ECOLI,WP_016646315.1,21.505,744,473,27,17,669,55,778,2.36e-20,101
sp|P07658|FDHF_ECOLI,WP_139687371.1,24.375,480,309,16,54,490,64,532,6.29e-20,99.8
sp|P07658|FDHF_ECOLI,WP_101637662.1,21.390,734,462,27,17,657,55,766,7.30e-20,99.8
sp|P07658|FDHF_ECOLI,WP_018713425.1,21.448,732,464,27,17,657,55,766,8.76e-20,99.4
sp|P07658|FDHF_ECOLI,WP_050335918.1,21.798,734,459,29,17,657,55,766,1.71e-19,98.6
sp|P07658|FDHF_ECOLI,NP_415517.1,22.422,669,426,23,61,644,99,759,3.17e-19,97.4
sp|P07658|FDHF_ECOLI,NP_309179.1,22.422,669,426,23,61,644,99,759,3.49e-19,97.4
sp|P07658|FDHF_ECOLI,WP_021577291.1,22.422,669,426,23,61,644,99,759,4.11e-19,97.4
sp|P07658|FDHF_ECOLI,WP_025404283.1,22.422,669,426,23,61,644,99,759,4.14e-19,97.1
sp|P07658|FDHF_ECOLI,WP_147645381.1,24.403,795,456,35,11,688,51,817,4.22e-19,97.1
sp|P07658|FDHF_ECOLI,WP_001063145.1,22.272,669,427,23,61,644,99,759,6.03e-19,96.7
sp|P07658|FDHF_ECOLI,YP_002411932.1,22.720,669,424,25,61,644,99,759,6.17e-19,96.7
sp|P07658|FDHF_ECOLI,WP_065226557.1,22.720,669,424,25,61,644,99,759,7.09e-19,96.7
sp|P07658|FDHF_ECOLI,WP_001063131.1,22.272,669,427,23,61,644,99,759,1.40e-18,95.5
sp|P07658|FDHF_ECOLI,WP_001062101.1,22.272,669,427,23,61,644,99,759,1.54e-18,95.5
sp|P07658|FDHF_ECOLI,WP_001063175.1,22.422,669,426,23,61,644,99,759,1.68e-18,95.1
sp|P07658|FDHF_ECOLI,YP_002408120.1,23.009,678,411,28,61,644,99,759,1.84e-18,95.1
sp|P07658|FDHF_ECOLI,WP_139688684.1,22.272,669,432,20,65,662,140,791,5.06e-18,93.6
sp|P07658|FDHF_ECOLI,WP_127824114.1,22.272,669,427,23,61,644,99,759,6.83e-18,93.2
sp|P07658|FDHF_ECOLI,KXB53787.1,25.424,295,163,5,252,489,177,471,6.90e-18,93.2
sp|P07658|FDHF_ECOLI,KXB53787.1,32.258,93,63,0,157,249,1,93,8.98e-07,57.4
sp|P07658|FDHF_ECOLI,WP_118274673.1,27.203,261,169,9,2,249,54,306,6.95e-18,93.2
sp|P07658|FDHF_ECOLI,YP_006119329.1,22.519,675,418,26,61,644,99,759,1.53e-17,92.0
sp|P07658|FDHF_ECOLI,WP_066779733.1,25.085,295,164,5,252,489,177,471,2.00e-17,91.7
sp|P07658|FDHF_ECOLI,WP_066779733.1,32.258,93,63,0,157,249,1,93,4.89e-07,58.2
sp|P07658|FDHF_ECOLI,WP_004807362.1,24.606,508,301,19,7,508,298,729,3.01e-17,91.3
sp|P07658|FDHF_ECOLI,TDM96259.1,37.008,127,78,2,52,178,6,130,7.49e-17,82.0
sp|P07658|FDHF_ECOLI,WP_154557095.1,22.873,529,289,19,2,512,688,1115,5.64e-16,87.4
sp|P07658|FDHF_ECOLI,WP_118276322.1,22.336,779,434,32,10,657,69,807,7.50e-16,86.7
sp|P07658|FDHF_ECOLI,WP_094224144.1,23.420,538,323,21,11,490,65,571,8.57e-16,86.7
sp|P07658|FDHF_ECOLI,WP_118517585.1,22.684,529,290,17,2,512,688,1115,2.64e-15,85.1
sp|P07658|FDHF_ECOLI,WP_018713391.1,21.586,681,427,24,53,643,78,741,2.80e-15,84.7
sp|P07658|FDHF_ECOLI,WP_113854330.1,30.000,250,155,7,8,249,64,301,3.59e-15,84.7
sp|P07658|FDHF_ECOLI,WP_113854330.1,32.203,118,72,4,395,506,523,638,0.001,47.8
sp|P07658|FDHF_ECOLI,WP_005432320.1,30.000,250,155,7,8,249,64,301,5.03e-15,84.3
sp|P07658|FDHF_ECOLI,WP_005432320.1,32.203,118,72,4,395,506,523,638,0.001,47.8
sp|P07658|FDHF_ECOLI,WP_016474232.1,30.000,250,155,7,8,249,64,301,5.34e-15,84.0
sp|P07658|FDHF_ECOLI,WP_016474232.1,36.250,80,48,1,395,471,523,602,0.001,47.0
sp|P07658|FDHF_ECOLI,WP_138974994.1,24.031,516,314,16,1,507,295,741,7.01e-15,83.6
sp|P07658|FDHF_ECOLI,KXB53175.1,24.018,433,262,16,249,651,346,741,8.07e-15,83.6
sp|P07658|FDHF_ECOLI,KXB53175.1,28.514,249,153,9,10,249,47,279,6.41e-11,70.9
sp|P07658|FDHF_ECOLI,WP_013169555.1,24.031,516,314,16,1,507,295,741,1.16e-14,82.8
sp|P07658|FDHF_ECOLI,WP_113722580.1,24.031,516,314,16,1,507,295,741,1.23e-14,82.8
sp|P07658|FDHF_ECOLI,WP_062331996.1,26.820,261,170,10,2,249,49,301,1.62e-14,82.4
sp|P07658|FDHF_ECOLI,WP_062331996.1,19.628,484,297,16,241,656,354,813,6.76e-04,48.1
sp|P07658|FDHF_ECOLI,KXB54199.1,26.452,310,181,13,4,292,77,360,2.46e-14,82.0
sp|P07658|FDHF_ECOLI,KXB54199.1,26.498,317,170,11,188,489,352,620,6.14e-08,61.2
sp|P07658|FDHF_ECOLI,WP_156425684.1,23.557,433,264,16,249,651,336,731,2.87e-14,81.6
sp|P07658|FDHF_ECOLI,WP_156425684.1,28.112,249,154,9,10,249,37,269,1.38e-10,69.7
sp|P07658|FDHF_ECOLI,WP_139688891.1,25.483,259,176,7,2,249,50,302,3.28e-14,81.6
sp|P07658|FDHF_ECOLI,WP_005429328.1,25.483,259,176,7,2,249,52,304,4.55e-14,81.3
sp|P07658|FDHF_ECOLI,WP_005429328.1,20.000,485,304,13,240,662,361,823,0.031,42.7
sp|P07658|FDHF_ECOLI,WP_024962699.1,35.211,142,79,6,1,139,51,182,5.53e-14,75.5
sp|P07658|FDHF_ECOLI,WP_050333584.1,35.211,142,79,6,1,139,51,182,5.97e-14,75.1
sp|P07658|FDHF_ECOLI,WP_016475238.1,25.483,259,176,7,2,249,52,304,7.11e-14,80.5
sp|P07658|FDHF_ECOLI,WP_016475238.1,20.000,485,304,13,240,662,361,823,0.039,42.4
sp|P07658|FDHF_ECOLI,WP_022373412.1,30.570,193,122,5,61,249,82,266,8.70e-14,80.1
sp|P07658|FDHF_ECOLI,WP_022373412.1,38.095,63,36,1,395,454,488,550,0.012,44.3
sp|P07658|FDHF_ECOLI,WP_156425662.1,24.595,309,188,11,4,292,22,305,1.02e-13,79.7
sp|P07658|FDHF_ECOLI,WP_156425662.1,26.183,317,171,11,188,489,297,565,1.09e-07,60.5
sp|P07658|FDHF_ECOLI,WP_139687319.1,29.719,249,154,9,6,245,65,301,1.72e-12,75.9
sp|P07658|FDHF_ECOLI,WP_139687319.1,37.500,80,47,1,395,471,527,606,0.001,47.0
sp|P07658|FDHF_ECOLI,WP_051009027.1,21.799,656,438,18,63,657,71,712,2.61e-12,75.5
sp|P07658|FDHF_ECOLI,WP_139687182.1,26.531,294,163,12,11,268,49,325,1.36e-11,71.6
sp|P07658|FDHF_ECOLI,WP_062333187.1,21.646,656,439,18,63,657,71,712,2.60e-11,72.0
sp|P07658|FDHF_ECOLI,WP_005436713.1,28.085,235,140,10,61,288,105,317,7.65e-11,70.5
sp|P07658|FDHF_ECOLI,WP_005436713.1,25.101,247,152,10,262,492,382,611,0.18,40.4
sp|P07658|FDHF_ECOLI,YP_006119949.1,22.110,493,291,18,263,688,44,510,1.75e-10,68.9
sp|P07658|FDHF_ECOLI,WP_022373484.1,23.529,289,205,8,11,293,59,337,2.39e-10,67.8
sp|P07658|FDHF_ECOLI,WP_053962456.1,26.577,222,125,7,6,203,241,448,1.41e-09,66.6
sp|P07658|FDHF_ECOLI,WP_050334065.1,35.252,139,80,7,2,139,54,183,6.36e-09,60.8
sp|P07658|FDHF_ECOLI,WP_004008939.1,21.553,515,316,14,12,510,305,747,6.41e-09,64.3
sp|P07658|FDHF_ECOLI,WP_154543281.1,23.819,508,306,18,12,508,304,741,6.73e-09,64.3
sp|P07658|FDHF_ECOLI,WP_004007441.1,21.637,513,314,14,12,508,305,745,8.00e-09,64.3
sp|P07658|FDHF_ECOLI,WP_004011194.1,21.637,513,314,14,12,508,305,745,8.43e-09,63.9
sp|P07658|FDHF_ECOLI,WP_062330733.1,26.042,192,132,4,61,249,108,292,9.13e-09,63.9
sp|P07658|FDHF_ECOLI,WP_114675161.1,34.532,139,81,7,2,139,54,183,9.57e-09,60.1
sp|P07658|FDHF_ECOLI,WP_139687183.1,22.845,464,281,18,270,674,8,453,1.55e-08,62.8
sp|P07658|FDHF_ECOLI,WP_029436643.1,25.519,337,210,16,1,324,54,362,6.12e-08,61.2
sp|P07658|FDHF_ECOLI,WP_005027969.1,25.519,337,210,16,1,324,54,362,6.45e-08,61.2
sp|P07658|FDHF_ECOLI,WP_118274870.1,27.568,185,118,7,61,239,104,278,1.10e-07,60.5
sp|P07658|FDHF_ECOLI,WP_118274870.1,25.000,276,174,11,236,491,356,618,0.080,41.6
sp|P07658|FDHF_ECOLI,TDN16260.1,32.967,91,57,2,163,251,46,134,5.64e-07,54.3
sp|P07658|FDHF_ECOLI,KXB53786.1,30.380,158,88,8,2,139,45,200,1.23e-05,51.2
sp|P07658|FDHF_ECOLI,WP_114989626.1,26.471,204,132,5,12,210,303,493,1.25e-05,53.9
sp|P07658|FDHF_ECOLI,WP_114989626.1,22.857,175,126,3,339,508,572,742,0.018,43.5
sp|P07658|FDHF_ECOLI,WP_004011608.1,26.471,204,132,5,12,210,303,493,1.30e-05,53.9
sp|P07658|FDHF_ECOLI,WP_004011608.1,22.857,175,126,3,339,508,572,742,0.008,44.7
sp|P07658|FDHF_ECOLI,WP_039886156.1,26.471,204,132,5,12,210,303,493,1.34e-05,53.5
sp|P07658|FDHF_ECOLI,WP_039886156.1,22.857,175,126,3,339,508,572,742,0.017,43.5
sp|P07658|FDHF_ECOLI,WP_004018173.1,26.471,204,132,5,12,210,303,493,1.41e-05,53.5
sp|P07658|FDHF_ECOLI,WP_004018173.1,22.857,175,126,3,339,508,572,742,0.008,44.7
sp|P07658|FDHF_ECOLI,WP_004016221.1,26.471,204,132,5,12,210,303,493,1.53e-05,53.5
sp|P07658|FDHF_ECOLI,WP_004016221.1,22.857,175,126,3,339,508,572,742,0.025,43.1
sp|P07658|FDHF_ECOLI,WP_066779731.1,29.936,157,90,8,2,139,45,200,1.68e-05,50.8
sp|P07658|FDHF_ECOLI,YP_006119948.1,29.534,193,113,9,2,181,54,236,2.40e-05,51.6
sp|P07658|FDHF_ECOLI,WP_001198358.1,30.000,160,82,7,2,139,44,195,2.51e-05,50.4
sp|P07658|FDHF_ECOLI,WP_070725369.1,25.714,175,118,5,6,179,295,458,6.57e-05,51.6
sp|P07658|FDHF_ECOLI,WP_070725369.1,22.156,167,125,3,339,505,569,730,3.69e-04,48.9
sp|P07658|FDHF_ECOLI,WP_058237192.1,25.714,175,118,5,6,179,295,458,6.63e-05,51.6
sp|P07658|FDHF_ECOLI,WP_058237192.1,22.156,167,125,3,339,505,569,730,3.88e-04,48.9
sp|P07658|FDHF_ECOLI,WP_121831904.1,28.662,157,88,6,2,139,44,195,1.19e-04,48.5
sp|P07658|FDHF_ECOLI,WP_000383354.1,28.025,157,89,6,2,139,44,195,1.59e-04,48.1
sp|P07658|FDHF_ECOLI,WP_000383350.1,28.025,157,89,6,2,139,44,195,2.22e-04,47.8
sp|P07658|FDHF_ECOLI,WP_022442929.1,32.258,93,57,3,400,486,733,825,2.67e-04,49.7
sp|P07658|FDHF_ECOLI,WP_022442929.1,22.000,200,147,4,57,255,126,317,0.001,47.4
sp|P07658|FDHF_ECOLI,WP_022442929.1,31.707,82,51,1,263,339,496,577,0.31,39.7
sp|P07658|FDHF_ECOLI,WP_038152950.1,37.879,66,40,1,422,486,758,823,3.76e-04,49.3
sp|P07658|FDHF_ECOLI,WP_038152950.1,28.866,97,67,1,166,260,245,341,0.001,47.8
sp|P07658|FDHF_ECOLI,WP_028257758.1,37.879,66,40,1,422,486,758,823,3.82e-04,48.9
sp|P07658|FDHF_ECOLI,WP_028257758.1,28.866,97,67,1,166,260,245,341,0.001,47.8
sp|P07658|FDHF_ECOLI,TDN07369.1,27.184,103,66,5,6,103,12,110,6.37e-04,44.7
sp|P07658|FDHF_ECOLI,WP_001502373.1,33.333,69,45,1,422,489,766,834,6.61e-04,48.1
sp|P07658|FDHF_ECOLI,WP_001502373.1,23.077,169,126,3,69,237,153,317,0.013,43.9
sp|P07658|FDHF_ECOLI,WP_001502373.1,30.233,86,55,1,259,339,500,585,0.37,39.3
sp|P07658|FDHF_ECOLI,WP_000032935.1,33.333,69,45,1,422,489,766,834,6.61e-04,48.1
sp|P07658|FDHF_ECOLI,WP_000032935.1,23.077,169,126,3,69,237,153,317,0.014,43.9
sp|P07658|FDHF_ECOLI,WP_000032935.1,30.233,86,55,1,259,339,500,585,0.37,39.3
sp|P07658|FDHF_ECOLI,WP_106907863.1,33.333,69,45,1,422,489,766,834,6.66e-04,48.1
sp|P07658|FDHF_ECOLI,WP_106907863.1,23.077,169,126,3,69,237,153,317,0.014,43.9
sp|P07658|FDHF_ECOLI,WP_106907863.1,30.233,86,55,1,259,339,500,585,0.38,39.3
sp|P07658|FDHF_ECOLI,WP_000032908.1,33.333,69,45,1,422,489,766,834,6.66e-04,48.1
sp|P07658|FDHF_ECOLI,WP_000032908.1,23.077,169,126,3,69,237,153,317,0.014,43.9
sp|P07658|FDHF_ECOLI,WP_000032908.1,30.233,86,55,1,259,339,500,585,0.38,39.3
sp|P07658|FDHF_ECOLI,WP_000032941.1,33.333,69,45,1,422,489,766,834,6.66e-04,48.1
sp|P07658|FDHF_ECOLI,WP_000032941.1,23.077,169,126,3,69,237,153,317,0.013,43.9
sp|P07658|FDHF_ECOLI,WP_000032941.1,30.233,86,55,1,259,339,500,585,0.37,39.3
sp|P07658|FDHF_ECOLI,WP_024175803.1,33.333,69,45,1,422,489,766,834,6.72e-04,48.1
sp|P07658|FDHF_ECOLI,WP_024175803.1,23.077,169,126,3,69,237,153,317,0.014,43.9
sp|P07658|FDHF_ECOLI,WP_024175803.1,30.233,86,55,1,259,339,500,585,0.38,39.3
sp|P07658|FDHF_ECOLI,WP_000032946.1,33.333,69,45,1,422,489,766,834,6.78e-04,48.1
sp|P07658|FDHF_ECOLI,WP_000032946.1,23.077,169,126,3,69,237,153,317,0.014,43.9
sp|P07658|FDHF_ECOLI,WP_000032946.1,30.233,86,55,1,259,339,500,585,0.38,39.3
sp|P07658|FDHF_ECOLI,WP_000032912.1,33.333,69,45,1,422,489,766,834,6.78e-04,48.1
sp|P07658|FDHF_ECOLI,WP_000032912.1,23.077,169,126,3,69,237,153,317,0.014,43.9
sp|P07658|FDHF_ECOLI,WP_000032912.1,30.233,86,55,1,259,339,500,585,0.37,39.3
sp|P07658|FDHF_ECOLI,NP_415742.1,33.333,69,45,1,422,489,766,834,6.78e-04,48.1
sp|P07658|FDHF_ECOLI,NP_415742.1,23.077,169,126,3,69,237,153,317,0.014,43.9
sp|P07658|FDHF_ECOLI,NP_415742.1,30.233,86,55,1,259,339,500,585,0.38,39.3
sp|P07658|FDHF_ECOLI,YP_006119616.1,33.333,69,45,1,422,489,766,834,6.83e-04,48.1
sp|P07658|FDHF_ECOLI,YP_006119616.1,23.077,169,126,3,69,237,153,317,0.014,43.9
sp|P07658|FDHF_ECOLI,YP_006119616.1,30.233,86,55,1,259,339,500,585,0.38,39.3
