sp|Q30W70|CUTC_OLEA2,WP_091791381.1,78.118,850,181,2,1,846,1,849,0.0,1434
sp|Q30W70|CUTC_OLEA2,WP_075659896.1,77.187,846,193,0,1,846,1,846,0.0,1420
sp|Q30W70|CUTC_OLEA2,WP_019116775.1,75.736,849,203,1,1,846,1,849,0.0,1402
sp|Q30W70|CUTC_OLEA2,WP_004839422.1,75.618,849,204,1,1,846,1,849,0.0,1398
sp|Q30W70|CUTC_OLEA2,WP_075712135.1,75.701,856,198,1,1,846,1,856,0.0,1394
sp|Q30W70|CUTC_OLEA2,WP_027869008.1,75.797,847,204,1,1,846,1,847,0.0,1387
sp|Q30W70|CUTC_OLEA2,WP_002563917.1,74.377,843,215,1,1,843,1,842,0.0,1362
sp|Q30W70|CUTC_OLEA2,WP_049525711.1,72.459,846,229,2,1,843,1,845,0.0,1329
sp|Q30W70|CUTC_OLEA2,WP_075582489.1,62.529,854,312,2,1,846,1,854,0.0,1158
sp|Q30W70|CUTC_OLEA2,WP_059076807.1,62.412,854,313,2,1,846,1,854,0.0,1157
sp|Q30W70|CUTC_OLEA2,WP_118021354.1,62.295,854,314,2,1,846,1,854,0.0,1154
sp|Q30W70|CUTC_OLEA2,YP_002410085.1,62.927,820,298,1,27,846,327,1140,0.0,1116
sp|Q30W70|CUTC_OLEA2,YP_002410085.1,22.764,369,215,8,59,425,19,319,1.27e-15,86.7
sp|Q30W70|CUTC_OLEA2,WP_075711805.1,54.904,785,352,1,59,841,11,795,0.0,909
sp|Q30W70|CUTC_OLEA2,WP_118021514.1,52.859,787,322,1,57,843,6,743,0.0,856
sp|Q30W70|CUTC_OLEA2,WP_087478123.1,37.342,790,490,5,59,846,3,789,0.0,552
sp|Q30W70|CUTC_OLEA2,WP_029434774.1,37.230,787,487,4,59,841,3,786,0.0,552
sp|Q30W70|CUTC_OLEA2,WP_095629724.1,37.215,790,491,5,59,846,3,789,0.0,551
sp|Q30W70|CUTC_OLEA2,WP_040658539.1,36.882,789,495,3,59,846,4,790,0.0,550
sp|Q30W70|CUTC_OLEA2,WP_005024668.1,36.976,787,489,4,59,841,3,786,0.0,549
sp|Q30W70|CUTC_OLEA2,WP_005024665.1,38.314,783,475,5,65,842,17,796,6.34e-178,536
sp|Q30W70|CUTC_OLEA2,WP_101913318.1,35.995,789,500,4,59,846,3,787,1.84e-177,535
sp|Q30W70|CUTC_OLEA2,WP_062412412.1,36.629,789,495,4,59,846,3,787,2.19e-177,535
sp|Q30W70|CUTC_OLEA2,WP_051356048.1,36.129,775,490,4,73,846,1,771,1.73e-175,529
sp|Q30W70|CUTC_OLEA2,WP_007391193.1,36.101,795,489,8,59,841,10,797,1.56e-166,507
sp|Q30W70|CUTC_OLEA2,WP_050640129.1,35.379,831,480,9,61,841,16,839,6.45e-158,486
sp|Q30W70|CUTC_OLEA2,WP_117995388.1,35.037,802,490,12,59,841,11,800,1.80e-149,463
sp|Q30W70|CUTC_OLEA2,WP_050639346.1,34.673,796,509,9,54,842,8,799,5.83e-148,459
sp|Q30W70|CUTC_OLEA2,WP_055150931.1,34.673,796,509,9,54,842,8,799,6.02e-148,459
sp|Q30W70|CUTC_OLEA2,WP_118115979.1,35.162,802,489,12,59,841,11,800,7.21e-148,459
sp|Q30W70|CUTC_OLEA2,WP_117571052.1,34.663,802,493,12,59,841,11,800,7.52e-148,459
sp|Q30W70|CUTC_OLEA2,WP_075660158.1,33.995,856,482,12,58,841,9,853,2.63e-147,459
sp|Q30W70|CUTC_OLEA2,LCVA_1194,35.037,802,490,12,59,841,11,800,1.43e-146,455
sp|Q30W70|CUTC_OLEA2,WP_118277967.1,33.628,791,507,10,59,845,6,782,7.29e-145,450
sp|Q30W70|CUTC_OLEA2,WP_022165975.1,33.756,788,502,11,59,841,7,779,9.48e-145,450
sp|Q30W70|CUTC_OLEA2,WP_115716549.1,33.628,791,507,10,59,845,6,782,1.37e-144,449
sp|Q30W70|CUTC_OLEA2,WP_003036273.1,34.864,806,486,14,59,841,21,810,3.68e-144,449
sp|Q30W70|CUTC_OLEA2,WP_117999249.1,33.756,788,502,11,59,841,7,779,4.40e-144,448
sp|Q30W70|CUTC_OLEA2,WP_002562817.1,34.165,802,497,10,59,841,11,800,2.09e-143,447
sp|Q30W70|CUTC_OLEA2,WP_000166136.1,34.161,805,492,15,59,841,26,814,8.25e-143,446
sp|Q30W70|CUTC_OLEA2,WP_000166137.1,34.161,805,492,15,59,841,26,814,1.04e-142,446
sp|Q30W70|CUTC_OLEA2,WP_000166140.1,34.161,805,492,15,59,841,26,814,1.36e-142,446
sp|Q30W70|CUTC_OLEA2,WP_118565850.1,33.716,783,497,12,65,841,13,779,1.91e-142,444
sp|Q30W70|CUTC_OLEA2,WP_000166134.1,34.037,805,493,15,59,841,26,814,6.16e-142,444
sp|Q30W70|CUTC_OLEA2,WP_117910704.1,33.504,782,500,11,65,841,13,779,6.85e-142,442
sp|Q30W70|CUTC_OLEA2,WP_016480313.1,33.789,805,495,15,59,841,26,814,7.10e-141,441
sp|Q30W70|CUTC_OLEA2,WP_022526285.1,34.615,806,487,15,59,841,21,809,1.08e-140,440
sp|Q30W70|CUTC_OLEA2,WP_106384480.1,34.615,806,487,15,59,841,21,809,1.58e-140,440
sp|Q30W70|CUTC_OLEA2,WP_017647120.1,33.913,805,494,15,59,841,26,814,1.63e-140,440
sp|Q30W70|CUTC_OLEA2,WP_117644328.1,34.615,806,487,15,59,841,21,809,2.04e-140,440
sp|Q30W70|CUTC_OLEA2,WP_049516580.1,34.615,806,487,15,59,841,21,809,2.20e-140,439
sp|Q30W70|CUTC_OLEA2,WP_003032459.1,34.615,806,487,15,59,841,21,809,2.63e-140,439
sp|Q30W70|CUTC_OLEA2,WP_003023898.1,34.615,806,487,15,59,841,21,809,3.33e-140,439
sp|Q30W70|CUTC_OLEA2,WP_049507929.1,34.615,806,487,15,59,841,21,809,4.38e-140,439
sp|Q30W70|CUTC_OLEA2,WP_024053033.1,34.367,806,489,14,59,841,21,809,4.38e-140,439
sp|Q30W70|CUTC_OLEA2,WP_138099453.1,34.615,806,487,15,59,841,21,809,4.53e-140,439
sp|Q30W70|CUTC_OLEA2,WP_126407445.1,34.615,806,487,15,59,841,21,809,4.72e-140,439
sp|Q30W70|CUTC_OLEA2,WP_000248305.1,34.122,803,495,14,59,841,20,808,6.06e-140,438
sp|Q30W70|CUTC_OLEA2,WP_021001879.1,34.615,806,487,15,59,841,21,809,6.63e-140,438
sp|Q30W70|CUTC_OLEA2,WP_117996042.1,33.078,783,491,11,65,841,8,763,6.66e-140,437
sp|Q30W70|CUTC_OLEA2,WP_118589858.1,33.333,789,503,13,59,841,7,778,6.82e-140,437
sp|Q30W70|CUTC_OLEA2,WP_151380159.1,34.615,806,487,15,59,841,21,809,8.84e-140,438
sp|Q30W70|CUTC_OLEA2,WP_106082650.1,34.615,806,487,15,59,841,21,809,9.52e-140,438
sp|Q30W70|CUTC_OLEA2,WP_000247406.1,34.122,803,495,14,59,841,20,808,1.15e-139,437
sp|Q30W70|CUTC_OLEA2,WP_049524613.1,34.122,803,495,14,59,841,20,808,1.25e-139,437
sp|Q30W70|CUTC_OLEA2,WP_003041221.1,34.367,806,489,15,59,841,21,809,1.69e-139,437
sp|Q30W70|CUTC_OLEA2,WP_003028990.1,34.491,806,488,15,59,841,21,809,1.69e-139,437
sp|Q30W70|CUTC_OLEA2,WP_059220938.1,34.491,806,488,15,59,841,21,809,1.74e-139,437
sp|Q30W70|CUTC_OLEA2,WP_117571232.1,33.206,783,490,11,65,841,8,763,1.77e-139,436
sp|Q30W70|CUTC_OLEA2,WP_049533103.1,34.491,806,488,15,59,841,21,809,1.84e-139,437
sp|Q30W70|CUTC_OLEA2,WP_106100952.1,34.615,806,487,15,59,841,21,809,2.23e-139,437
sp|Q30W70|CUTC_OLEA2,WP_118116359.1,33.972,783,484,12,65,841,8,763,3.29e-139,435
sp|Q30W70|CUTC_OLEA2,WP_021953523.1,33.418,790,501,14,59,841,8,779,3.61e-139,436
sp|Q30W70|CUTC_OLEA2,WP_000247405.1,33.998,803,496,14,59,841,20,808,6.83e-139,436
sp|Q30W70|CUTC_OLEA2,WP_061102888.1,34.410,805,490,15,59,841,26,814,6.85e-139,436
sp|Q30W70|CUTC_OLEA2,WP_000248299.1,34.122,803,495,14,59,841,20,808,8.81e-139,435
sp|Q30W70|CUTC_OLEA2,WP_000248298.1,33.998,803,496,14,59,841,20,808,1.28e-138,435
sp|Q30W70|CUTC_OLEA2,WP_115715612.1,34.739,806,483,18,57,841,5,788,1.37e-138,434
sp|Q30W70|CUTC_OLEA2,WP_048596930.1,34.410,805,490,15,59,841,26,814,1.57e-138,435
sp|Q30W70|CUTC_OLEA2,WP_006302615.1,34.410,805,490,15,59,841,26,814,2.09e-138,434
sp|Q30W70|CUTC_OLEA2,WP_049511423.1,33.998,803,496,14,59,841,20,808,2.69e-138,434
sp|Q30W70|CUTC_OLEA2,WP_000184880.1,34.005,794,479,13,59,841,2,761,4.32e-138,432
sp|Q30W70|CUTC_OLEA2,WP_000184877.1,33.753,794,481,13,59,841,2,761,6.62e-138,432
sp|Q30W70|CUTC_OLEA2,YP_002408968.1,33.753,794,481,13,59,841,2,761,7.76e-138,431
sp|Q30W70|CUTC_OLEA2,YP_002415097.1,33.753,794,481,13,59,841,2,761,8.45e-138,431
sp|Q30W70|CUTC_OLEA2,WP_000184837.1,33.753,794,481,13,59,841,2,761,1.27e-137,431
sp|Q30W70|CUTC_OLEA2,YP_006781463.1,33.794,796,478,14,59,841,2,761,2.58e-137,430
sp|Q30W70|CUTC_OLEA2,WP_118277428.1,34.615,806,484,18,57,841,5,788,2.62e-137,431
sp|Q30W70|CUTC_OLEA2,WP_032346322.1,33.627,794,482,13,59,841,2,761,2.72e-137,430
sp|Q30W70|CUTC_OLEA2,WP_000184799.1,33.753,794,481,13,59,841,2,761,2.75e-137,430
sp|Q30W70|CUTC_OLEA2,WP_005024906.1,33.709,798,508,13,61,841,32,825,2.85e-137,432
sp|Q30W70|CUTC_OLEA2,YP_006122291.1,33.627,794,482,13,59,841,2,761,3.59e-137,430
sp|Q30W70|CUTC_OLEA2,WP_000184816.1,33.753,794,481,13,59,841,2,761,3.74e-137,430
sp|Q30W70|CUTC_OLEA2,WP_000184872.1,33.879,794,480,13,59,841,2,761,4.12e-137,429
sp|Q30W70|CUTC_OLEA2,NP_418386.1,33.711,795,480,15,59,841,2,761,4.78e-137,429
sp|Q30W70|CUTC_OLEA2,WP_065228019.1,33.501,794,483,13,59,841,2,761,2.59e-136,427
sp|Q30W70|CUTC_OLEA2,WP_000184851.1,33.627,794,482,13,59,841,2,761,2.65e-136,427
sp|Q30W70|CUTC_OLEA2,WP_008689603.1,32.526,784,512,10,61,841,8,777,4.55e-136,427
sp|Q30W70|CUTC_OLEA2,WP_117926494.1,33.333,783,489,12,65,841,8,763,5.22e-136,427
sp|Q30W70|CUTC_OLEA2,WP_049522223.1,33.624,803,499,14,59,841,20,808,1.29e-135,427
sp|Q30W70|CUTC_OLEA2,WP_029436929.1,32.836,804,506,14,61,841,27,819,5.14e-135,426
sp|Q30W70|CUTC_OLEA2,WP_005027953.1,32.836,804,506,14,61,841,27,819,6.99e-135,426
sp|Q30W70|CUTC_OLEA2,WP_075714457.1,33.503,788,513,9,59,841,3,784,2.39e-134,423
sp|Q30W70|CUTC_OLEA2,WP_118021256.1,32.238,791,518,10,59,841,9,789,7.28e-133,419
sp|Q30W70|CUTC_OLEA2,WP_033125453.1,33.789,805,490,17,57,841,6,787,5.88e-131,414
sp|Q30W70|CUTC_OLEA2,WP_154536834.1,33.458,804,494,20,57,841,4,785,6.85e-131,414
sp|Q30W70|CUTC_OLEA2,WP_055153623.1,32.957,798,506,15,57,841,5,786,3.12e-130,412
sp|Q30W70|CUTC_OLEA2,WP_050640431.1,33.083,798,505,15,57,841,5,786,3.32e-130,412
sp|Q30W70|CUTC_OLEA2,WP_002563858.1,32.573,789,495,14,59,841,3,760,1.98e-128,407
sp|Q30W70|CUTC_OLEA2,WP_057001858.1,32.573,789,495,14,59,841,3,760,2.15e-128,407
sp|Q30W70|CUTC_OLEA2,WP_091791955.1,33.714,789,496,14,73,841,51,832,3.21e-128,409
sp|Q30W70|CUTC_OLEA2,WP_118021257.1,31.612,794,519,11,59,841,9,789,4.58e-125,399
sp|Q30W70|CUTC_OLEA2,WP_117995848.1,32.463,804,499,13,61,841,18,800,1.10e-124,398
sp|Q30W70|CUTC_OLEA2,NP_415344.1,31.750,800,519,13,63,841,13,806,8.18e-120,385
sp|Q30W70|CUTC_OLEA2,WP_000209324.1,31.875,800,518,13,63,841,13,806,8.35e-120,385
sp|Q30W70|CUTC_OLEA2,WP_000209338.1,31.750,800,519,13,63,841,13,806,1.19e-119,385
sp|Q30W70|CUTC_OLEA2,WP_000209356.1,31.750,800,519,13,63,841,13,806,2.71e-119,384
sp|Q30W70|CUTC_OLEA2,WP_065226441.1,31.625,800,520,13,63,841,13,806,5.26e-119,384
sp|Q30W70|CUTC_OLEA2,WP_115715995.1,31.631,803,510,13,61,841,18,803,5.74e-119,383
sp|Q30W70|CUTC_OLEA2,YP_002406825.1,31.625,800,520,13,63,841,13,806,7.37e-119,383
sp|Q30W70|CUTC_OLEA2,WP_118277567.1,31.631,803,510,13,61,841,18,803,8.74e-119,383
sp|Q30W70|CUTC_OLEA2,YP_006119102.1,31.625,800,520,13,63,841,13,806,1.01e-118,383
sp|Q30W70|CUTC_OLEA2,YP_002411764.1,31.500,800,521,13,63,841,13,806,1.54e-118,382
sp|Q30W70|CUTC_OLEA2,WP_000209359.1,31.500,800,521,13,63,841,13,806,2.13e-118,382
sp|Q30W70|CUTC_OLEA2,WP_000209363.1,31.375,800,522,13,63,841,13,806,1.64e-117,379
sp|Q30W70|CUTC_OLEA2,YP_006780120.1,31.375,800,522,13,63,841,13,806,1.80e-117,379
sp|Q30W70|CUTC_OLEA2,WP_126347090.1,31.375,800,522,13,63,841,13,806,3.34e-117,379
sp|Q30W70|CUTC_OLEA2,WP_091792463.1,30.429,792,522,11,65,841,8,785,1.66e-116,376
sp|Q30W70|CUTC_OLEA2,WP_022089165.1,35.456,581,366,7,266,841,2,578,1.61e-114,365
sp|Q30W70|CUTC_OLEA2,WP_000209321.1,31.375,800,522,13,63,841,13,806,2.21e-114,371
sp|Q30W70|CUTC_OLEA2,WP_082202823.1,29.847,784,534,12,65,841,52,826,4.49e-114,371
sp|Q30W70|CUTC_OLEA2,WP_083486992.1,29.847,784,534,12,65,841,52,826,8.87e-114,370
sp|Q30W70|CUTC_OLEA2,WP_039102360.1,31.625,800,520,13,63,841,13,806,4.34e-113,368
sp|Q30W70|CUTC_OLEA2,WP_038430852.1,31.625,800,520,13,63,841,13,806,4.82e-113,368
sp|Q30W70|CUTC_OLEA2,WP_050642263.1,31.888,715,453,13,76,763,33,740,1.23e-108,354
sp|Q30W70|CUTC_OLEA2,WP_055154451.1,31.888,715,453,13,76,763,33,740,1.93e-108,353
sp|Q30W70|CUTC_OLEA2,WP_008687485.1,28.625,800,537,10,61,841,19,803,6.19e-107,352
sp|Q30W70|CUTC_OLEA2,WP_021907234.1,34.244,622,390,10,58,675,9,615,1.67e-106,352
sp|Q30W70|CUTC_OLEA2,WP_021907234.1,41.379,203,118,1,643,844,662,864,2.20e-32,140
sp|Q30W70|CUTC_OLEA2,WP_005029537.1,31.559,789,489,20,79,841,49,812,1.51e-105,348
sp|Q30W70|CUTC_OLEA2,WP_005026058.1,32.016,759,490,16,98,841,50,797,1.72e-103,342
sp|Q30W70|CUTC_OLEA2,WP_029436222.1,32.016,759,490,16,98,841,50,797,1.81e-103,342
sp|Q30W70|CUTC_OLEA2,WP_019125629.1,34.328,603,362,10,58,648,13,593,2.58e-102,340
sp|Q30W70|CUTC_OLEA2,WP_019125629.1,38.049,205,122,3,642,843,661,863,7.37e-29,129
sp|Q30W70|CUTC_OLEA2,WP_007393280.1,32.303,647,416,10,58,701,11,638,4.00e-99,332
sp|Q30W70|CUTC_OLEA2,WP_007393280.1,39.409,203,122,1,640,841,657,859,6.77e-32,138
sp|Q30W70|CUTC_OLEA2,WP_062486524.1,31.994,647,418,10,58,701,11,638,2.58e-98,330
sp|Q30W70|CUTC_OLEA2,WP_062486524.1,39.409,203,122,1,640,841,657,859,7.13e-32,138
sp|Q30W70|CUTC_OLEA2,WP_065360974.1,28.462,780,535,13,76,846,20,785,2.31e-96,323
sp|Q30W70|CUTC_OLEA2,WP_129878936.1,30.276,796,519,16,68,841,64,845,2.51e-96,324
sp|Q30W70|CUTC_OLEA2,WP_082202909.1,30.151,796,520,16,68,841,64,845,5.60e-96,323
sp|Q30W70|CUTC_OLEA2,WP_050641442.1,29.044,847,522,18,59,841,44,875,5.93e-96,324
sp|Q30W70|CUTC_OLEA2,WP_055153851.1,29.044,847,522,18,59,841,44,875,6.57e-96,324
sp|Q30W70|CUTC_OLEA2,WP_129880050.1,30.639,829,511,23,56,841,13,820,3.64e-95,320
sp|Q30W70|CUTC_OLEA2,WP_050640907.1,30.639,829,511,23,56,841,13,820,1.30e-94,319
sp|Q30W70|CUTC_OLEA2,WP_062411412.1,32.209,593,387,9,58,648,11,590,4.95e-90,307
sp|Q30W70|CUTC_OLEA2,WP_062411412.1,38.614,202,123,1,641,841,659,860,3.42e-31,136
sp|Q30W70|CUTC_OLEA2,WP_050639810.1,29.453,713,452,13,171,841,173,876,1.26e-87,301
sp|Q30W70|CUTC_OLEA2,WP_129878983.1,29.469,716,448,14,171,841,173,876,3.47e-87,300
sp|Q30W70|CUTC_OLEA2,WP_055152682.1,28.997,638,391,12,256,841,266,893,5.38e-71,256
sp|Q30W70|CUTC_OLEA2,WP_050640829.1,28.997,638,391,12,256,841,266,893,8.38e-71,255
sp|Q30W70|CUTC_OLEA2,WP_148487195.1,28.892,668,415,13,229,845,241,899,1.38e-66,243
sp|Q30W70|CUTC_OLEA2,WP_118277029.1,27.417,693,447,18,160,842,108,754,3.48e-56,211
sp|Q30W70|CUTC_OLEA2,WP_115715278.1,29.682,566,367,12,283,842,214,754,4.38e-56,211
sp|Q30W70|CUTC_OLEA2,WP_117993926.1,29.859,566,358,12,287,842,216,752,1.07e-55,209
sp|Q30W70|CUTC_OLEA2,WP_117573203.1,26.616,789,481,22,83,842,33,752,3.49e-55,208
sp|Q30W70|CUTC_OLEA2,WP_118565592.1,27.070,628,414,14,225,842,166,759,5.10e-53,202
sp|Q30W70|CUTC_OLEA2,WP_082202927.1,28.707,634,373,20,229,841,180,755,3.15e-52,199
sp|Q30W70|CUTC_OLEA2,WP_008688833.1,28.302,689,439,20,163,842,112,754,8.06e-52,198
sp|Q30W70|CUTC_OLEA2,WP_118115845.1,28.673,565,364,14,288,842,217,752,3.38e-51,196
sp|Q30W70|CUTC_OLEA2,WP_147558499.1,27.032,603,395,14,250,840,151,720,4.97e-50,192
sp|Q30W70|CUTC_OLEA2,WP_003527819.1,27.032,603,395,14,250,840,151,720,5.16e-50,192
sp|Q30W70|CUTC_OLEA2,WP_081733105.1,28.056,638,385,22,224,841,172,755,2.75e-48,188
sp|Q30W70|CUTC_OLEA2,WP_046328484.1,24.309,543,353,15,315,842,241,740,7.38e-34,144
sp|Q30W70|CUTC_OLEA2,WP_003532199.1,23.301,618,421,15,239,842,156,734,1.26e-33,143
sp|Q30W70|CUTC_OLEA2,WP_117754952.1,23.301,618,421,15,239,842,156,734,1.26e-33,143
sp|Q30W70|CUTC_OLEA2,WP_003531282.1,24.272,618,411,17,239,845,162,733,1.52e-33,143
sp|Q30W70|CUTC_OLEA2,WP_143331439.1,24.272,618,411,17,239,845,149,720,1.61e-33,142
sp|Q30W70|CUTC_OLEA2,WP_022236030.1,24.434,618,410,17,239,845,162,733,4.52e-33,141
sp|Q30W70|CUTC_OLEA2,WP_050642136.1,23.449,806,496,29,95,844,50,790,6.55e-33,141
sp|Q30W70|CUTC_OLEA2,WP_055298954.1,24.059,611,383,17,256,842,159,712,7.19e-33,140
sp|Q30W70|CUTC_OLEA2,WP_055154843.1,23.708,658,425,19,225,844,172,790,1.21e-32,140
sp|Q30W70|CUTC_OLEA2,WP_066730053.1,24.081,544,353,14,315,842,241,740,2.20e-32,139
sp|Q30W70|CUTC_OLEA2,WP_070751076.1,24.059,611,383,17,256,842,159,712,2.68e-32,139
sp|Q30W70|CUTC_OLEA2,WP_147558143.1,24.434,618,410,17,239,845,162,733,3.89e-32,138
sp|Q30W70|CUTC_OLEA2,WP_048699183.1,24.059,611,383,17,256,842,159,712,4.73e-32,138
sp|Q30W70|CUTC_OLEA2,WP_039891927.1,24.084,573,381,17,281,842,217,746,8.72e-32,137
sp|Q30W70|CUTC_OLEA2,WP_154537758.1,23.134,536,371,11,312,842,239,738,9.34e-32,137
sp|Q30W70|CUTC_OLEA2,WP_119213068.1,23.895,611,384,17,256,842,159,712,9.96e-32,137
sp|Q30W70|CUTC_OLEA2,WP_080563609.1,22.396,576,394,14,290,846,231,772,1.10e-31,137
sp|Q30W70|CUTC_OLEA2,WP_118817205.1,23.201,556,372,14,311,846,252,772,1.23e-31,137
sp|Q30W70|CUTC_OLEA2,YP_002409518.1,24.452,593,374,20,280,846,220,764,1.49e-31,137
sp|Q30W70|CUTC_OLEA2,WP_118782020.1,22.883,555,375,14,311,846,252,772,1.51e-31,137
sp|Q30W70|CUTC_OLEA2,WP_118785351.1,23.022,556,373,14,311,846,252,772,1.52e-31,137
sp|Q30W70|CUTC_OLEA2,WP_003532401.1,24.220,545,356,14,315,846,237,737,1.55e-31,137
sp|Q30W70|CUTC_OLEA2,WP_032323879.1,24.618,589,370,20,280,842,220,760,1.55e-31,137
sp|Q30W70|CUTC_OLEA2,WP_000861738.1,24.618,589,370,20,280,842,220,760,1.57e-31,137
sp|Q30W70|CUTC_OLEA2,WP_118775401.1,22.569,576,393,14,290,846,231,772,1.61e-31,137
sp|Q30W70|CUTC_OLEA2,WP_118845958.1,23.243,555,373,14,311,846,252,772,1.72e-31,137
sp|Q30W70|CUTC_OLEA2,WP_096848033.1,24.490,588,372,19,280,842,220,760,2.20e-31,136
sp|Q30W70|CUTC_OLEA2,WP_022432487.1,24.071,565,371,14,293,842,226,747,2.27e-31,136
sp|Q30W70|CUTC_OLEA2,WP_118795519.1,22.883,555,375,14,311,846,252,772,2.39e-31,136
sp|Q30W70|CUTC_OLEA2,WP_065227721.1,24.618,589,370,20,280,842,220,760,2.40e-31,136
sp|Q30W70|CUTC_OLEA2,WP_000861747.1,24.618,589,370,20,280,842,220,760,2.49e-31,136
sp|Q30W70|CUTC_OLEA2,WP_022205117.1,24.377,562,372,13,293,842,226,746,2.56e-31,136
sp|Q30W70|CUTC_OLEA2,WP_000861734.1,24.618,589,370,20,280,842,220,760,2.82e-31,136
sp|Q30W70|CUTC_OLEA2,WP_080950414.1,22.883,555,375,14,311,846,252,772,2.82e-31,136
sp|Q30W70|CUTC_OLEA2,WP_000861750.1,24.788,589,369,19,280,842,220,760,2.89e-31,136
sp|Q30W70|CUTC_OLEA2,WP_117819492.1,24.037,545,357,14,315,846,237,737,3.11e-31,135
sp|Q30W70|CUTC_OLEA2,WP_000861753.1,24.618,589,370,20,280,842,220,760,3.13e-31,136
sp|Q30W70|CUTC_OLEA2,WP_114892506.1,22.883,555,375,14,311,846,252,772,3.16e-31,136
sp|Q30W70|CUTC_OLEA2,WP_022237362.1,24.037,545,357,14,315,846,237,737,3.16e-31,135
sp|Q30W70|CUTC_OLEA2,WP_081277690.1,22.883,555,375,14,311,846,252,772,3.25e-31,135
sp|Q30W70|CUTC_OLEA2,WP_134079445.1,22.883,555,375,14,311,846,252,772,3.28e-31,135
sp|Q30W70|CUTC_OLEA2,WP_075564425.1,22.883,555,375,14,311,846,252,772,3.48e-31,135
sp|Q30W70|CUTC_OLEA2,WP_118777223.1,22.883,555,375,14,311,846,252,772,3.52e-31,135
sp|Q30W70|CUTC_OLEA2,YP_002414257.1,24.618,589,370,20,280,842,220,760,3.57e-31,135
sp|Q30W70|CUTC_OLEA2,WP_088388641.1,22.560,625,403,19,233,842,181,739,3.57e-31,135
sp|Q30W70|CUTC_OLEA2,WP_000861740.1,24.618,589,370,20,280,842,220,760,3.70e-31,135
sp|Q30W70|CUTC_OLEA2,WP_118813490.1,22.883,555,375,14,311,846,252,772,3.74e-31,135
sp|Q30W70|CUTC_OLEA2,WP_118789940.1,22.396,576,394,14,290,846,231,772,3.74e-31,135
sp|Q30W70|CUTC_OLEA2,WP_147557047.1,24.037,545,357,14,315,846,237,737,3.81e-31,135
sp|Q30W70|CUTC_OLEA2,WP_118800978.1,22.883,555,375,14,311,846,252,772,3.84e-31,135
sp|Q30W70|CUTC_OLEA2,WP_111695985.1,22.883,555,375,14,311,846,252,772,3.84e-31,135
sp|Q30W70|CUTC_OLEA2,WP_080950153.1,22.883,555,375,14,311,846,252,772,3.87e-31,135
sp|Q30W70|CUTC_OLEA2,WP_118788950.1,22.883,555,375,14,311,846,252,772,4.05e-31,135
sp|Q30W70|CUTC_OLEA2,WP_114891477.1,22.883,555,375,14,311,846,252,772,4.08e-31,135
sp|Q30W70|CUTC_OLEA2,WP_005639776.1,22.883,555,375,14,311,846,252,772,4.15e-31,135
sp|Q30W70|CUTC_OLEA2,WP_080950797.1,22.883,555,375,14,311,846,252,772,4.23e-31,135
sp|Q30W70|CUTC_OLEA2,WP_005636453.1,22.883,555,375,14,311,846,250,770,4.27e-31,135
sp|Q30W70|CUTC_OLEA2,WP_061101638.1,23.333,540,372,12,311,845,238,740,4.57e-31,135
sp|Q30W70|CUTC_OLEA2,WP_118803116.1,22.883,555,375,14,311,846,252,772,4.70e-31,135
sp|Q30W70|CUTC_OLEA2,WP_118855531.1,22.883,555,375,14,311,846,252,772,5.31e-31,135
sp|Q30W70|CUTC_OLEA2,WP_118858888.1,22.883,555,375,14,311,846,252,772,5.31e-31,135
sp|Q30W70|CUTC_OLEA2,WP_111407149.1,22.883,555,375,14,311,846,252,772,5.60e-31,135
sp|Q30W70|CUTC_OLEA2,WP_080565569.1,22.883,555,375,14,311,846,252,772,5.60e-31,135
sp|Q30W70|CUTC_OLEA2,WP_098703149.1,22.648,627,400,20,233,842,181,739,5.65e-31,135
sp|Q30W70|CUTC_OLEA2,WP_007393075.1,23.936,564,375,16,290,842,226,746,5.65e-31,135
sp|Q30W70|CUTC_OLEA2,WP_118791585.1,22.883,555,375,14,311,846,252,772,5.75e-31,135
sp|Q30W70|CUTC_OLEA2,WP_080948081.1,22.883,555,375,14,311,846,252,772,5.80e-31,135
sp|Q30W70|CUTC_OLEA2,WP_118843432.1,22.883,555,375,14,311,846,252,772,5.85e-31,135
sp|Q30W70|CUTC_OLEA2,WP_118868270.1,22.883,555,375,14,311,846,252,772,6.01e-31,135
sp|Q30W70|CUTC_OLEA2,WP_083817218.1,22.883,555,375,14,311,846,252,772,6.39e-31,135
sp|Q30W70|CUTC_OLEA2,YP_006121441.1,24.150,588,374,19,280,842,220,760,7.10e-31,135
sp|Q30W70|CUTC_OLEA2,WP_118809030.1,22.883,555,375,14,311,846,252,772,7.42e-31,135
sp|Q30W70|CUTC_OLEA2,WP_081278249.1,22.703,555,376,14,311,846,252,772,8.47e-31,134
sp|Q30W70|CUTC_OLEA2,WP_114908647.1,23.230,551,370,14,311,842,252,768,9.08e-31,134
sp|Q30W70|CUTC_OLEA2,WP_075712749.1,23.582,564,370,13,294,842,222,739,9.26e-31,134
sp|Q30W70|CUTC_OLEA2,WP_000861730.1,24.618,589,370,20,280,842,220,760,9.65e-31,134
sp|Q30W70|CUTC_OLEA2,WP_008767243.1,24.065,615,378,18,256,842,159,712,1.02e-30,134
sp|Q30W70|CUTC_OLEA2,WP_005899485.1,22.400,625,404,19,233,842,181,739,1.14e-30,134
sp|Q30W70|CUTC_OLEA2,WP_005895805.1,22.400,625,404,19,233,842,181,739,1.14e-30,134
sp|Q30W70|CUTC_OLEA2,WP_060496354.1,22.400,625,404,19,233,842,181,739,1.44e-30,134
sp|Q30W70|CUTC_OLEA2,WP_002843988.1,23.148,540,373,12,311,845,238,740,1.53e-30,134
sp|Q30W70|CUTC_OLEA2,WP_005891555.1,22.720,625,402,19,233,842,181,739,1.61e-30,133
sp|Q30W70|CUTC_OLEA2,WP_008796912.1,22.720,625,402,19,233,842,181,739,1.66e-30,133
sp|Q30W70|CUTC_OLEA2,WP_019595655.1,23.148,540,373,12,311,845,238,740,1.69e-30,133
sp|Q30W70|CUTC_OLEA2,WP_023037997.1,23.105,541,361,16,315,842,241,739,2.46e-30,133
sp|Q30W70|CUTC_OLEA2,WP_021907726.1,25.184,544,352,18,311,841,38,539,2.81e-30,131
sp|Q30W70|CUTC_OLEA2,WP_118811524.1,22.868,551,372,14,311,842,252,768,3.45e-30,132
sp|Q30W70|CUTC_OLEA2,WP_029759125.1,23.845,541,357,16,315,842,241,739,4.72e-30,132
sp|Q30W70|CUTC_OLEA2,WP_005903513.1,22.329,627,402,19,233,842,181,739,4.85e-30,132
sp|Q30W70|CUTC_OLEA2,WP_008693851.1,22.400,625,404,19,233,842,181,739,5.02e-30,132
sp|Q30W70|CUTC_OLEA2,WP_005904780.1,22.400,625,404,19,233,842,170,728,5.08e-30,132
sp|Q30W70|CUTC_OLEA2,WP_009432876.1,24.000,575,376,16,285,842,209,739,5.80e-30,132
sp|Q30W70|CUTC_OLEA2,WP_150153098.1,22.329,627,402,19,233,842,181,739,5.89e-30,132
sp|Q30W70|CUTC_OLEA2,WP_023039978.1,22.400,625,404,19,233,842,181,739,6.37e-30,132
sp|Q30W70|CUTC_OLEA2,YP_002411849.1,24.863,547,356,19,311,842,250,756,6.88e-30,131
sp|Q30W70|CUTC_OLEA2,WP_005910934.1,22.400,625,404,19,233,842,181,739,7.27e-30,131
sp|Q30W70|CUTC_OLEA2,WP_001292812.1,24.863,547,356,19,311,842,250,756,7.51e-30,131
sp|Q30W70|CUTC_OLEA2,WP_016361194.1,22.400,625,404,19,233,842,181,739,7.66e-30,131
sp|Q30W70|CUTC_OLEA2,WP_158411432.1,22.400,625,404,19,233,842,181,739,1.16e-29,130
sp|Q30W70|CUTC_OLEA2,WP_017144670.1,26.255,518,320,17,336,840,189,657,1.66e-29,130
sp|Q30W70|CUTC_OLEA2,WP_001292822.1,24.680,547,357,19,311,842,250,756,2.25e-29,130
sp|Q30W70|CUTC_OLEA2,WP_022259342.1,23.477,558,380,14,293,841,226,745,2.76e-29,129
sp|Q30W70|CUTC_OLEA2,WP_044114454.1,23.826,575,377,16,285,842,209,739,2.78e-29,129
sp|Q30W70|CUTC_OLEA2,WP_008795211.1,22.010,627,404,19,233,842,181,739,3.27e-29,129
sp|Q30W70|CUTC_OLEA2,WP_039891948.1,23.478,575,382,19,281,842,217,746,3.44e-29,129
sp|Q30W70|CUTC_OLEA2,WP_129878738.1,24.275,552,354,18,306,842,245,747,3.87e-29,129
sp|Q30W70|CUTC_OLEA2,WP_087282125.1,23.377,539,361,12,315,842,246,743,5.56e-29,129
sp|Q30W70|CUTC_OLEA2,WP_148487244.1,24.457,552,353,18,306,842,245,747,5.74e-29,129
sp|Q30W70|CUTC_OLEA2,WP_021973108.1,24.132,547,354,16,311,842,240,740,6.92e-29,128
sp|Q30W70|CUTC_OLEA2,WP_094230450.1,24.678,543,369,17,312,846,247,757,1.12e-28,128
sp|Q30W70|CUTC_OLEA2,WP_094225163.1,24.494,543,370,17,312,846,247,757,1.18e-28,127
sp|Q30W70|CUTC_OLEA2,WP_053961563.1,23.704,540,369,11,312,845,250,752,1.23e-28,127
sp|Q30W70|CUTC_OLEA2,WP_002835760.1,24.678,543,369,17,312,846,247,757,1.37e-28,127
sp|Q30W70|CUTC_OLEA2,WP_002841100.1,24.494,543,370,17,312,846,247,757,1.39e-28,127
sp|Q30W70|CUTC_OLEA2,WP_110058533.1,24.494,543,370,17,312,846,247,757,1.50e-28,127
sp|Q30W70|CUTC_OLEA2,WP_021666646.1,23.304,575,380,16,285,842,208,738,1.60e-28,127
sp|Q30W70|CUTC_OLEA2,WP_094207708.1,24.678,543,369,17,312,846,247,757,1.61e-28,127
sp|Q30W70|CUTC_OLEA2,WP_022098343.1,23.432,542,360,16,315,842,248,748,1.65e-28,127
sp|Q30W70|CUTC_OLEA2,WP_117913854.1,23.432,542,360,16,315,842,248,748,1.69e-28,127
sp|Q30W70|CUTC_OLEA2,WP_000861739.1,24.167,600,370,21,280,842,220,771,1.70e-28,127
sp|Q30W70|CUTC_OLEA2,WP_117615519.1,24.304,539,356,16,315,842,241,738,2.13e-28,127
sp|Q30W70|CUTC_OLEA2,WP_060790471.1,24.816,544,367,18,312,846,247,757,2.56e-28,127
sp|Q30W70|CUTC_OLEA2,WP_094203014.1,24.954,549,360,15,312,846,247,757,2.65e-28,126
sp|Q30W70|CUTC_OLEA2,WP_022219639.1,23.256,602,392,18,273,842,175,738,2.65e-28,126
sp|Q30W70|CUTC_OLEA2,WP_094204411.1,24.494,543,370,17,312,846,247,757,2.89e-28,126
sp|Q30W70|CUTC_OLEA2,WP_070752169.1,24.304,539,356,16,315,842,241,738,3.25e-28,126
sp|Q30W70|CUTC_OLEA2,WP_154273882.1,25.273,550,357,16,312,846,247,757,3.33e-28,126
sp|Q30W70|CUTC_OLEA2,WP_055269936.1,24.304,539,356,16,315,842,241,738,3.39e-28,126
sp|Q30W70|CUTC_OLEA2,WP_094210463.1,24.494,543,370,17,312,846,247,757,5.11e-28,125
sp|Q30W70|CUTC_OLEA2,WP_010537421.1,24.119,539,357,16,315,842,241,738,5.40e-28,125
sp|Q30W70|CUTC_OLEA2,WP_115715467.1,24.472,568,383,16,281,841,218,746,6.56e-28,125
sp|Q30W70|CUTC_OLEA2,WP_118276933.1,24.472,568,383,16,281,841,218,746,9.07e-28,125
sp|Q30W70|CUTC_OLEA2,WP_094223912.1,24.632,544,368,18,312,846,247,757,9.42e-28,125
sp|Q30W70|CUTC_OLEA2,WP_002840025.1,24.772,549,361,15,312,846,247,757,1.24e-27,124
sp|Q30W70|CUTC_OLEA2,WP_012291136.1,24.772,549,361,15,312,846,247,757,1.31e-27,124
sp|Q30W70|CUTC_OLEA2,WP_094226031.1,24.772,549,361,15,312,846,247,757,1.34e-27,124
sp|Q30W70|CUTC_OLEA2,WP_005429676.1,23.191,539,367,14,312,841,243,743,1.39e-27,124
sp|Q30W70|CUTC_OLEA2,WP_016474769.1,23.191,539,367,14,312,841,243,743,1.40e-27,124
sp|Q30W70|CUTC_OLEA2,WP_035111425.1,24.772,549,361,15,312,846,247,757,1.58e-27,124
sp|Q30W70|CUTC_OLEA2,WP_113854781.1,23.191,539,367,14,312,841,243,743,1.72e-27,124
sp|Q30W70|CUTC_OLEA2,WP_002838039.1,24.772,549,361,15,312,846,247,757,1.74e-27,124
sp|Q30W70|CUTC_OLEA2,WP_118323230.1,24.067,536,361,15,315,842,241,738,1.92e-27,124
sp|Q30W70|CUTC_OLEA2,WP_102164117.1,24.632,544,368,18,312,846,247,757,2.09e-27,124
sp|Q30W70|CUTC_OLEA2,WP_016268114.1,23.933,539,358,16,315,842,241,738,2.17e-27,124
sp|Q30W70|CUTC_OLEA2,WP_022505830.1,23.897,544,359,15,311,841,244,745,2.25e-27,124
sp|Q30W70|CUTC_OLEA2,WP_129655161.1,23.933,539,358,16,315,842,241,738,2.25e-27,124
sp|Q30W70|CUTC_OLEA2,WP_117955407.1,23.529,544,370,15,307,842,233,738,3.22e-27,123
sp|Q30W70|CUTC_OLEA2,WP_113748636.1,22.778,540,363,15,315,842,241,738,4.08e-27,123
sp|Q30W70|CUTC_OLEA2,WP_060385083.1,23.529,544,370,15,307,842,233,738,4.54e-27,122
sp|Q30W70|CUTC_OLEA2,WP_005651768.1,23.529,544,370,15,307,842,233,738,4.58e-27,122
sp|Q30W70|CUTC_OLEA2,WP_151878144.1,23.529,544,370,15,307,842,233,738,5.04e-27,122
sp|Q30W70|CUTC_OLEA2,WP_008766750.1,24.349,538,357,17,315,842,241,738,5.90e-27,122
sp|Q30W70|CUTC_OLEA2,WP_094206355.1,24.125,543,372,17,312,846,247,757,6.56e-27,122
sp|Q30W70|CUTC_OLEA2,WP_021956164.1,23.303,545,361,17,311,841,244,745,7.13e-27,122
sp|Q30W70|CUTC_OLEA2,WP_033127075.1,23.117,571,387,17,281,841,30,558,9.35e-27,120
sp|Q30W70|CUTC_OLEA2,WP_087314205.1,22.804,535,369,11,315,842,246,743,1.18e-26,121
sp|Q30W70|CUTC_OLEA2,WP_004294843.1,23.881,536,362,15,315,842,241,738,1.27e-26,121
sp|Q30W70|CUTC_OLEA2,WP_022235314.1,22.551,541,368,14,312,841,243,743,1.43e-26,121
sp|Q30W70|CUTC_OLEA2,WP_117705512.1,22.305,538,373,13,312,841,243,743,1.77e-26,120
sp|Q30W70|CUTC_OLEA2,WP_118116187.1,23.063,542,364,15,312,841,240,740,1.87e-26,120
sp|Q30W70|CUTC_OLEA2,WP_008689521.1,23.562,539,367,15,311,841,245,746,2.02e-26,120
sp|Q30W70|CUTC_OLEA2,WP_117571081.1,23.420,538,367,15,312,841,240,740,4.44e-26,119
sp|Q30W70|CUTC_OLEA2,WP_039427486.1,22.527,546,358,13,315,842,241,739,5.01e-26,119
sp|Q30W70|CUTC_OLEA2,WP_117926409.1,23.420,538,367,15,312,841,240,740,5.57e-26,119
sp|Q30W70|CUTC_OLEA2,WP_072536331.1,23.464,537,369,16,315,842,241,744,6.63e-26,119
sp|Q30W70|CUTC_OLEA2,WP_117996140.1,23.234,538,368,15,312,841,240,740,6.87e-26,119
sp|Q30W70|CUTC_OLEA2,WP_097656902.1,22.460,561,378,15,294,840,225,742,1.11e-25,118
sp|Q30W70|CUTC_OLEA2,WP_022472526.1,23.007,552,363,16,305,841,239,743,1.19e-25,118
sp|Q30W70|CUTC_OLEA2,WP_028257675.1,23.191,539,369,15,312,842,245,746,1.28e-25,118
sp|Q30W70|CUTC_OLEA2,WP_003839712.1,24.593,553,366,16,315,845,264,787,1.33e-25,118
sp|Q30W70|CUTC_OLEA2,WP_061868870.1,22.438,566,381,16,294,845,225,746,2.29e-25,117
sp|Q30W70|CUTC_OLEA2,WP_100020228.1,23.145,566,374,17,294,845,228,746,2.52e-25,117
sp|Q30W70|CUTC_OLEA2,WP_099984528.1,22.438,566,381,16,294,845,225,746,3.19e-25,117
sp|Q30W70|CUTC_OLEA2,WP_100021803.1,23.145,566,374,17,294,845,228,746,3.33e-25,117
sp|Q30W70|CUTC_OLEA2,WP_099977338.1,23.145,566,374,17,294,845,228,746,3.48e-25,117
sp|Q30W70|CUTC_OLEA2,WP_100356215.1,22.438,566,381,16,294,845,225,746,3.48e-25,117
sp|Q30W70|CUTC_OLEA2,tr|S4GXN7|S4GXN7_GARVA,24.275,552,369,15,315,845,264,787,3.87e-25,117
sp|Q30W70|CUTC_OLEA2,WP_099836854.1,23.145,566,374,17,294,845,228,746,3.90e-25,116
sp|Q30W70|CUTC_OLEA2,WP_028905732.1,23.145,566,374,17,294,845,228,746,3.90e-25,116
sp|Q30W70|CUTC_OLEA2,WP_088439687.1,23.145,566,374,17,294,845,228,746,3.93e-25,116
sp|Q30W70|CUTC_OLEA2,WP_124139574.1,22.282,561,379,15,294,840,225,742,4.03e-25,116
sp|Q30W70|CUTC_OLEA2,WP_100014742.1,23.145,566,374,17,294,845,228,746,4.07e-25,116
sp|Q30W70|CUTC_OLEA2,WP_014708607.1,22.438,566,381,16,294,845,225,746,4.21e-25,116
sp|Q30W70|CUTC_OLEA2,WP_097648559.1,23.145,566,374,17,294,845,228,746,4.33e-25,116
sp|Q30W70|CUTC_OLEA2,WP_100328467.1,23.145,566,374,17,294,845,228,746,4.56e-25,116
sp|Q30W70|CUTC_OLEA2,WP_045168267.1,23.145,566,374,17,294,845,228,746,4.68e-25,116
sp|Q30W70|CUTC_OLEA2,WP_044189353.1,22.785,553,370,15,302,842,231,738,5.00e-25,116
sp|Q30W70|CUTC_OLEA2,tr|S4GYB1|S4GYB1_GARVA,24.638,552,367,16,315,845,264,787,5.39e-25,116
sp|Q30W70|CUTC_OLEA2,tr|S4HSZ9|S4HSZ9_GARVA,24.457,552,368,15,315,845,264,787,5.39e-25,116
sp|Q30W70|CUTC_OLEA2,WP_096407961.1,22.261,566,382,16,294,845,225,746,5.82e-25,116
sp|Q30W70|CUTC_OLEA2,WP_099892711.1,22.968,566,375,17,294,845,228,746,6.08e-25,116
sp|Q30W70|CUTC_OLEA2,WP_100022631.1,22.103,561,380,15,294,840,225,742,6.18e-25,116
sp|Q30W70|CUTC_OLEA2,tr|T2PL53|T2PL53_GARVA,24.231,553,368,16,315,845,264,787,6.69e-25,116
sp|Q30W70|CUTC_OLEA2,tr|S4HQ26|S4HQ26_GARVA,24.457,552,368,15,315,845,264,787,7.11e-25,115
sp|Q30W70|CUTC_OLEA2,WP_004132136.1,24.231,553,368,16,315,845,264,787,7.24e-25,115
sp|Q30W70|CUTC_OLEA2,WP_116689481.1,24.051,553,369,15,315,845,264,787,7.62e-25,115
sp|Q30W70|CUTC_OLEA2,WP_016637029.1,24.188,554,367,16,315,845,264,787,9.31e-25,115
sp|Q30W70|CUTC_OLEA2,WP_060786406.1,24.412,553,367,16,315,845,264,787,9.56e-25,115
sp|Q30W70|CUTC_OLEA2,WP_115794214.1,24.412,553,367,16,315,845,264,787,1.01e-24,115
sp|Q30W70|CUTC_OLEA2,WP_102704663.1,24.412,553,367,16,315,845,264,787,1.17e-24,115
sp|Q30W70|CUTC_OLEA2,WP_004828295.1,23.482,626,412,18,232,842,174,747,1.34e-24,115
sp|Q30W70|CUTC_OLEA2,WP_100371268.1,22.261,566,382,16,294,845,225,746,1.34e-24,115
sp|Q30W70|CUTC_OLEA2,WP_101896555.1,24.275,552,369,15,315,845,264,787,1.44e-24,115
sp|Q30W70|CUTC_OLEA2,WP_115761631.1,24.275,552,369,15,315,845,264,787,1.51e-24,115
sp|Q30W70|CUTC_OLEA2,WP_004106337.1,24.007,554,368,16,315,845,264,787,1.55e-24,115
sp|Q30W70|CUTC_OLEA2,WP_004108690.1,24.007,554,368,16,315,845,264,787,1.60e-24,115
sp|Q30W70|CUTC_OLEA2,WP_102720658.1,24.687,559,358,18,315,845,264,787,1.61e-24,115
sp|Q30W70|CUTC_OLEA2,tr|S4GG47|S4GG47_GARVA,24.275,552,369,15,315,845,264,787,1.67e-24,114
sp|Q30W70|CUTC_OLEA2,tr|I4M826|I4M826_GARVA,24.007,554,368,16,315,845,264,787,1.68e-24,114
sp|Q30W70|CUTC_OLEA2,tr|S4GVK0|S4GVK0_GARVA,24.275,552,369,15,315,845,264,787,1.79e-24,114
sp|Q30W70|CUTC_OLEA2,WP_100190277.1,22.968,566,375,17,294,845,228,746,1.84e-24,114
sp|Q30W70|CUTC_OLEA2,tr|I4M2Z8|I4M2Z8_GARVA,24.412,553,367,17,315,845,264,787,1.88e-24,114
sp|Q30W70|CUTC_OLEA2,WP_019261066.1,24.412,553,367,17,315,845,264,787,2.16e-24,114
sp|Q30W70|CUTC_OLEA2,WP_097549595.1,22.792,566,376,17,294,845,228,746,2.26e-24,114
sp|Q30W70|CUTC_OLEA2,WP_103084159.1,24.007,554,368,16,315,845,264,787,2.42e-24,114
sp|Q30W70|CUTC_OLEA2,WP_115757636.1,24.593,553,366,17,315,845,264,787,2.51e-24,114
sp|Q30W70|CUTC_OLEA2,WP_006626667.1,22.222,540,367,14,315,842,248,746,2.68e-24,114
sp|Q30W70|CUTC_OLEA2,WP_139688836.1,22.794,544,363,16,312,841,243,743,2.81e-24,114
sp|Q30W70|CUTC_OLEA2,WP_004137380.1,24.231,553,368,17,315,845,264,787,3.25e-24,114
sp|Q30W70|CUTC_OLEA2,WP_102694692.1,24.324,555,365,17,315,845,264,787,3.37e-24,114
sp|Q30W70|CUTC_OLEA2,tr|S4H1R2|S4H1R2_GARVA,24.329,559,360,17,315,845,204,727,3.38e-24,113
sp|Q30W70|CUTC_OLEA2,WP_019261531.1,24.508,559,359,18,315,845,264,787,4.07e-24,113
sp|Q30W70|CUTC_OLEA2,WP_116438349.1,24.508,559,359,18,315,845,264,787,4.44e-24,113
sp|Q30W70|CUTC_OLEA2,tr|I4LT64|I4LT64_GARVA,24.508,559,359,18,315,845,264,787,4.48e-24,113
sp|Q30W70|CUTC_OLEA2,tr|S4GRM9|S4GRM9_GARVA,24.508,559,359,18,315,845,264,787,4.72e-24,113
sp|Q30W70|CUTC_OLEA2,WP_119675574.1,24.329,559,360,17,315,845,260,783,4.98e-24,113
sp|Q30W70|CUTC_OLEA2,WP_004112605.1,24.508,559,359,18,315,845,264,787,5.10e-24,113
sp|Q30W70|CUTC_OLEA2,WP_076002910.1,23.827,554,369,16,315,845,264,787,5.42e-24,113
sp|Q30W70|CUTC_OLEA2,WP_036847465.1,23.551,535,365,14,315,842,237,734,5.93e-24,112
sp|Q30W70|CUTC_OLEA2,LCVA_215,22.399,567,379,15,294,841,224,748,9.64e-24,112
sp|Q30W70|CUTC_OLEA2,WP_116437181.1,24.150,559,361,17,315,845,264,787,1.98e-23,111
sp|Q30W70|CUTC_OLEA2,WP_022249272.1,21.399,486,335,11,290,768,217,662,2.43e-23,110
sp|Q30W70|CUTC_OLEA2,WP_036878938.1,22.679,754,460,26,143,842,55,739,2.50e-23,110
sp|Q30W70|CUTC_OLEA2,WP_004357640.1,21.925,561,381,15,294,840,225,742,2.72e-23,110
sp|Q30W70|CUTC_OLEA2,WP_075523368.1,23.614,559,364,16,315,845,264,787,2.89e-23,110
sp|Q30W70|CUTC_OLEA2,WP_050638898.1,23.801,542,354,15,315,841,248,745,3.91e-23,110
sp|Q30W70|CUTC_OLEA2,WP_055154960.1,23.616,542,355,15,315,841,248,745,1.02e-22,108
sp|Q30W70|CUTC_OLEA2,WP_021911817.1,23.466,554,358,19,311,841,244,754,1.49e-22,108
sp|Q30W70|CUTC_OLEA2,WP_012993408.1,24.220,545,356,18,315,842,242,746,1.53e-22,108
sp|Q30W70|CUTC_OLEA2,WP_021983178.1,32.787,244,145,7,603,841,183,412,1.75e-22,105
sp|Q30W70|CUTC_OLEA2,WP_022088682.1,21.548,478,333,12,294,768,224,662,3.93e-22,107
sp|Q30W70|CUTC_OLEA2,WP_315572781.1,22.114,511,342,12,261,768,205,662,8.20e-22,105
sp|Q30W70|CUTC_OLEA2,WP_006304175.1,21.739,483,328,14,293,768,223,662,9.61e-22,105
sp|Q30W70|CUTC_OLEA2,WP_117999406.1,21.967,478,331,12,294,768,224,662,1.39e-21,105
sp|Q30W70|CUTC_OLEA2,WP_061103024.1,21.767,464,316,13,312,768,239,662,1.77e-21,105
sp|Q30W70|CUTC_OLEA2,WP_006302127.1,21.552,464,317,13,312,768,239,662,2.32e-21,104
sp|Q30W70|CUTC_OLEA2,WP_066129749.1,23.708,561,377,16,294,846,229,746,2.59e-21,104
sp|Q30W70|CUTC_OLEA2,WP_022166282.1,21.757,478,332,12,294,768,224,662,3.56e-21,103
sp|Q30W70|CUTC_OLEA2,WP_048597044.1,21.767,464,316,13,312,768,239,662,3.61e-21,103
sp|Q30W70|CUTC_OLEA2,WP_315570477.1,22.746,488,325,14,293,772,223,666,7.72e-21,102
sp|Q30W70|CUTC_OLEA2,WP_002562876.1,20.710,507,351,13,290,789,217,679,1.22e-20,102
sp|Q30W70|CUTC_OLEA2,WP_060914120.1,21.390,561,401,13,290,846,221,745,2.08e-19,98.6
sp|Q30W70|CUTC_OLEA2,WP_117653193.1,21.747,561,382,15,294,840,225,742,2.20e-19,98.6
sp|Q30W70|CUTC_OLEA2,WP_003144656.1,21.390,561,401,13,290,846,221,745,2.54e-19,98.2
sp|Q30W70|CUTC_OLEA2,WP_021668700.1,21.724,557,387,14,294,840,225,742,4.36e-19,97.4
sp|Q30W70|CUTC_OLEA2,WP_036882639.1,21.724,557,387,14,294,840,225,742,4.59e-19,97.4
sp|Q30W70|CUTC_OLEA2,WP_118589255.1,20.988,486,326,12,294,768,224,662,8.64e-19,96.3
sp|Q30W70|CUTC_OLEA2,WP_041953311.1,32.218,239,142,7,610,842,520,744,9.56e-19,96.3
sp|Q30W70|CUTC_OLEA2,WP_041953311.1,26.950,141,98,2,285,425,216,351,1.27e-04,50.8
sp|Q30W70|CUTC_OLEA2,WP_033126229.1,20.954,482,342,13,290,768,223,668,1.11e-18,95.9
sp|Q30W70|CUTC_OLEA2,WP_021952198.1,20.988,486,326,12,294,768,224,662,1.16e-18,95.9
sp|Q30W70|CUTC_OLEA2,WP_004831937.1,31.799,239,143,7,610,842,520,744,1.47e-18,95.9
sp|Q30W70|CUTC_OLEA2,WP_004831937.1,26.950,141,98,2,285,425,216,351,1.26e-04,50.8
sp|Q30W70|CUTC_OLEA2,WP_118058359.1,31.799,239,143,7,610,842,520,744,1.50e-18,95.9
sp|Q30W70|CUTC_OLEA2,WP_118058359.1,26.950,141,98,2,285,425,216,351,1.56e-04,50.4
sp|Q30W70|CUTC_OLEA2,WP_029950159.1,31.799,239,143,7,610,842,520,744,1.50e-18,95.9
sp|Q30W70|CUTC_OLEA2,WP_029950159.1,26.950,141,98,2,285,425,216,351,1.30e-04,50.8
sp|Q30W70|CUTC_OLEA2,WP_150263828.1,31.381,239,144,7,610,842,520,744,2.94e-18,94.7
sp|Q30W70|CUTC_OLEA2,WP_150263828.1,26.950,141,98,2,285,425,216,351,1.64e-04,50.4
sp|Q30W70|CUTC_OLEA2,WP_003146953.1,21.390,561,401,13,290,846,221,745,3.06e-18,94.7
sp|Q30W70|CUTC_OLEA2,tr|U6S989|U6S989_GARVA,32.669,251,155,7,606,845,24,271,3.11e-18,90.5
sp|Q30W70|CUTC_OLEA2,WP_116438033.1,29.063,320,190,10,542,845,74,372,3.98e-18,92.0
sp|Q30W70|CUTC_OLEA2,WP_058236996.1,23.241,469,303,15,312,767,251,675,4.91e-18,94.0
sp|Q30W70|CUTC_OLEA2,WP_116440031.1,29.063,320,190,10,542,845,148,446,5.64e-18,92.4
sp|Q30W70|CUTC_OLEA2,WP_092648687.1,23.241,469,303,15,312,767,251,675,5.74e-18,93.6
sp|Q30W70|CUTC_OLEA2,RFT24991.1,29.193,322,187,11,542,845,42,340,6.00e-18,90.9
sp|Q30W70|CUTC_OLEA2,WP_118353410.1,20.788,457,323,11,315,768,243,663,2.52e-16,88.6
sp|Q30W70|CUTC_OLEA2,WP_005376664.1,20.788,457,323,11,315,768,243,663,2.52e-16,88.6
sp|Q30W70|CUTC_OLEA2,WP_005381464.1,20.788,457,323,11,315,768,243,663,2.58e-16,88.6
sp|Q30W70|CUTC_OLEA2,WP_016476106.1,20.788,457,323,11,315,768,243,663,2.58e-16,88.6
sp|Q30W70|CUTC_OLEA2,WP_005384415.1,20.788,457,323,11,315,768,243,663,2.72e-16,88.6
sp|Q30W70|CUTC_OLEA2,WP_156930896.1,20.788,457,323,11,315,768,243,663,3.02e-16,88.2
sp|Q30W70|CUTC_OLEA2,WP_060807690.1,20.788,457,323,11,315,768,243,663,3.20e-16,88.2
sp|Q30W70|CUTC_OLEA2,WP_050642264.1,48.571,70,36,0,772,841,8,77,5.32e-14,72.4
sp|Q30W70|CUTC_OLEA2,WP_315570479.1,49.275,69,35,0,774,842,5,73,2.04e-13,70.5
sp|Q30W70|CUTC_OLEA2,WP_022166280.1,46.479,71,37,1,775,845,9,78,1.42e-12,68.2
sp|Q30W70|CUTC_OLEA2,WP_066713779.1,46.377,69,37,0,774,842,5,73,2.55e-12,67.4
sp|Q30W70|CUTC_OLEA2,WP_117999408.1,45.070,71,38,1,775,845,9,78,8.24e-12,66.2
sp|Q30W70|CUTC_OLEA2,WP_013188706.1,23.947,451,285,15,315,752,256,661,1.43e-11,73.2
sp|Q30W70|CUTC_OLEA2,WP_004008303.1,23.947,451,285,15,315,752,256,661,1.49e-11,73.2
sp|Q30W70|CUTC_OLEA2,WP_022088680.1,45.070,71,38,1,775,845,9,78,2.12e-11,65.1
sp|Q30W70|CUTC_OLEA2,WP_004010021.1,23.725,451,286,15,315,752,256,661,3.75e-11,72.0
sp|Q30W70|CUTC_OLEA2,WP_033126228.1,43.662,71,40,0,775,845,9,79,6.52e-11,63.5
sp|Q30W70|CUTC_OLEA2,WP_021952200.1,44.776,67,37,0,775,841,9,75,7.40e-11,63.5
sp|Q30W70|CUTC_OLEA2,WP_022249274.1,46.269,67,36,0,775,841,8,74,8.67e-11,63.2
sp|Q30W70|CUTC_OLEA2,WP_117818545.1,27.222,180,124,4,665,842,9,183,1.28e-10,65.9
sp|Q30W70|CUTC_OLEA2,WP_006304114.1,41.667,72,42,0,770,841,4,75,1.34e-10,62.8
sp|Q30W70|CUTC_OLEA2,WP_004013143.1,23.385,449,290,16,315,752,255,660,1.43e-10,70.1
sp|Q30W70|CUTC_OLEA2,WP_005376651.1,46.269,67,36,0,775,841,8,74,1.80e-10,62.4
sp|Q30W70|CUTC_OLEA2,WP_021866668.1,31.061,132,87,2,715,842,3,134,4.32e-10,63.2
sp|Q30W70|CUTC_OLEA2,WP_061103025.1,40.278,72,43,0,770,841,4,75,4.97e-10,61.2
sp|Q30W70|CUTC_OLEA2,WP_006302128.1,40.278,72,43,0,770,841,4,75,5.01e-10,61.2
sp|Q30W70|CUTC_OLEA2,WP_048597045.1,40.278,72,43,0,770,841,4,75,5.37e-10,60.8
sp|Q30W70|CUTC_OLEA2,WP_013169681.1,23.661,448,282,16,315,748,251,652,7.72e-10,67.8
sp|Q30W70|CUTC_OLEA2,RFT28546.1,35.294,136,74,4,718,845,1,130,2.30e-09,60.8
sp|Q30W70|CUTC_OLEA2,WP_002562875.1,39.437,71,43,0,771,841,8,78,5.66e-09,58.2
sp|Q30W70|CUTC_OLEA2,WP_048706493.1,23.661,448,282,16,315,748,251,652,1.06e-08,63.9
sp|Q30W70|CUTC_OLEA2,RFT40065.1,42.857,84,40,2,770,845,17,100,7.76e-08,55.5
sp|Q30W70|CUTC_OLEA2,RFT40240.1,21.296,432,291,15,315,726,264,666,1.46e-07,60.1
sp|Q30W70|CUTC_OLEA2,WP_111724973.1,47.170,53,28,0,794,846,31,83,1.57e-07,53.9
sp|Q30W70|CUTC_OLEA2,WP_004804705.1,52.083,48,23,0,794,841,31,78,1.80e-07,53.9
sp|Q30W70|CUTC_OLEA2,WP_058236997.1,47.170,53,28,0,793,845,30,82,2.76e-07,53.5
sp|Q30W70|CUTC_OLEA2,WP_004013142.1,51.064,47,23,0,795,841,32,78,6.65e-07,52.4
sp|Q30W70|CUTC_OLEA2,WP_004010020.1,50.000,50,25,0,793,842,30,79,1.72e-06,51.2
sp|Q30W70|CUTC_OLEA2,WP_004008302.1,50.000,50,25,0,793,842,30,79,1.73e-06,51.2
sp|Q30W70|CUTC_OLEA2,WP_000627806.1,40.678,59,35,0,788,846,69,127,6.64e-06,50.8
sp|Q30W70|CUTC_OLEA2,WP_000627807.1,40.678,59,35,0,788,846,69,127,9.97e-06,50.4
sp|Q30W70|CUTC_OLEA2,YP_002413603.1,40.678,59,35,0,788,846,69,127,1.12e-05,50.1
sp|Q30W70|CUTC_OLEA2,WP_000627805.1,40.678,59,35,0,788,846,69,127,1.13e-05,50.1
sp|Q30W70|CUTC_OLEA2,WP_117818543.1,23.810,189,118,5,239,425,380,544,1.22e-05,53.9
sp|Q30W70|CUTC_OLEA2,WP_000246707.1,20.377,584,375,21,294,842,230,758,5.50e-05,52.0
sp|Q30W70|CUTC_OLEA2,WP_000246708.1,20.377,584,375,21,294,842,230,758,6.81e-05,51.6
sp|Q30W70|CUTC_OLEA2,WP_000246712.1,20.377,584,375,21,294,842,230,758,7.04e-05,51.6
sp|Q30W70|CUTC_OLEA2,RFT31800.1,55.000,40,18,0,800,839,2,41,1.09e-04,44.7
sp|Q30W70|CUTC_OLEA2,WP_038405879.1,20.377,584,375,21,294,842,230,758,1.23e-04,50.8
sp|Q30W70|CUTC_OLEA2,RFT28547.1,21.751,377,247,14,315,672,264,611,1.58e-04,50.4
sp|Q30W70|CUTC_OLEA2,WP_005628746.1,35.593,59,38,0,788,846,69,127,0.001,43.9
sp|Q30W70|CUTC_OLEA2,WP_118795651.1,35.593,59,38,0,788,846,69,127,0.002,43.9
sp|Q30W70|CUTC_OLEA2,WP_117818544.1,33.333,72,46,1,576,647,135,204,0.003,45.1
sp|Q30W70|CUTC_OLEA2,PZP11043.1,20.249,321,217,10,315,623,264,557,0.006,45.4
sp|Q30W70|CUTC_OLEA2,RFT30935.1,19.938,321,218,10,315,623,264,557,0.011,44.3
sp|Q30W70|CUTC_OLEA2,tr|U6S896|U6S896_GARVA,19.689,193,136,5,315,501,264,443,0.13,40.8
sp|Q30W70|CUTC_OLEA2,WP_049513782.1,18.557,582,374,21,301,842,239,760,0.23,40.0
sp|Q30W70|CUTC_OLEA2,WP_106388280.1,18.385,582,375,21,301,842,239,760,0.31,39.7
sp|Q30W70|CUTC_OLEA2,WP_002888223.1,18.589,581,375,22,301,842,238,759,1.8,37.4
sp|Q30W70|CUTC_OLEA2,WP_008535460.1,18.589,581,375,22,301,842,238,759,2.7,36.6
sp|Q30W70|CUTC_OLEA2,WP_148428756.1,31.884,69,45,2,219,287,76,142,3.9,35.0
sp|Q30W70|CUTC_OLEA2,WP_144227916.1,30.380,79,52,1,4,82,182,257,7.0,34.7
