sp|Q934F5|FDHA_MEGGA,WP_081637750.1,59.863,1019,390,7,1,1011,1,1008,0.0,1266
sp|Q934F5|FDHA_MEGGA,WP_081847476.1,59.764,1019,391,7,1,1011,1,1008,0.0,1264
sp|Q934F5|FDHA_MEGGA,WP_148399558.1,55.196,1020,441,9,1,1011,1,1013,0.0,1131
sp|Q934F5|FDHA_MEGGA,YP_002412465.1,43.575,1035,541,18,1,1012,1,1015,0.0,863
sp|Q934F5|FDHA_MEGGA,YP_002407733.1,43.575,1035,541,18,1,1012,1,1015,0.0,862
sp|Q934F5|FDHA_MEGGA,NP_415991.1,43.382,1035,543,18,1,1012,1,1015,0.0,861
sp|Q934F5|FDHA_MEGGA,WP_012817776.1,43.382,1035,543,18,1,1012,1,1015,0.0,860
sp|Q934F5|FDHA_MEGGA,WP_077697106.1,43.478,1035,542,18,1,1012,1,1015,0.0,860
sp|Q934F5|FDHA_MEGGA,NP_310105.1,43.382,1035,543,18,1,1012,1,1015,0.0,860
sp|Q934F5|FDHA_MEGGA,WP_143182663.1,43.382,1035,543,18,1,1012,1,1015,0.0,859
sp|Q934F5|FDHA_MEGGA,WP_077626401.1,43.478,1035,542,18,1,1012,1,1015,0.0,858
sp|Q934F5|FDHA_MEGGA,WP_077698162.1,43.285,1035,544,18,1,1012,1,1015,0.0,858
sp|Q934F5|FDHA_MEGGA,WP_118274569.1,43.511,1071,505,22,1,1009,1,1033,0.0,837
sp|Q934F5|FDHA_MEGGA,WP_077626213.1,41.892,1036,556,18,1,1011,1,1015,0.0,816
sp|Q934F5|FDHA_MEGGA,WP_089158675.1,41.795,1036,557,18,1,1011,1,1015,0.0,816
sp|Q934F5|FDHA_MEGGA,WP_077697102.1,41.892,1036,556,18,1,1011,1,1015,0.0,816
sp|Q934F5|FDHA_MEGGA,NP_312847.1,41.892,1036,556,18,1,1011,1,1015,0.0,816
sp|Q934F5|FDHA_MEGGA,NP_418330.1,41.892,1036,556,18,1,1011,1,1015,0.0,816
sp|Q934F5|FDHA_MEGGA,WP_011310337.1,41.892,1036,556,18,1,1011,1,1015,0.0,816
sp|Q934F5|FDHA_MEGGA,WP_077884234.1,41.892,1036,556,18,1,1011,1,1015,0.0,815
sp|Q934F5|FDHA_MEGGA,YP_002415042.1,41.795,1036,557,18,1,1011,1,1015,0.0,815
sp|Q934F5|FDHA_MEGGA,WP_149026280.1,41.795,1036,557,18,1,1011,1,1015,0.0,815
sp|Q934F5|FDHA_MEGGA,WP_139687722.1,42.110,1071,525,23,1,1012,1,1035,0.0,808
sp|Q934F5|FDHA_MEGGA,WP_021994872.1,42.365,1074,518,25,1,1012,1,1035,0.0,807
sp|Q934F5|FDHA_MEGGA,WP_016473895.1,42.365,1074,518,25,1,1012,1,1035,0.0,806
sp|Q934F5|FDHA_MEGGA,WP_005430612.1,42.365,1074,518,25,1,1012,1,1035,0.0,806
sp|Q934F5|FDHA_MEGGA,WP_022372559.1,42.563,1069,521,21,1,1012,1,1033,0.0,805
sp|Q934F5|FDHA_MEGGA,WP_000395613.1,41.023,1036,567,18,1,1012,1,1016,0.0,795
sp|Q934F5|FDHA_MEGGA,WP_005435795.1,43.405,1069,513,23,1,1012,1,1034,0.0,791
sp|Q934F5|FDHA_MEGGA,WP_062332269.1,43.405,1069,513,23,1,1012,1,1034,0.0,790
sp|Q934F5|FDHA_MEGGA,WP_141561824.1,40.096,1045,573,15,1,1012,1,1025,0.0,789
sp|Q934F5|FDHA_MEGGA,WP_155759340.1,40.019,1047,571,16,1,1012,1,1025,0.0,788
sp|Q934F5|FDHA_MEGGA,WP_153065051.1,39.924,1047,572,16,1,1012,1,1025,0.0,786
sp|Q934F5|FDHA_MEGGA,WP_151238350.1,39.828,1047,573,16,1,1012,1,1025,0.0,785
sp|Q934F5|FDHA_MEGGA,WP_141562021.1,39.828,1047,573,16,1,1012,1,1025,0.0,783
sp|Q934F5|FDHA_MEGGA,WP_145960443.1,39.828,1047,573,16,1,1012,1,1025,0.0,782
sp|Q934F5|FDHA_MEGGA,WP_155759390.1,39.866,1046,574,18,1,1012,1,1025,0.0,781
sp|Q934F5|FDHA_MEGGA,WP_144265952.1,39.866,1046,574,18,1,1012,1,1025,0.0,779
sp|Q934F5|FDHA_MEGGA,WP_155397216.1,39.426,1045,580,15,1,1012,1,1025,0.0,774
sp|Q934F5|FDHA_MEGGA,WP_155397416.1,40.518,965,532,13,70,1012,4,948,0.0,751
sp|Q934F5|FDHA_MEGGA,WP_022444666.1,42.216,1002,496,21,68,1012,6,981,0.0,738
sp|Q934F5|FDHA_MEGGA,WP_000181584.1,44.336,821,421,15,210,1012,1,803,0.0,697
sp|Q934F5|FDHA_MEGGA,WP_000181649.1,44.336,821,421,15,210,1012,1,803,0.0,696
sp|Q934F5|FDHA_MEGGA,WP_000181622.1,44.336,821,421,15,210,1012,1,803,0.0,696
sp|Q934F5|FDHA_MEGGA,WP_000181666.1,44.214,821,422,15,210,1012,1,803,0.0,696
sp|Q934F5|FDHA_MEGGA,YP_006119819.1,44.336,821,421,15,210,1012,1,803,0.0,695
sp|Q934F5|FDHA_MEGGA,WP_065226895.1,44.186,817,428,14,210,1012,1,803,0.0,691
sp|Q934F5|FDHA_MEGGA,WP_000181523.1,42.545,825,431,17,210,1012,1,804,0.0,647
sp|Q934F5|FDHA_MEGGA,WP_000181531.1,42.545,825,431,17,210,1012,1,804,0.0,646
sp|Q934F5|FDHA_MEGGA,WP_000181529.1,42.545,825,431,17,210,1012,1,804,0.0,646
sp|Q934F5|FDHA_MEGGA,WP_000181537.1,42.545,825,431,17,210,1012,1,804,0.0,646
sp|Q934F5|FDHA_MEGGA,WP_000181536.1,42.545,825,431,17,210,1012,1,804,0.0,645
sp|Q934F5|FDHA_MEGGA,YP_006122231.1,42.424,825,432,17,210,1012,1,804,0.0,645
sp|Q934F5|FDHA_MEGGA,WP_118790240.1,39.733,823,458,12,210,1012,1,805,0.0,630
sp|Q934F5|FDHA_MEGGA,WP_118782145.1,40.000,825,453,13,210,1012,1,805,0.0,629
sp|Q934F5|FDHA_MEGGA,WP_114891699.1,40.413,824,451,15,210,1012,1,805,0.0,629
sp|Q934F5|FDHA_MEGGA,WP_118795660.1,40.413,824,451,15,210,1012,1,805,0.0,628
sp|Q934F5|FDHA_MEGGA,WP_118843222.1,40.000,825,453,13,210,1012,1,805,0.0,628
sp|Q934F5|FDHA_MEGGA,WP_005646423.1,40.000,825,453,13,210,1012,1,805,0.0,628
sp|Q934F5|FDHA_MEGGA,WP_118785010.1,40.291,824,452,15,210,1012,1,805,0.0,628
sp|Q934F5|FDHA_MEGGA,WP_134079887.1,39.879,825,454,13,210,1012,1,805,0.0,627
sp|Q934F5|FDHA_MEGGA,WP_118856010.1,39.879,825,454,13,210,1012,1,805,0.0,627
sp|Q934F5|FDHA_MEGGA,WP_005628715.1,39.879,825,454,13,210,1012,1,805,0.0,627
sp|Q934F5|FDHA_MEGGA,WP_133498201.1,39.879,825,454,13,210,1012,1,805,0.0,626
sp|Q934F5|FDHA_MEGGA,WP_046940036.1,39.879,825,454,13,210,1012,1,805,0.0,626
sp|Q934F5|FDHA_MEGGA,WP_111407478.1,40.413,824,451,15,210,1012,1,805,0.0,626
sp|Q934F5|FDHA_MEGGA,KXB53787.1,42.007,857,426,15,210,1012,1,840,0.0,626
sp|Q934F5|FDHA_MEGGA,WP_118861420.1,40.170,824,453,14,210,1012,1,805,0.0,626
sp|Q934F5|FDHA_MEGGA,WP_066779733.1,41.890,857,427,15,210,1012,1,840,0.0,624
sp|Q934F5|FDHA_MEGGA,WP_118846157.1,39.758,825,455,13,210,1012,1,805,0.0,624
sp|Q934F5|FDHA_MEGGA,WP_053465425.1,40.170,824,453,15,210,1012,1,805,0.0,624
sp|Q934F5|FDHA_MEGGA,WP_118815577.1,40.049,824,454,15,210,1012,1,805,0.0,624
sp|Q934F5|FDHA_MEGGA,WP_111696557.1,39.758,825,455,13,210,1012,1,805,0.0,623
sp|Q934F5|FDHA_MEGGA,WP_118777338.1,39.927,824,455,15,210,1012,1,805,0.0,623
sp|Q934F5|FDHA_MEGGA,WP_118859215.1,40.291,824,452,15,210,1012,1,805,0.0,623
sp|Q934F5|FDHA_MEGGA,WP_118867827.1,39.927,824,455,15,210,1012,1,805,0.0,621
sp|Q934F5|FDHA_MEGGA,WP_046953564.1,39.611,823,459,12,210,1012,1,805,0.0,619
sp|Q934F5|FDHA_MEGGA,WP_005643541.1,39.806,824,456,15,210,1012,1,805,0.0,619
sp|Q934F5|FDHA_MEGGA,WP_118775193.1,40.291,824,452,15,210,1012,1,805,0.0,618
sp|Q934F5|FDHA_MEGGA,WP_118803285.1,40.291,824,452,15,210,1012,1,805,0.0,617
sp|Q934F5|FDHA_MEGGA,WP_114909313.1,39.733,823,458,13,210,1012,1,805,0.0,617
sp|Q934F5|FDHA_MEGGA,WP_081634527.1,29.587,703,377,21,3,677,6,618,1.49e-71,261
sp|Q934F5|FDHA_MEGGA,WP_081634527.1,25.806,186,122,7,842,1012,790,974,0.003,46.6
sp|Q934F5|FDHA_MEGGA,WP_081755350.1,29.584,649,357,12,3,651,11,559,1.62e-70,258
sp|Q934F5|FDHA_MEGGA,WP_081755350.1,26.289,194,106,7,849,1012,749,935,6.46e-04,48.9
sp|Q934F5|FDHA_MEGGA,WP_081617935.1,29.584,649,357,12,3,651,11,559,1.66e-70,258
sp|Q934F5|FDHA_MEGGA,WP_081617935.1,29.167,144,81,5,883,1012,799,935,7.15e-04,48.9
sp|Q934F5|FDHA_MEGGA,WP_081634525.1,29.430,649,358,12,3,651,11,559,2.56e-70,257
sp|Q934F5|FDHA_MEGGA,WP_081634525.1,26.289,194,106,7,849,1012,749,935,6.46e-04,48.9
sp|Q934F5|FDHA_MEGGA,WP_101636912.1,29.430,649,358,12,3,651,11,559,6.24e-70,256
sp|Q934F5|FDHA_MEGGA,WP_101636912.1,29.167,144,81,5,883,1012,799,935,6.52e-04,48.9
sp|Q934F5|FDHA_MEGGA,WP_081617940.1,28.797,698,389,20,3,677,6,618,3.34e-69,254
sp|Q934F5|FDHA_MEGGA,WP_081617940.1,22.280,193,120,6,842,1012,790,974,0.009,45.1
sp|Q934F5|FDHA_MEGGA,WP_004838149.1,26.689,607,315,12,44,648,218,696,2.59e-58,221
sp|Q934F5|FDHA_MEGGA,WP_004838149.1,30.952,168,93,4,852,1011,739,891,7.76e-09,65.1
sp|Q934F5|FDHA_MEGGA,WP_094230127.1,27.941,612,309,17,44,652,223,705,1.81e-55,213
sp|Q934F5|FDHA_MEGGA,WP_094230127.1,25.882,170,99,5,852,1012,746,897,3.87e-04,49.7
sp|Q934F5|FDHA_MEGGA,WP_094223647.1,27.569,613,308,17,44,651,223,704,1.83e-55,213
sp|Q934F5|FDHA_MEGGA,WP_094223647.1,26.471,170,98,5,852,1012,746,897,0.21,40.8
sp|Q934F5|FDHA_MEGGA,WP_094210023.1,27.524,614,309,17,44,652,223,705,1.88e-55,213
sp|Q934F5|FDHA_MEGGA,WP_094210023.1,26.471,170,98,5,852,1012,746,897,0.23,40.4
sp|Q934F5|FDHA_MEGGA,WP_094208885.1,27.569,613,308,17,44,651,223,704,1.90e-55,213
sp|Q934F5|FDHA_MEGGA,WP_094208885.1,26.471,170,98,5,852,1012,746,897,0.20,40.8
sp|Q934F5|FDHA_MEGGA,WP_094207397.1,27.569,613,308,17,44,651,223,704,1.95e-55,213
sp|Q934F5|FDHA_MEGGA,WP_094207397.1,26.471,170,98,5,852,1012,746,897,0.20,40.8
sp|Q934F5|FDHA_MEGGA,WP_013379307.1,27.157,626,319,14,28,651,209,699,2.26e-55,212
sp|Q934F5|FDHA_MEGGA,WP_013379307.1,29.240,171,94,4,852,1012,741,894,6.27e-06,55.5
sp|Q934F5|FDHA_MEGGA,WP_080565304.1,27.524,614,309,17,44,652,223,705,3.14e-55,212
sp|Q934F5|FDHA_MEGGA,WP_080565304.1,25.882,170,99,5,852,1012,746,897,3.65e-04,49.7
sp|Q934F5|FDHA_MEGGA,WP_110057840.1,27.569,613,308,17,44,651,223,704,3.84e-55,212
sp|Q934F5|FDHA_MEGGA,WP_110057840.1,26.471,170,98,5,852,1012,746,897,0.21,40.8
sp|Q934F5|FDHA_MEGGA,WP_058695594.1,27.649,604,306,14,50,651,225,699,4.19e-55,211
sp|Q934F5|FDHA_MEGGA,WP_058695594.1,28.655,171,95,4,852,1012,741,894,5.24e-06,55.8
sp|Q934F5|FDHA_MEGGA,WP_080552394.1,27.524,614,309,17,44,652,223,705,4.82e-55,212
sp|Q934F5|FDHA_MEGGA,WP_080552394.1,25.882,170,99,5,852,1012,746,897,3.53e-04,49.7
sp|Q934F5|FDHA_MEGGA,WP_081091115.1,27.524,614,309,17,44,652,223,705,5.09e-55,211
sp|Q934F5|FDHA_MEGGA,WP_081091115.1,25.882,170,99,5,852,1012,746,897,3.44e-04,49.7
sp|Q934F5|FDHA_MEGGA,WP_080551582.1,27.524,614,309,17,44,652,223,705,5.19e-55,211
sp|Q934F5|FDHA_MEGGA,WP_080551582.1,25.882,170,99,5,852,1012,746,897,3.35e-04,49.7
sp|Q934F5|FDHA_MEGGA,WP_154273762.1,27.524,614,309,17,44,652,223,705,8.26e-55,211
sp|Q934F5|FDHA_MEGGA,WP_154273762.1,25.882,170,99,5,852,1012,746,897,3.59e-04,49.7
sp|Q934F5|FDHA_MEGGA,WP_094203932.1,27.362,614,310,17,44,652,223,705,8.65e-55,211
sp|Q934F5|FDHA_MEGGA,WP_094203932.1,26.471,170,98,5,852,1012,746,897,0.21,40.8
sp|Q934F5|FDHA_MEGGA,WP_080545245.1,27.406,613,309,17,44,651,223,704,1.07e-54,211
sp|Q934F5|FDHA_MEGGA,WP_080545245.1,26.471,170,98,5,852,1012,746,897,0.22,40.8
sp|Q934F5|FDHA_MEGGA,WP_080503393.1,27.362,614,310,17,44,652,223,705,2.21e-54,209
sp|Q934F5|FDHA_MEGGA,WP_080503393.1,25.882,170,99,5,852,1012,746,897,3.71e-04,49.7
sp|Q934F5|FDHA_MEGGA,WP_094225818.1,27.199,614,311,17,44,652,223,705,1.35e-53,207
sp|Q934F5|FDHA_MEGGA,WP_094225818.1,25.882,170,99,5,852,1012,746,897,3.78e-04,49.7
sp|Q934F5|FDHA_MEGGA,WP_081985393.1,27.717,635,330,15,21,651,191,700,4.76e-51,199
sp|Q934F5|FDHA_MEGGA,WP_081985393.1,30.058,173,89,5,852,1012,742,894,1.08e-07,61.2
sp|Q934F5|FDHA_MEGGA,WP_081697337.1,27.717,635,330,15,21,651,191,700,5.76e-51,199
sp|Q934F5|FDHA_MEGGA,WP_081697337.1,30.058,173,89,5,852,1012,742,894,1.08e-07,61.2
sp|Q934F5|FDHA_MEGGA,WP_118059362.1,27.044,636,333,14,21,651,191,700,9.63e-51,198
sp|Q934F5|FDHA_MEGGA,WP_118059362.1,30.058,173,89,5,852,1012,742,894,1.03e-07,61.2
sp|Q934F5|FDHA_MEGGA,WP_156425740.1,25.529,662,351,20,31,682,203,732,2.24e-50,197
sp|Q934F5|FDHA_MEGGA,WP_156425740.1,28.571,133,80,3,880,1012,781,898,1.66e-04,50.8
sp|Q934F5|FDHA_MEGGA,WP_081446169.1,26.887,636,334,14,21,651,191,700,3.33e-50,197
sp|Q934F5|FDHA_MEGGA,WP_081446169.1,30.058,173,89,5,852,1012,742,894,1.00e-07,61.2
sp|Q934F5|FDHA_MEGGA,WP_012817910.1,26.059,614,320,15,46,651,2,489,5.14e-49,191
sp|Q934F5|FDHA_MEGGA,NP_313088.1,26.059,614,320,15,46,651,2,489,8.15e-49,190
sp|Q934F5|FDHA_MEGGA,YP_002415220.1,26.059,614,320,15,46,651,2,489,1.07e-48,190
sp|Q934F5|FDHA_MEGGA,WP_077630709.1,26.059,614,320,15,46,651,2,489,1.11e-48,190
sp|Q934F5|FDHA_MEGGA,WP_077633847.1,26.059,614,320,15,46,651,2,489,1.12e-48,190
sp|Q934F5|FDHA_MEGGA,WP_001300547.1,26.059,614,320,15,46,651,2,489,1.12e-48,190
sp|Q934F5|FDHA_MEGGA,WP_095629811.1,27.258,609,323,16,46,648,5,499,4.13e-48,188
sp|Q934F5|FDHA_MEGGA,WP_095629811.1,30.534,131,73,5,883,1011,587,701,0.91,38.5
sp|Q934F5|FDHA_MEGGA,WP_139687334.1,24.316,658,356,20,39,686,215,740,7.55e-48,189
sp|Q934F5|FDHA_MEGGA,WP_139687334.1,27.536,138,85,3,874,1011,779,901,0.002,47.8
sp|Q934F5|FDHA_MEGGA,WP_087478841.1,27.049,610,323,16,46,648,5,499,1.48e-47,187
sp|Q934F5|FDHA_MEGGA,WP_087478841.1,29.771,131,74,5,883,1011,587,701,1.3,38.1
sp|Q934F5|FDHA_MEGGA,WP_005428799.1,25.268,653,338,22,44,682,220,736,2.31e-47,188
sp|Q934F5|FDHA_MEGGA,WP_005428799.1,28.030,132,80,3,880,1011,785,901,0.050,42.7
sp|Q934F5|FDHA_MEGGA,WP_021995532.1,25.000,652,341,21,44,682,220,736,2.51e-47,188
sp|Q934F5|FDHA_MEGGA,WP_021995532.1,28.030,132,80,3,880,1011,785,901,0.048,42.7
sp|Q934F5|FDHA_MEGGA,WP_016474531.1,25.268,653,338,22,44,682,220,736,2.76e-47,187
sp|Q934F5|FDHA_MEGGA,WP_016474531.1,28.030,132,80,3,880,1011,785,901,0.050,42.7
sp|Q934F5|FDHA_MEGGA,WP_083801168.1,24.383,648,355,17,49,676,7,539,4.76e-45,179
sp|Q934F5|FDHA_MEGGA,WP_083801168.1,30.534,131,73,5,883,1011,586,700,1.1,38.1
sp|Q934F5|FDHA_MEGGA,WP_118788561.1,25.528,615,318,19,46,649,2,487,6.87e-43,172
sp|Q934F5|FDHA_MEGGA,WP_118788561.1,28.205,195,118,7,820,1011,513,688,0.025,43.5
sp|Q934F5|FDHA_MEGGA,WP_065360269.1,25.574,610,332,16,46,648,5,499,9.21e-43,172
sp|Q934F5|FDHA_MEGGA,WP_065360269.1,26.923,156,85,4,870,1011,561,701,0.070,42.4
sp|Q934F5|FDHA_MEGGA,WP_114892187.1,24.756,614,324,17,46,649,2,487,1.05e-42,172
sp|Q934F5|FDHA_MEGGA,WP_114892187.1,28.205,195,118,7,820,1011,513,688,0.025,43.5
sp|Q934F5|FDHA_MEGGA,WP_118775974.1,25.528,615,318,19,46,649,2,487,1.34e-42,171
sp|Q934F5|FDHA_MEGGA,WP_118775974.1,28.205,195,118,7,820,1011,513,688,0.024,43.5
sp|Q934F5|FDHA_MEGGA,WP_134078808.1,25.081,614,322,18,46,649,2,487,1.37e-42,171
sp|Q934F5|FDHA_MEGGA,WP_134078808.1,28.205,195,118,7,820,1011,513,688,0.025,43.5
sp|Q934F5|FDHA_MEGGA,WP_080563620.1,25.366,615,319,19,46,649,2,487,1.37e-42,171
sp|Q934F5|FDHA_MEGGA,WP_080563620.1,28.205,195,118,7,820,1011,513,688,0.026,43.5
sp|Q934F5|FDHA_MEGGA,WP_118855206.1,25.366,615,319,19,46,649,2,487,2.13e-42,171
sp|Q934F5|FDHA_MEGGA,WP_118855206.1,28.205,195,118,7,820,1011,513,688,0.031,43.1
sp|Q934F5|FDHA_MEGGA,WP_080950766.1,25.366,615,319,19,46,649,2,487,2.33e-42,171
sp|Q934F5|FDHA_MEGGA,WP_080950766.1,28.205,195,118,7,820,1011,513,688,0.031,43.1
sp|Q934F5|FDHA_MEGGA,WP_118795822.1,25.366,615,319,19,46,649,2,487,2.40e-42,171
sp|Q934F5|FDHA_MEGGA,WP_118795822.1,28.205,195,118,7,820,1011,513,688,0.024,43.5
sp|Q934F5|FDHA_MEGGA,WP_080950181.1,25.366,615,319,19,46,649,2,487,2.53e-42,171
sp|Q934F5|FDHA_MEGGA,WP_080950181.1,28.205,195,118,7,820,1011,513,688,0.025,43.5
sp|Q934F5|FDHA_MEGGA,WP_080565539.1,25.366,615,319,19,46,649,2,487,3.03e-42,170
sp|Q934F5|FDHA_MEGGA,WP_080565539.1,28.205,195,118,7,820,1011,513,688,0.024,43.5
sp|Q934F5|FDHA_MEGGA,WP_080948128.1,25.366,615,319,19,46,649,2,487,3.06e-42,170
sp|Q934F5|FDHA_MEGGA,WP_080948128.1,31.298,131,72,5,883,1011,574,688,0.039,43.1
sp|Q934F5|FDHA_MEGGA,WP_080567419.1,25.366,615,319,19,46,649,2,487,3.20e-42,170
sp|Q934F5|FDHA_MEGGA,WP_080567419.1,28.205,195,118,7,820,1011,513,688,0.025,43.5
sp|Q934F5|FDHA_MEGGA,WP_114675162.1,29.186,442,230,8,210,651,1,359,3.26e-42,170
sp|Q934F5|FDHA_MEGGA,WP_114675162.1,26.804,194,105,7,849,1012,549,735,2.89e-04,50.1
sp|Q934F5|FDHA_MEGGA,WP_114892665.1,25.366,615,319,19,46,649,2,487,3.41e-42,170
sp|Q934F5|FDHA_MEGGA,WP_114892665.1,31.298,131,72,5,883,1011,574,688,0.038,43.1
sp|Q934F5|FDHA_MEGGA,WP_118817230.1,25.366,615,319,19,46,649,2,487,3.64e-42,170
sp|Q934F5|FDHA_MEGGA,WP_118817230.1,31.298,131,72,5,883,1011,574,688,0.040,43.1
sp|Q934F5|FDHA_MEGGA,WP_118781644.1,25.366,615,319,19,46,649,2,487,3.84e-42,170
sp|Q934F5|FDHA_MEGGA,WP_118781644.1,28.205,195,118,7,820,1011,513,688,0.025,43.5
sp|Q934F5|FDHA_MEGGA,WP_081278295.1,24.919,614,323,18,46,649,2,487,4.44e-42,170
sp|Q934F5|FDHA_MEGGA,WP_081278295.1,28.205,195,118,7,820,1011,513,688,0.025,43.5
sp|Q934F5|FDHA_MEGGA,WP_118842976.1,24.919,614,323,18,46,649,2,487,5.13e-42,169
sp|Q934F5|FDHA_MEGGA,WP_118842976.1,28.205,195,118,7,820,1011,513,688,0.031,43.1
sp|Q934F5|FDHA_MEGGA,WP_050334068.1,28.959,442,231,8,210,651,1,359,9.35e-42,169
sp|Q934F5|FDHA_MEGGA,WP_050334068.1,25.773,194,107,7,849,1012,549,735,8.25e-04,48.5
sp|Q934F5|FDHA_MEGGA,WP_154254604.1,25.246,610,334,16,46,648,5,499,1.98e-41,168
sp|Q934F5|FDHA_MEGGA,WP_154254604.1,29.927,137,80,5,876,1011,580,701,0.083,42.0
sp|Q934F5|FDHA_MEGGA,WP_118793832.1,25.203,615,320,19,46,649,2,487,2.01e-41,168
sp|Q934F5|FDHA_MEGGA,WP_118793832.1,28.205,195,118,7,820,1011,513,688,0.026,43.5
sp|Q934F5|FDHA_MEGGA,WP_081638972.1,25.683,549,299,14,46,587,5,451,5.68e-41,166
sp|Q934F5|FDHA_MEGGA,WP_001198358.1,38.071,197,115,3,1,192,1,195,1.88e-38,146
sp|Q934F5|FDHA_MEGGA,WP_121831904.1,38.579,197,114,3,1,192,1,195,4.21e-37,142
sp|Q934F5|FDHA_MEGGA,KXB53786.1,40.291,206,103,5,1,192,1,200,7.68e-37,142
sp|Q934F5|FDHA_MEGGA,WP_066779731.1,39.806,206,104,5,1,192,1,200,1.28e-36,141
sp|Q934F5|FDHA_MEGGA,WP_000383354.1,38.071,197,115,3,1,192,1,195,1.71e-36,140
sp|Q934F5|FDHA_MEGGA,WP_000383350.1,38.071,197,115,3,1,192,1,195,6.47e-36,139
sp|Q934F5|FDHA_MEGGA,WP_082715159.1,23.693,612,331,18,50,651,6,491,7.63e-36,150
sp|Q934F5|FDHA_MEGGA,WP_082715159.1,32.895,76,50,1,880,954,571,646,4.5,36.2
sp|Q934F5|FDHA_MEGGA,WP_046940035.1,37.931,203,111,3,1,190,1,201,1.03e-34,136
sp|Q934F5|FDHA_MEGGA,WP_005635027.1,37.931,203,111,3,1,190,1,201,1.10e-34,135
sp|Q934F5|FDHA_MEGGA,WP_005637641.1,37.931,203,111,3,1,190,1,201,1.21e-34,135
sp|Q934F5|FDHA_MEGGA,WP_118861421.1,37.438,203,112,3,1,190,1,201,2.28e-34,135
sp|Q934F5|FDHA_MEGGA,WP_118777337.1,37.438,203,112,3,1,190,1,201,2.99e-34,134
sp|Q934F5|FDHA_MEGGA,WP_118795661.1,37.438,203,112,3,1,190,1,201,3.08e-34,134
sp|Q934F5|FDHA_MEGGA,WP_005643543.1,37.438,203,112,3,1,190,1,201,3.23e-34,134
sp|Q934F5|FDHA_MEGGA,WP_118785009.1,37.438,203,112,3,1,190,1,201,3.80e-34,134
sp|Q934F5|FDHA_MEGGA,WP_005628714.1,37.438,203,112,3,1,190,1,201,4.39e-34,134
sp|Q934F5|FDHA_MEGGA,WP_101637323.1,26.273,491,267,15,210,677,1,419,4.51e-34,145
sp|Q934F5|FDHA_MEGGA,WP_101637323.1,22.917,192,118,7,843,1012,592,775,0.086,42.0
sp|Q934F5|FDHA_MEGGA,WP_024962700.1,26.380,489,269,16,210,677,1,419,7.39e-34,145
sp|Q934F5|FDHA_MEGGA,WP_024962700.1,21.244,193,122,4,842,1012,591,775,0.010,45.1
sp|Q934F5|FDHA_MEGGA,WP_009766819.1,37.438,203,112,3,1,190,1,201,8.23e-34,133
sp|Q934F5|FDHA_MEGGA,WP_114891700.1,36.946,203,113,3,1,190,1,201,1.60e-33,132
sp|Q934F5|FDHA_MEGGA,WP_048953723.1,36.453,203,114,3,1,190,1,201,1.71e-33,132
sp|Q934F5|FDHA_MEGGA,WP_050333586.1,26.575,508,244,16,210,677,1,419,2.46e-33,143
sp|Q934F5|FDHA_MEGGA,WP_050333586.1,23.834,193,117,7,842,1012,591,775,0.002,47.4
sp|Q934F5|FDHA_MEGGA,KXB48910.1,24.738,477,243,12,210,682,1,365,3.34e-33,140
sp|Q934F5|FDHA_MEGGA,KXB48910.1,28.571,133,80,3,880,1012,414,531,1.63e-04,50.4
sp|Q934F5|FDHA_MEGGA,WP_046953565.1,36.453,203,114,3,1,190,1,201,6.48e-33,130
sp|Q934F5|FDHA_MEGGA,WP_114909312.1,34.483,203,118,2,1,190,1,201,1.05e-32,130
sp|Q934F5|FDHA_MEGGA,WP_118775192.1,34.975,203,117,3,1,190,1,201,1.35e-32,130
sp|Q934F5|FDHA_MEGGA,WP_155397816.1,30.337,267,157,6,46,302,2,249,9.15e-32,130
sp|Q934F5|FDHA_MEGGA,WP_016360481.1,22.848,604,351,16,51,650,43,535,3.39e-31,136
sp|Q934F5|FDHA_MEGGA,WP_016360481.1,33.083,133,74,3,880,1012,637,754,2.39e-09,66.6
sp|Q934F5|FDHA_MEGGA,WP_029436381.1,22.848,604,351,16,51,650,43,535,3.67e-31,136
sp|Q934F5|FDHA_MEGGA,WP_029436381.1,33.083,133,74,3,880,1012,637,754,2.48e-09,66.2
sp|Q934F5|FDHA_MEGGA,YP_006781340.1,24.605,443,223,9,210,651,1,333,1.05e-28,127
sp|Q934F5|FDHA_MEGGA,YP_006122433.1,24.605,443,223,10,210,651,1,333,2.42e-28,125
sp|Q934F5|FDHA_MEGGA,WP_139688377.1,25.391,512,318,18,5,481,11,493,6.53e-28,126
sp|Q934F5|FDHA_MEGGA,WP_139688377.1,36.842,76,46,1,880,955,795,868,3.40e-04,49.7
sp|Q934F5|FDHA_MEGGA,WP_032827153.1,24.717,441,221,13,210,649,1,331,1.96e-25,117
sp|Q934F5|FDHA_MEGGA,WP_032827153.1,31.061,132,73,5,882,1011,417,532,0.039,42.7
sp|Q934F5|FDHA_MEGGA,WP_005431552.1,24.715,526,312,19,1,481,7,493,4.46e-25,117
sp|Q934F5|FDHA_MEGGA,WP_005431552.1,24.519,208,117,5,810,1012,742,914,4.03e-04,49.7
sp|Q934F5|FDHA_MEGGA,WP_118274673.1,23.983,467,302,15,1,436,4,448,2.21e-24,115
sp|Q934F5|FDHA_MEGGA,KXB51866.1,23.448,435,226,11,217,651,8,335,1.59e-23,111
sp|Q934F5|FDHA_MEGGA,KXB51866.1,35.526,76,48,1,880,954,415,490,1.2,38.1
sp|Q934F5|FDHA_MEGGA,WP_046942540.1,25.208,480,292,16,1,464,1,429,1.26e-22,109
sp|Q934F5|FDHA_MEGGA,WP_046942540.1,33.083,133,76,1,880,1012,707,826,6.56e-07,58.5
sp|Q934F5|FDHA_MEGGA,WP_032803590.1,25.208,480,292,16,1,464,1,429,1.33e-22,109
sp|Q934F5|FDHA_MEGGA,WP_032803590.1,33.083,133,76,1,880,1012,707,826,3.77e-07,59.3
sp|Q934F5|FDHA_MEGGA,WP_118790526.1,25.208,480,292,16,1,464,1,429,1.40e-22,109
sp|Q934F5|FDHA_MEGGA,WP_118790526.1,33.083,133,76,1,880,1012,707,826,5.92e-07,58.9
sp|Q934F5|FDHA_MEGGA,WP_114891534.1,25.208,480,292,16,1,464,1,429,1.51e-22,109
sp|Q934F5|FDHA_MEGGA,WP_114891534.1,33.083,133,76,1,880,1012,707,826,6.45e-07,58.5
sp|Q934F5|FDHA_MEGGA,WP_118777247.1,25.208,480,292,16,1,464,1,429,1.54e-22,109
sp|Q934F5|FDHA_MEGGA,WP_118777247.1,33.083,133,76,1,880,1012,707,826,6.45e-07,58.5
sp|Q934F5|FDHA_MEGGA,WP_022372919.1,24.270,445,282,15,51,462,51,473,1.82e-22,108
sp|Q934F5|FDHA_MEGGA,WP_022372919.1,30.370,135,81,3,878,1012,787,908,0.001,48.1
sp|Q934F5|FDHA_MEGGA,WP_005635178.1,25.523,478,293,16,1,464,1,429,1.99e-22,108
sp|Q934F5|FDHA_MEGGA,WP_005635178.1,33.083,133,76,1,880,1012,707,826,4.32e-07,59.3
sp|Q934F5|FDHA_MEGGA,WP_118817195.1,25.000,480,293,16,1,464,1,429,4.79e-22,107
sp|Q934F5|FDHA_MEGGA,WP_118817195.1,33.083,133,76,1,880,1012,707,826,7.20e-07,58.5
sp|Q934F5|FDHA_MEGGA,WP_118274832.1,23.066,685,415,23,3,652,9,616,4.87e-22,107
sp|Q934F5|FDHA_MEGGA,WP_118274832.1,27.439,164,93,2,849,1012,776,913,1.95e-05,53.9
sp|Q934F5|FDHA_MEGGA,WP_005636508.1,25.000,480,293,16,1,464,1,429,5.45e-22,107
sp|Q934F5|FDHA_MEGGA,WP_005636508.1,33.083,133,76,1,880,1012,707,826,6.07e-07,58.5
sp|Q934F5|FDHA_MEGGA,WP_005627029.1,25.000,480,293,16,1,464,1,429,5.54e-22,107
sp|Q934F5|FDHA_MEGGA,WP_005627029.1,33.083,133,76,1,880,1012,707,826,7.39e-07,58.5
sp|Q934F5|FDHA_MEGGA,WP_046952771.1,25.000,480,293,16,1,464,1,429,5.69e-22,107
sp|Q934F5|FDHA_MEGGA,WP_046952771.1,33.083,133,76,1,880,1012,707,826,6.12e-07,58.5
sp|Q934F5|FDHA_MEGGA,WP_118855508.1,25.000,480,293,16,1,464,1,429,5.83e-22,107
sp|Q934F5|FDHA_MEGGA,WP_118855508.1,33.083,133,76,1,880,1012,707,826,4.07e-07,59.3
sp|Q934F5|FDHA_MEGGA,WP_065249921.1,25.000,480,293,16,1,464,1,429,6.04e-22,107
sp|Q934F5|FDHA_MEGGA,WP_065249921.1,33.083,133,76,1,880,1012,707,826,5.92e-07,58.9
sp|Q934F5|FDHA_MEGGA,WP_118811519.1,24.052,686,390,25,1,659,1,582,6.36e-22,107
sp|Q934F5|FDHA_MEGGA,WP_118811519.1,33.083,133,76,1,880,1012,707,826,6.67e-07,58.5
sp|Q934F5|FDHA_MEGGA,WP_046950563.1,25.000,480,293,16,1,464,1,429,6.47e-22,107
sp|Q934F5|FDHA_MEGGA,WP_046950563.1,33.083,133,76,1,880,1012,707,826,3.77e-07,59.3
sp|Q934F5|FDHA_MEGGA,WP_005647135.1,25.000,480,293,16,1,464,1,429,6.70e-22,107
sp|Q934F5|FDHA_MEGGA,WP_005647135.1,33.083,133,76,1,880,1012,707,826,5.67e-07,58.9
sp|Q934F5|FDHA_MEGGA,WP_118861621.1,25.000,480,293,16,1,464,1,429,7.36e-22,107
sp|Q934F5|FDHA_MEGGA,WP_118861621.1,33.083,133,76,1,880,1012,707,826,6.61e-07,58.5
sp|Q934F5|FDHA_MEGGA,WP_005643039.1,25.000,480,293,16,1,464,1,429,7.36e-22,107
sp|Q934F5|FDHA_MEGGA,WP_005643039.1,33.083,133,76,1,880,1012,707,826,6.34e-07,58.5
sp|Q934F5|FDHA_MEGGA,WP_133499088.1,25.000,480,293,16,1,464,1,429,9.13e-22,106
sp|Q934F5|FDHA_MEGGA,WP_133499088.1,33.083,133,76,1,880,1012,707,826,3.64e-07,59.3
sp|Q934F5|FDHA_MEGGA,WP_118843455.1,25.000,480,293,16,1,464,1,429,9.61e-22,106
sp|Q934F5|FDHA_MEGGA,WP_118843455.1,33.083,133,76,1,880,1012,707,826,3.71e-07,59.3
sp|Q934F5|FDHA_MEGGA,WP_118800691.1,25.474,475,297,17,1,464,1,429,1.83e-21,105
sp|Q934F5|FDHA_MEGGA,WP_118800691.1,33.083,133,76,1,880,1012,707,826,5.82e-07,58.9
sp|Q934F5|FDHA_MEGGA,WP_118813514.1,25.474,475,297,17,1,464,1,429,2.05e-21,105
sp|Q934F5|FDHA_MEGGA,WP_118813514.1,33.083,133,76,1,880,1012,707,826,3.97e-07,59.3
sp|Q934F5|FDHA_MEGGA,WP_118879533.1,24.792,480,294,16,1,464,1,429,2.08e-21,105
sp|Q934F5|FDHA_MEGGA,WP_118879533.1,33.083,133,76,1,880,1012,707,826,6.84e-07,58.5
sp|Q934F5|FDHA_MEGGA,WP_018713049.1,23.182,660,393,22,36,650,25,615,3.35e-21,105
sp|Q934F5|FDHA_MEGGA,WP_018713049.1,38.298,94,52,1,878,971,806,893,7.49e-08,61.6
sp|Q934F5|FDHA_MEGGA,WP_016475238.1,25.994,327,199,12,3,308,6,310,3.37e-21,105
sp|Q934F5|FDHA_MEGGA,WP_016475238.1,26.064,188,93,7,836,1012,711,863,0.041,43.1
sp|Q934F5|FDHA_MEGGA,WP_072643114.1,24.211,475,301,15,1,462,1,429,3.71e-21,104
sp|Q934F5|FDHA_MEGGA,WP_072643114.1,29.412,153,77,4,810,956,658,785,3.63e-04,49.7
sp|Q934F5|FDHA_MEGGA,WP_118775619.1,23.907,686,391,25,1,659,1,582,4.04e-21,104
sp|Q934F5|FDHA_MEGGA,WP_118775619.1,33.083,133,76,1,880,1012,707,826,6.18e-07,58.5
sp|Q934F5|FDHA_MEGGA,WP_118808675.1,23.907,686,391,25,1,659,1,582,4.29e-21,104
sp|Q934F5|FDHA_MEGGA,WP_118808675.1,33.083,133,76,1,880,1012,707,826,6.07e-07,58.5
sp|Q934F5|FDHA_MEGGA,WP_118805672.1,23.907,686,391,25,1,659,1,582,4.44e-21,104
sp|Q934F5|FDHA_MEGGA,WP_118805672.1,33.083,133,76,1,880,1012,707,826,5.82e-07,58.9
sp|Q934F5|FDHA_MEGGA,WP_118793731.1,24.792,480,294,16,1,464,1,429,4.52e-21,104
sp|Q934F5|FDHA_MEGGA,WP_118793731.1,33.083,133,76,1,880,1012,707,826,6.39e-07,58.5
sp|Q934F5|FDHA_MEGGA,WP_050334596.1,22.879,660,395,22,36,650,25,615,4.59e-21,104
sp|Q934F5|FDHA_MEGGA,WP_050334596.1,38.298,94,52,1,878,971,806,893,5.80e-08,62.0
sp|Q934F5|FDHA_MEGGA,WP_118781774.1,23.907,686,391,25,1,659,1,582,4.60e-21,104
sp|Q934F5|FDHA_MEGGA,WP_118781774.1,33.083,133,76,1,880,1012,707,826,6.02e-07,58.5
sp|Q934F5|FDHA_MEGGA,WP_005436630.1,23.810,504,301,18,4,461,9,475,4.81e-21,104
sp|Q934F5|FDHA_MEGGA,WP_005436630.1,34.146,82,52,1,880,961,793,872,1.39e-04,51.2
sp|Q934F5|FDHA_MEGGA,WP_118867997.1,25.474,475,297,17,1,464,1,429,5.14e-21,104
sp|Q934F5|FDHA_MEGGA,WP_118867997.1,33.083,133,76,1,880,1012,707,826,8.18e-07,58.2
sp|Q934F5|FDHA_MEGGA,YP_006778389.1,23.542,480,298,16,1,462,1,429,5.96e-21,103
sp|Q934F5|FDHA_MEGGA,YP_006778389.1,29.412,153,77,4,810,956,658,785,3.14e-04,49.7
sp|Q934F5|FDHA_MEGGA,YP_006120588.1,23.750,480,297,16,1,462,1,429,6.01e-21,103
sp|Q934F5|FDHA_MEGGA,YP_006120588.1,29.412,153,77,4,810,956,658,785,3.36e-04,49.7
sp|Q934F5|FDHA_MEGGA,NP_416710.1,23.750,480,297,16,1,462,1,429,6.27e-21,103
sp|Q934F5|FDHA_MEGGA,NP_416710.1,29.412,153,77,4,810,956,658,785,3.19e-04,49.7
sp|Q934F5|FDHA_MEGGA,YP_002413254.1,23.750,480,297,16,1,462,1,429,6.33e-21,103
sp|Q934F5|FDHA_MEGGA,YP_002413254.1,29.412,153,77,4,810,956,658,785,3.33e-04,49.7
sp|Q934F5|FDHA_MEGGA,WP_000778069.1,23.750,480,297,16,1,462,1,429,6.33e-21,103
sp|Q934F5|FDHA_MEGGA,WP_000778069.1,29.412,153,77,4,810,956,658,785,3.28e-04,49.7
sp|Q934F5|FDHA_MEGGA,YP_002408304.1,23.750,480,297,16,1,462,1,429,6.38e-21,103
sp|Q934F5|FDHA_MEGGA,YP_002408304.1,29.412,153,77,4,810,956,658,785,3.79e-04,49.7
sp|Q934F5|FDHA_MEGGA,WP_118795980.1,23.761,686,392,25,1,659,1,582,6.71e-21,103
sp|Q934F5|FDHA_MEGGA,WP_118795980.1,33.083,133,76,1,880,1012,707,826,5.92e-07,58.9
sp|Q934F5|FDHA_MEGGA,WP_118788683.1,23.761,686,392,25,1,659,1,582,6.88e-21,103
sp|Q934F5|FDHA_MEGGA,WP_118788683.1,33.083,133,76,1,880,1012,707,826,6.34e-07,58.5
sp|Q934F5|FDHA_MEGGA,WP_005027938.1,25.187,401,190,12,225,625,1,291,7.00e-21,102
sp|Q934F5|FDHA_MEGGA,WP_005027938.1,29.379,177,88,7,852,1012,358,513,8.21e-06,54.7
sp|Q934F5|FDHA_MEGGA,WP_032277551.1,23.750,480,297,16,1,462,1,429,7.07e-21,103
sp|Q934F5|FDHA_MEGGA,WP_032277551.1,29.412,153,77,4,810,956,658,785,3.45e-04,49.7
sp|Q934F5|FDHA_MEGGA,WP_000778047.1,23.750,480,297,16,1,462,1,429,7.14e-21,103
sp|Q934F5|FDHA_MEGGA,WP_000778047.1,29.412,153,77,4,810,956,658,785,3.33e-04,49.7
sp|Q934F5|FDHA_MEGGA,WP_000778046.1,23.542,480,298,16,1,462,1,429,7.39e-21,103
sp|Q934F5|FDHA_MEGGA,WP_000778046.1,29.412,153,77,4,810,956,658,785,3.17e-04,49.7
sp|Q934F5|FDHA_MEGGA,WP_000778048.1,23.750,480,297,16,1,462,1,429,7.39e-21,103
sp|Q934F5|FDHA_MEGGA,WP_000778048.1,29.412,153,77,4,810,956,658,785,3.36e-04,49.7
sp|Q934F5|FDHA_MEGGA,WP_118785332.1,23.761,686,392,25,1,659,1,582,8.46e-21,103
sp|Q934F5|FDHA_MEGGA,WP_118785332.1,33.083,133,76,1,880,1012,707,826,6.28e-07,58.5
sp|Q934F5|FDHA_MEGGA,WP_111695962.1,25.474,475,297,17,1,464,1,429,8.99e-21,103
sp|Q934F5|FDHA_MEGGA,WP_111695962.1,33.083,133,76,1,880,1012,707,826,4.00e-07,59.3
sp|Q934F5|FDHA_MEGGA,WP_065246586.1,25.263,475,298,17,1,464,1,429,1.05e-20,103
sp|Q934F5|FDHA_MEGGA,WP_065246586.1,33.083,133,76,1,880,1012,707,826,7.20e-07,58.5
sp|Q934F5|FDHA_MEGGA,WP_024961744.1,23.369,659,393,23,36,650,25,615,1.16e-20,103
sp|Q934F5|FDHA_MEGGA,WP_024961744.1,38.298,94,52,1,878,971,806,893,6.88e-08,62.0
sp|Q934F5|FDHA_MEGGA,WP_005429328.1,25.688,327,200,12,3,308,6,310,1.27e-20,103
sp|Q934F5|FDHA_MEGGA,WP_005429328.1,26.064,188,93,7,836,1012,711,863,0.042,43.1
sp|Q934F5|FDHA_MEGGA,WP_065226913.1,25.337,371,196,10,104,455,108,416,1.27e-20,102
sp|Q934F5|FDHA_MEGGA,WP_046938662.1,24.376,681,394,26,1,659,1,582,1.36e-20,102
sp|Q934F5|FDHA_MEGGA,WP_046938662.1,33.083,133,76,1,880,1012,707,826,6.39e-07,58.5
sp|Q934F5|FDHA_MEGGA,WP_114908251.1,23.830,684,394,25,1,659,1,582,1.39e-20,102
sp|Q934F5|FDHA_MEGGA,WP_114908251.1,33.083,133,76,1,880,1012,707,826,6.34e-07,58.5
sp|Q934F5|FDHA_MEGGA,WP_118865456.1,23.830,684,394,25,1,659,1,582,1.42e-20,102
sp|Q934F5|FDHA_MEGGA,WP_118865456.1,33.083,133,76,1,880,1012,707,826,6.39e-07,58.5
sp|Q934F5|FDHA_MEGGA,WP_029435591.1,25.558,403,186,14,225,625,1,291,2.46e-20,100
sp|Q934F5|FDHA_MEGGA,WP_029435591.1,29.379,177,88,7,852,1012,358,513,2.26e-06,56.6
sp|Q934F5|FDHA_MEGGA,WP_062331996.1,26.552,290,186,11,31,308,33,307,2.47e-20,102
sp|Q934F5|FDHA_MEGGA,WP_016646959.1,23.077,663,390,22,36,650,25,615,2.53e-20,102
sp|Q934F5|FDHA_MEGGA,WP_016646959.1,38.298,94,52,1,878,971,806,893,6.70e-08,62.0
sp|Q934F5|FDHA_MEGGA,WP_025404412.1,23.750,480,297,16,1,462,1,429,2.55e-20,102
sp|Q934F5|FDHA_MEGGA,WP_025404412.1,29.412,153,77,4,810,956,658,785,3.42e-04,49.7
sp|Q934F5|FDHA_MEGGA,WP_139688891.1,24.688,320,210,10,3,308,6,308,3.52e-20,101
sp|Q934F5|FDHA_MEGGA,WP_139688891.1,27.826,115,59,2,842,956,716,806,1.6,37.7
sp|Q934F5|FDHA_MEGGA,WP_118858858.1,23.830,684,394,25,1,659,1,582,4.68e-20,101
sp|Q934F5|FDHA_MEGGA,WP_118858858.1,33.083,133,76,1,880,1012,707,826,1.39e-06,57.4
sp|Q934F5|FDHA_MEGGA,WP_101636684.1,23.228,663,389,23,36,650,25,615,5.18e-20,101
sp|Q934F5|FDHA_MEGGA,WP_101636684.1,38.298,94,52,1,878,971,806,893,6.00e-08,62.0
sp|Q934F5|FDHA_MEGGA,WP_005632153.1,24.268,478,299,15,1,464,1,429,5.75e-20,100
sp|Q934F5|FDHA_MEGGA,WP_005632153.1,33.083,133,76,1,880,1012,707,826,5.92e-07,58.9
sp|Q934F5|FDHA_MEGGA,WP_050333584.1,30.366,191,118,3,3,192,6,182,2.02e-19,91.7
sp|Q934F5|FDHA_MEGGA,WP_024962699.1,29.843,191,119,3,3,192,6,182,2.31e-19,91.3
sp|Q934F5|FDHA_MEGGA,WP_065265391.1,24.337,641,374,22,1,625,1,546,2.46e-19,99.0
sp|Q934F5|FDHA_MEGGA,WP_065265391.1,30.075,133,80,1,880,1012,711,830,1.98e-05,53.9
sp|Q934F5|FDHA_MEGGA,WP_022443589.1,23.293,498,313,17,3,461,12,479,6.34e-19,97.8
sp|Q934F5|FDHA_MEGGA,WP_022443589.1,37.037,81,51,0,874,954,788,868,1.26e-04,51.2
sp|Q934F5|FDHA_MEGGA,WP_082149298.1,24.409,381,216,12,81,455,108,422,1.03e-18,96.7
sp|Q934F5|FDHA_MEGGA,YP_002412491.1,24.146,410,221,11,65,455,78,416,1.20e-18,96.7
sp|Q934F5|FDHA_MEGGA,YP_002407759.1,24.528,371,199,10,104,455,108,416,1.39e-18,96.3
sp|Q934F5|FDHA_MEGGA,WP_000726712.1,24.528,371,199,10,104,455,108,416,1.44e-18,96.3
sp|Q934F5|FDHA_MEGGA,WP_000726687.1,24.528,371,199,10,104,455,108,416,2.16e-18,95.9
sp|Q934F5|FDHA_MEGGA,YP_006779288.1,24.259,371,200,10,104,455,108,416,7.84e-18,94.0
sp|Q934F5|FDHA_MEGGA,WP_000726734.1,24.259,371,200,10,104,455,108,416,7.91e-18,94.0
sp|Q934F5|FDHA_MEGGA,WP_000726739.1,24.259,371,200,10,104,455,108,416,8.25e-18,94.0
sp|Q934F5|FDHA_MEGGA,NP_416018.1,24.259,371,200,10,104,455,108,416,8.32e-18,94.0
sp|Q934F5|FDHA_MEGGA,WP_114493830.1,24.259,371,200,10,104,455,108,416,8.47e-18,94.0
sp|Q934F5|FDHA_MEGGA,WP_000726699.1,24.259,371,200,10,104,455,108,416,8.77e-18,93.6
sp|Q934F5|FDHA_MEGGA,YP_006119840.1,24.259,371,200,10,104,455,108,416,1.06e-17,93.6
sp|Q934F5|FDHA_MEGGA,NP_416104.1,25.495,455,268,17,3,440,10,410,3.50e-17,92.0
sp|Q934F5|FDHA_MEGGA,WP_000041668.1,25.275,455,269,17,3,440,10,410,3.59e-17,92.0
sp|Q934F5|FDHA_MEGGA,YP_006119947.1,25.275,455,269,17,3,440,10,410,5.47e-17,91.3
sp|Q934F5|FDHA_MEGGA,WP_106907425.1,23.989,371,201,10,104,455,108,416,7.71e-17,90.9
sp|Q934F5|FDHA_MEGGA,WP_000041554.1,25.275,455,269,17,3,440,10,410,9.72e-17,90.5
sp|Q934F5|FDHA_MEGGA,WP_106907857.1,23.989,371,201,10,104,455,108,416,1.43e-16,89.7
sp|Q934F5|FDHA_MEGGA,WP_000726678.1,23.989,371,201,10,104,455,108,416,1.56e-16,89.7
sp|Q934F5|FDHA_MEGGA,WP_023154523.1,25.495,455,268,17,3,440,10,410,2.49e-16,89.0
sp|Q934F5|FDHA_MEGGA,YP_002412605.1,25.495,455,268,17,3,440,10,410,1.03e-15,87.0
sp|Q934F5|FDHA_MEGGA,WP_065226943.1,25.495,455,268,17,3,440,10,410,1.09e-15,87.0
sp|Q934F5|FDHA_MEGGA,WP_061069257.1,25.164,457,267,17,3,440,10,410,1.73e-15,86.3
sp|Q934F5|FDHA_MEGGA,WP_000041703.1,25.164,457,267,17,3,440,10,410,2.48e-15,85.9
sp|Q934F5|FDHA_MEGGA,NP_310320.1,25.164,457,267,17,3,440,10,410,2.56e-15,85.9
sp|Q934F5|FDHA_MEGGA,YP_006779227.1,25.495,455,268,17,3,440,10,410,3.15e-15,85.5
sp|Q934F5|FDHA_MEGGA,YP_002407476.1,25.275,455,269,17,3,440,10,410,9.10e-15,84.0
sp|Q934F5|FDHA_MEGGA,WP_005436713.1,24.178,426,251,18,52,436,52,446,1.70e-14,83.2
sp|Q934F5|FDHA_MEGGA,WP_139687319.1,23.134,536,321,19,3,476,15,521,1.91e-14,83.2
sp|Q934F5|FDHA_MEGGA,WP_048706639.1,27.019,322,193,11,5,301,6,310,2.18e-14,82.8
sp|Q934F5|FDHA_MEGGA,WP_048706639.1,34.524,84,48,3,875,956,704,782,1.7,37.7
sp|Q934F5|FDHA_MEGGA,WP_000041701.1,24.945,457,268,17,3,440,10,410,7.79e-14,80.9
sp|Q934F5|FDHA_MEGGA,WP_013170453.1,25.696,467,255,19,3,440,14,417,8.71e-14,80.9
sp|Q934F5|FDHA_MEGGA,WP_013170453.1,35.789,95,52,4,866,956,697,786,3.4,36.6
sp|Q934F5|FDHA_MEGGA,WP_029435779.1,21.875,448,263,14,3,443,5,372,1.88e-13,79.7
sp|Q934F5|FDHA_MEGGA,WP_118274870.1,22.642,424,260,14,52,436,51,445,2.40e-13,79.7
sp|Q934F5|FDHA_MEGGA,WP_005432320.1,23.955,359,233,9,3,343,15,351,2.40e-13,79.7
sp|Q934F5|FDHA_MEGGA,YP_006119178.1,22.737,453,295,12,3,443,14,423,3.18e-13,79.0
sp|Q934F5|FDHA_MEGGA,WP_004007416.1,26.398,322,195,13,3,301,11,313,3.94e-13,79.0
sp|Q934F5|FDHA_MEGGA,WP_004007416.1,29.771,131,60,5,842,967,694,797,3.5,36.6
sp|Q934F5|FDHA_MEGGA,WP_004011172.1,26.398,322,195,13,3,301,11,313,4.15e-13,78.6
sp|Q934F5|FDHA_MEGGA,WP_004011172.1,29.771,131,60,5,842,967,694,797,3.6,36.6
sp|Q934F5|FDHA_MEGGA,WP_022373412.1,26.014,296,190,8,24,311,1,275,4.64e-13,78.6
sp|Q934F5|FDHA_MEGGA,WP_065360181.1,24.390,410,206,14,47,438,3,326,4.73e-13,78.2
sp|Q934F5|FDHA_MEGGA,WP_005024685.1,21.652,448,264,14,3,443,5,372,5.55e-13,78.2
sp|Q934F5|FDHA_MEGGA,WP_016474232.1,23.677,359,234,9,3,343,15,351,5.69e-13,78.2
sp|Q934F5|FDHA_MEGGA,WP_113854330.1,24.149,323,205,9,39,343,51,351,7.80e-13,77.8
sp|Q934F5|FDHA_MEGGA,WP_004008961.1,26.398,322,195,13,3,301,11,313,8.01e-13,77.8
sp|Q934F5|FDHA_MEGGA,WP_004008961.1,27.500,160,75,7,842,999,694,814,1.4,38.1
sp|Q934F5|FDHA_MEGGA,WP_024962542.1,25.000,304,193,8,3,302,8,280,8.26e-13,77.8
sp|Q934F5|FDHA_MEGGA,WP_087478284.1,27.239,268,156,8,50,302,6,249,8.46e-13,77.4
sp|Q934F5|FDHA_MEGGA,WP_050335180.1,24.671,304,194,8,3,302,8,280,1.01e-12,77.4
sp|Q934F5|FDHA_MEGGA,WP_101637597.1,25.000,304,193,8,3,302,8,280,1.05e-12,77.4
sp|Q934F5|FDHA_MEGGA,YP_006780050.1,22.958,453,294,12,3,443,14,423,1.05e-12,77.4
sp|Q934F5|FDHA_MEGGA,WP_000850297.1,22.958,453,294,12,3,443,14,423,1.18e-12,77.4
sp|Q934F5|FDHA_MEGGA,WP_062946183.1,22.418,455,294,10,3,443,14,423,1.32e-12,77.0
sp|Q934F5|FDHA_MEGGA,WP_000850306.1,22.958,453,294,12,3,443,14,423,1.36e-12,77.0
sp|Q934F5|FDHA_MEGGA,NP_415414.4,22.958,453,294,12,3,443,14,423,1.61e-12,76.6
sp|Q934F5|FDHA_MEGGA,WP_016646855.1,24.671,304,194,8,3,302,8,280,1.65e-12,76.6
sp|Q934F5|FDHA_MEGGA,YP_002411842.1,22.958,453,294,12,3,443,14,423,1.67e-12,76.6
sp|Q934F5|FDHA_MEGGA,WP_000850325.1,22.296,453,297,11,3,443,14,423,1.93e-12,76.6
sp|Q934F5|FDHA_MEGGA,WP_029435347.1,23.793,290,204,5,5,293,7,280,1.98e-12,76.3
sp|Q934F5|FDHA_MEGGA,WP_000850334.1,22.124,452,299,10,3,443,14,423,2.94e-12,75.9
sp|Q934F5|FDHA_MEGGA,YP_002408217.1,22.124,452,299,10,3,443,14,423,3.09e-12,75.9
sp|Q934F5|FDHA_MEGGA,WP_018713655.1,24.342,304,195,8,3,302,8,280,4.69e-12,75.1
sp|Q934F5|FDHA_MEGGA,WP_038430859.1,22.517,453,296,13,3,443,14,423,6.02e-12,75.1
sp|Q934F5|FDHA_MEGGA,WP_046939452.1,22.667,450,280,17,5,440,13,408,1.27e-11,73.9
sp|Q934F5|FDHA_MEGGA,WP_062330733.1,24.254,268,168,9,52,308,55,298,4.57e-11,72.0
sp|Q934F5|FDHA_MEGGA,NP_311411.1,21.930,456,288,13,3,446,15,414,8.23e-11,71.2
sp|Q934F5|FDHA_MEGGA,WP_000380691.1,21.930,456,288,13,3,446,15,414,8.51e-11,71.2
sp|Q934F5|FDHA_MEGGA,WP_114675161.1,27.368,190,121,4,3,192,11,183,1.56e-10,65.9
sp|Q934F5|FDHA_MEGGA,WP_115651847.1,24.014,279,187,7,28,302,1,258,1.88e-10,70.1
sp|Q934F5|FDHA_MEGGA,WP_118354335.1,26.563,320,195,10,46,342,2,304,2.06e-10,69.7
sp|Q934F5|FDHA_MEGGA,WP_050334065.1,26.842,190,122,4,3,192,11,183,2.10e-10,65.5
sp|Q934F5|FDHA_MEGGA,WP_118858937.1,23.043,460,278,16,3,440,7,412,2.79e-10,69.7
sp|Q934F5|FDHA_MEGGA,WP_044364421.1,22.881,472,265,18,3,440,7,413,4.10e-10,68.9
sp|Q934F5|FDHA_MEGGA,WP_094203446.1,20.759,395,234,12,50,436,6,329,4.30e-10,68.9
sp|Q934F5|FDHA_MEGGA,WP_024257742.1,21.711,456,289,13,3,446,15,414,4.42e-10,68.9
sp|Q934F5|FDHA_MEGGA,NP_310321.2,21.983,464,274,18,3,443,5,403,5.31e-10,68.6
sp|Q934F5|FDHA_MEGGA,WP_077886428.1,22.414,464,272,19,3,443,14,412,5.34e-10,68.6
sp|Q934F5|FDHA_MEGGA,WP_005024980.1,23.954,263,173,8,46,303,2,242,6.01e-10,68.2
sp|Q934F5|FDHA_MEGGA,WP_077884277.1,22.414,464,272,19,3,443,14,412,6.18e-10,68.6
sp|Q934F5|FDHA_MEGGA,WP_094224144.1,25.926,324,183,13,3,299,13,306,6.36e-10,68.6
sp|Q934F5|FDHA_MEGGA,YP_002407475.1,21.983,464,274,18,3,443,14,412,7.02e-10,68.2
sp|Q934F5|FDHA_MEGGA,WP_001414236.1,22.414,464,272,19,3,443,14,412,7.33e-10,68.2
sp|Q934F5|FDHA_MEGGA,WP_072141258.1,22.414,464,272,19,3,443,14,412,7.33e-10,68.2
sp|Q934F5|FDHA_MEGGA,YP_006779226.1,22.414,464,272,19,3,443,14,412,7.52e-10,68.2
sp|Q934F5|FDHA_MEGGA,WP_001342196.1,22.414,464,272,19,3,443,14,412,8.12e-10,68.2
sp|Q934F5|FDHA_MEGGA,WP_001340362.1,22.414,464,272,19,3,443,14,412,8.19e-10,68.2
sp|Q934F5|FDHA_MEGGA,WP_001443304.1,21.634,453,289,16,3,443,14,412,8.47e-10,67.8
sp|Q934F5|FDHA_MEGGA,WP_102164548.1,20.759,395,234,12,50,436,6,329,8.52e-10,67.8
sp|Q934F5|FDHA_MEGGA,WP_005632842.1,22.718,471,266,17,3,440,7,412,1.36e-09,67.4
sp|Q934F5|FDHA_MEGGA,WP_119982336.1,25.938,320,197,10,46,342,2,304,1.54e-09,67.0
sp|Q934F5|FDHA_MEGGA,WP_022444139.1,22.103,466,270,22,3,446,6,400,1.58e-09,67.0
sp|Q934F5|FDHA_MEGGA,WP_118275414.1,23.326,463,255,19,3,435,8,400,1.71e-09,67.0
sp|Q934F5|FDHA_MEGGA,WP_118275414.1,32.051,78,50,2,882,959,680,754,1.5,37.7
sp|Q934F5|FDHA_MEGGA,WP_156931700.1,25.938,320,197,10,46,342,2,304,1.80e-09,66.6
sp|Q934F5|FDHA_MEGGA,WP_072095802.1,22.414,464,272,19,3,443,14,412,1.80e-09,66.2
sp|Q934F5|FDHA_MEGGA,WP_002835344.1,21.144,402,230,14,47,436,3,329,1.91e-09,66.6
sp|Q934F5|FDHA_MEGGA,YP_002412606.1,22.414,464,272,19,3,443,14,412,1.92e-09,66.6
sp|Q934F5|FDHA_MEGGA,WP_154274162.1,21.053,399,228,14,50,436,6,329,2.06e-09,66.6
sp|Q934F5|FDHA_MEGGA,WP_005375609.1,25.938,320,197,10,46,342,2,304,2.06e-09,66.6
sp|Q934F5|FDHA_MEGGA,WP_005379752.1,25.938,320,197,10,46,342,2,304,2.15e-09,66.6
sp|Q934F5|FDHA_MEGGA,WP_004269613.1,20.253,395,236,12,50,436,6,329,2.59e-09,66.2
sp|Q934F5|FDHA_MEGGA,WP_154254578.1,24.088,411,208,17,46,438,2,326,2.63e-09,66.2
sp|Q934F5|FDHA_MEGGA,WP_139687519.1,25.283,265,163,8,50,303,48,288,3.60e-09,65.9
sp|Q934F5|FDHA_MEGGA,WP_139687519.1,29.358,109,63,3,904,1011,643,738,0.56,39.3
sp|Q934F5|FDHA_MEGGA,WP_002842043.1,20.253,395,236,12,50,436,6,329,3.91e-09,65.9
sp|Q934F5|FDHA_MEGGA,WP_110058349.1,20.352,398,238,12,47,436,3,329,4.68e-09,65.5
sp|Q934F5|FDHA_MEGGA,WP_094225530.1,20.253,395,236,12,50,436,6,329,4.76e-09,65.5
sp|Q934F5|FDHA_MEGGA,WP_094206954.1,21.144,402,230,14,47,436,3,329,4.88e-09,65.5
sp|Q934F5|FDHA_MEGGA,WP_060807248.1,25.625,320,198,10,46,342,2,304,5.37e-09,65.1
sp|Q934F5|FDHA_MEGGA,WP_016476440.1,25.938,320,197,10,46,342,2,304,5.37e-09,65.1
sp|Q934F5|FDHA_MEGGA,WP_046938782.1,25.000,248,133,8,402,649,1,195,5.90e-09,64.3
sp|Q934F5|FDHA_MEGGA,WP_046938782.1,28.205,195,118,7,820,1011,221,396,0.012,44.3
sp|Q934F5|FDHA_MEGGA,WP_022372632.1,21.569,459,280,18,3,446,6,399,6.23e-09,65.1
sp|Q934F5|FDHA_MEGGA,WP_022372632.1,34.615,78,48,2,882,959,666,740,0.32,40.0
sp|Q934F5|FDHA_MEGGA,WP_062412550.1,26.644,289,154,12,46,316,2,250,6.36e-09,65.1
sp|Q934F5|FDHA_MEGGA,WP_005643110.1,21.911,429,267,14,31,440,33,412,6.90e-09,65.1
sp|Q934F5|FDHA_MEGGA,WP_094209581.1,20.896,402,231,14,47,436,3,329,7.00e-09,64.7
sp|Q934F5|FDHA_MEGGA,WP_094202590.1,20.253,395,236,12,50,436,6,329,7.18e-09,64.7
sp|Q934F5|FDHA_MEGGA,WP_029435319.1,22.687,454,290,17,2,440,11,418,7.80e-09,64.7
sp|Q934F5|FDHA_MEGGA,WP_035112250.1,20.253,395,236,12,50,436,6,329,1.02e-08,64.3
sp|Q934F5|FDHA_MEGGA,WP_060790008.1,20.506,395,235,12,50,436,6,329,1.04e-08,64.3
sp|Q934F5|FDHA_MEGGA,WP_005026630.1,22.687,454,290,17,2,440,11,418,1.28e-08,64.3
sp|Q934F5|FDHA_MEGGA,WP_002838622.1,21.303,399,227,15,50,436,6,329,1.66e-08,63.5
sp|Q934F5|FDHA_MEGGA,WP_139688051.1,25.098,255,166,8,50,298,43,278,1.77e-08,63.5
sp|Q934F5|FDHA_MEGGA,WP_139688051.1,30.909,110,63,4,904,1012,639,736,2.9,37.0
sp|Q934F5|FDHA_MEGGA,KXB54199.1,20.668,479,310,12,3,444,35,480,2.20e-08,63.5
sp|Q934F5|FDHA_MEGGA,WP_118276468.1,24.390,451,257,20,3,435,8,392,3.11e-08,62.8
sp|Q934F5|FDHA_MEGGA,WP_118276468.1,37.333,75,44,2,882,956,673,744,0.041,43.1
sp|Q934F5|FDHA_MEGGA,KXB53175.1,24.675,231,142,5,87,308,78,285,3.85e-08,62.4
sp|Q934F5|FDHA_MEGGA,WP_005384044.1,25.625,320,198,10,46,342,2,304,5.80e-08,62.0
sp|Q934F5|FDHA_MEGGA,WP_156425684.1,24.675,231,142,5,87,308,68,275,6.45e-08,62.0
sp|Q934F5|FDHA_MEGGA,TDN16260.1,25.362,138,99,2,172,309,6,139,1.53e-07,56.2
sp|Q934F5|FDHA_MEGGA,WP_101485887.1,24.847,326,195,14,5,301,12,316,3.36e-07,59.7
sp|Q934F5|FDHA_MEGGA,WP_101485887.1,30.833,120,65,5,875,989,687,793,0.028,43.5
sp|Q934F5|FDHA_MEGGA,WP_020310418.1,23.571,420,236,15,46,458,2,343,3.42e-07,59.3
sp|Q934F5|FDHA_MEGGA,WP_156425662.1,20.092,433,278,11,49,444,24,425,5.46e-07,58.9
sp|Q934F5|FDHA_MEGGA,WP_058236300.1,24.691,324,199,15,5,301,12,317,7.80e-07,58.2
sp|Q934F5|FDHA_MEGGA,WP_058236300.1,26.316,190,96,8,831,989,618,794,0.54,39.3
sp|Q934F5|FDHA_MEGGA,WP_070725086.1,24.383,324,200,15,5,301,12,317,1.06e-06,57.8
sp|Q934F5|FDHA_MEGGA,WP_070725086.1,26.316,190,96,8,831,989,618,794,0.52,39.3
sp|Q934F5|FDHA_MEGGA,WP_118856638.1,21.692,461,258,17,4,437,9,393,2.03e-06,57.0
sp|Q934F5|FDHA_MEGGA,WP_133498091.1,22.894,463,249,19,5,437,10,394,2.79e-06,56.6
sp|Q934F5|FDHA_MEGGA,WP_005435431.1,23.121,346,201,15,114,447,8,300,2.89e-06,56.2
sp|Q934F5|FDHA_MEGGA,WP_062332669.1,24.762,315,182,15,1,298,7,283,3.62e-06,56.2
sp|Q934F5|FDHA_MEGGA,WP_046942806.1,38.235,68,40,1,1,68,1,66,4.62e-06,50.1
sp|Q934F5|FDHA_MEGGA,WP_005432172.1,24.092,303,198,11,3,298,5,282,6.56e-06,55.5
sp|Q934F5|FDHA_MEGGA,WP_005432172.1,28.571,112,63,4,904,1012,643,740,0.20,40.8
sp|Q934F5|FDHA_MEGGA,WP_062331274.1,21.097,474,284,17,3,445,5,419,6.72e-06,55.5
sp|Q934F5|FDHA_MEGGA,WP_062331274.1,31.579,95,59,3,865,956,670,761,7.8,35.4
sp|Q934F5|FDHA_MEGGA,WP_118785541.1,21.692,461,258,16,4,437,9,393,7.17e-06,55.1
sp|Q934F5|FDHA_MEGGA,WP_118791024.1,21.475,461,259,17,4,437,9,393,7.61e-06,55.1
sp|Q934F5|FDHA_MEGGA,WP_118791688.1,21.475,461,259,17,4,437,9,393,7.80e-06,55.1
sp|Q934F5|FDHA_MEGGA,WP_005435120.1,21.097,474,284,17,3,445,5,419,8.75e-06,55.1
sp|Q934F5|FDHA_MEGGA,WP_005027937.1,29.054,148,89,5,46,192,2,134,9.49e-06,50.8
sp|Q934F5|FDHA_MEGGA,WP_139687182.1,21.533,274,181,10,53,306,43,302,1.01e-05,53.9
sp|Q934F5|FDHA_MEGGA,YP_006781339.1,27.273,154,89,6,46,192,2,139,2.30e-05,49.7
sp|Q934F5|FDHA_MEGGA,WP_005639801.1,21.475,461,259,17,4,437,9,393,2.44e-05,53.5
sp|Q934F5|FDHA_MEGGA,WP_118276322.1,31.148,122,75,2,194,306,198,319,3.36e-05,53.1
sp|Q934F5|FDHA_MEGGA,WP_158571147.1,21.176,425,238,16,52,392,38,449,3.67e-05,53.1
sp|Q934F5|FDHA_MEGGA,WP_118808865.1,21.258,461,260,17,4,437,9,393,4.91e-05,52.4
sp|Q934F5|FDHA_MEGGA,WP_147558684.1,30.088,113,72,3,199,304,343,455,1.09e-04,51.2
sp|Q934F5|FDHA_MEGGA,WP_117755955.1,30.088,113,72,3,199,304,343,455,1.15e-04,51.2
sp|Q934F5|FDHA_MEGGA,KXB48909.1,26.623,154,93,6,31,181,354,490,1.24e-04,50.8
sp|Q934F5|FDHA_MEGGA,WP_022444042.1,26.984,126,86,4,186,308,33,155,4.79e-04,49.3
sp|Q934F5|FDHA_MEGGA,WP_118517585.1,24.797,246,162,7,44,289,686,908,0.002,47.8
sp|Q934F5|FDHA_MEGGA,WP_028257758.1,28.099,121,78,2,216,327,242,362,0.003,47.0
sp|Q934F5|FDHA_MEGGA,WP_038152950.1,28.099,121,78,2,216,327,242,362,0.003,47.0
sp|Q934F5|FDHA_MEGGA,WP_118275967.1,21.096,365,245,10,3,342,4,350,0.005,45.8
sp|Q934F5|FDHA_MEGGA,WP_118275967.1,31.250,96,58,2,917,1012,658,745,2.8,37.0
sp|Q934F5|FDHA_MEGGA,WP_154557095.1,24.409,254,153,10,44,289,686,908,0.006,45.8
sp|Q934F5|FDHA_MEGGA,WP_118354255.1,27.273,99,66,2,216,308,242,340,0.007,45.4
sp|Q934F5|FDHA_MEGGA,WP_156930888.1,27.273,99,66,2,216,308,242,340,0.008,45.4
sp|Q934F5|FDHA_MEGGA,WP_005376676.1,27.273,99,66,2,216,308,242,340,0.008,45.4
sp|Q934F5|FDHA_MEGGA,WP_005381529.1,27.273,99,66,2,216,308,242,340,0.008,45.4
sp|Q934F5|FDHA_MEGGA,WP_016476126.1,27.273,99,66,2,216,308,242,340,0.008,45.4
sp|Q934F5|FDHA_MEGGA,WP_005384382.1,27.273,99,66,2,216,308,242,340,0.008,45.4
sp|Q934F5|FDHA_MEGGA,WP_060807679.1,27.273,99,66,2,216,308,242,340,0.008,45.4
sp|Q934F5|FDHA_MEGGA,WP_119982423.1,27.273,99,66,2,216,308,242,340,0.008,45.4
sp|Q934F5|FDHA_MEGGA,KXB51865.1,26.606,109,69,4,50,149,6,112,0.008,42.4
sp|Q934F5|FDHA_MEGGA,YP_006119948.1,24.153,236,157,8,3,232,15,234,0.009,44.3
sp|Q934F5|FDHA_MEGGA,WP_001502373.1,28.283,99,65,1,216,308,243,341,0.010,45.1
sp|Q934F5|FDHA_MEGGA,WP_000032912.1,28.283,99,65,1,216,308,243,341,0.010,45.1
sp|Q934F5|FDHA_MEGGA,NP_415742.1,28.283,99,65,1,216,308,243,341,0.010,45.1
sp|Q934F5|FDHA_MEGGA,WP_000032935.1,28.283,99,65,1,216,308,243,341,0.010,45.1
sp|Q934F5|FDHA_MEGGA,WP_024175803.1,28.283,99,65,1,216,308,243,341,0.011,45.1
sp|Q934F5|FDHA_MEGGA,YP_002412267.1,28.283,99,65,1,216,308,243,341,0.011,45.1
sp|Q934F5|FDHA_MEGGA,WP_106907863.1,28.283,99,65,1,216,308,243,341,0.011,45.1
sp|Q934F5|FDHA_MEGGA,WP_000032908.1,28.283,99,65,1,216,308,243,341,0.011,45.1
sp|Q934F5|FDHA_MEGGA,WP_126347106.1,28.283,99,65,1,216,308,243,341,0.011,45.1
sp|Q934F5|FDHA_MEGGA,WP_000032941.1,28.283,99,65,1,216,308,243,341,0.011,45.1
sp|Q934F5|FDHA_MEGGA,WP_000032946.1,28.283,99,65,1,216,308,243,341,0.011,45.1
sp|Q934F5|FDHA_MEGGA,YP_006119616.1,28.283,99,65,1,216,308,243,341,0.011,45.1
sp|Q934F5|FDHA_MEGGA,WP_005632336.1,25.664,113,72,4,46,149,4,113,0.012,42.0
sp|Q934F5|FDHA_MEGGA,WP_113854696.1,33.333,90,42,3,917,999,694,772,0.015,44.3
sp|Q934F5|FDHA_MEGGA,WP_075712007.1,26.047,215,128,8,43,252,686,874,0.016,44.3
sp|Q934F5|FDHA_MEGGA,WP_005428970.1,33.333,90,42,3,917,999,694,772,0.016,44.3
sp|Q934F5|FDHA_MEGGA,WP_022373484.1,22.112,303,197,11,3,291,4,281,0.017,43.5
sp|Q934F5|FDHA_MEGGA,TDM96259.1,21.678,143,98,4,90,231,1,130,0.018,41.2
sp|Q934F5|FDHA_MEGGA,WP_072616997.1,30.337,89,58,2,216,301,243,330,0.028,43.5
sp|Q934F5|FDHA_MEGGA,NP_418007.3,23.394,218,136,7,114,310,78,285,0.034,43.1
sp|Q934F5|FDHA_MEGGA,YP_006776955.1,23.394,218,136,7,114,310,78,285,0.034,43.1
sp|Q934F5|FDHA_MEGGA,YP_006776955.1,47.222,36,19,0,924,959,675,710,7.0,35.8
sp|Q934F5|FDHA_MEGGA,NP_312463.2,23.394,218,136,7,114,310,78,285,0.035,43.1
sp|Q934F5|FDHA_MEGGA,NP_312463.2,47.222,36,19,0,924,959,675,710,7.2,35.8
sp|Q934F5|FDHA_MEGGA,WP_000013916.1,23.394,218,136,7,114,310,78,285,0.037,43.1
sp|Q934F5|FDHA_MEGGA,WP_000185342.1,23.394,218,136,7,114,310,78,285,0.037,43.1
sp|Q934F5|FDHA_MEGGA,WP_000185342.1,47.222,36,19,0,924,959,675,710,7.3,35.4
sp|Q934F5|FDHA_MEGGA,WP_016646315.1,24.074,216,136,9,103,302,105,308,0.038,43.1
sp|Q934F5|FDHA_MEGGA,WP_000013940.1,23.394,218,136,7,114,310,78,285,0.042,42.7
sp|Q934F5|FDHA_MEGGA,WP_022442929.1,20.599,267,165,7,79,308,72,328,0.055,42.7
sp|Q934F5|FDHA_MEGGA,YP_002414705.1,23.394,218,136,7,114,310,60,267,0.057,42.4
sp|Q934F5|FDHA_MEGGA,WP_013189392.1,27.273,99,66,1,216,308,256,354,0.058,42.7
sp|Q934F5|FDHA_MEGGA,WP_050335918.1,23.853,218,138,9,103,304,105,310,0.060,42.4
sp|Q934F5|FDHA_MEGGA,WP_004010894.1,27.273,99,66,1,216,308,256,354,0.062,42.4
sp|Q934F5|FDHA_MEGGA,WP_101637662.1,24.074,216,136,9,103,302,105,308,0.067,42.4
sp|Q934F5|FDHA_MEGGA,WP_018713425.1,24.074,216,136,9,103,302,105,308,0.076,42.0
sp|Q934F5|FDHA_MEGGA,WP_005024327.1,24.242,99,69,1,216,308,251,349,0.084,42.0
sp|Q934F5|FDHA_MEGGA,WP_000013958.1,23.394,218,136,7,114,310,78,285,0.086,42.0
sp|Q934F5|FDHA_MEGGA,WP_029434464.1,24.242,99,69,1,216,308,251,349,0.089,42.0
sp|Q934F5|FDHA_MEGGA,WP_114675452.1,23.148,216,138,9,103,302,105,308,0.090,42.0
sp|Q934F5|FDHA_MEGGA,WP_024962889.1,23.148,216,138,9,103,302,105,308,0.094,42.0
sp|Q934F5|FDHA_MEGGA,WP_071906236.1,22.936,218,137,8,114,310,78,285,0.13,41.2
sp|Q934F5|FDHA_MEGGA,WP_071906236.1,47.222,36,19,0,924,959,675,710,7.2,35.8
sp|Q934F5|FDHA_MEGGA,WP_153709563.1,29.897,97,60,2,219,308,240,335,0.15,41.2
sp|Q934F5|FDHA_MEGGA,YP_006121878.1,22.936,218,137,7,114,310,60,267,0.19,40.8
sp|Q934F5|FDHA_MEGGA,YP_006121878.1,47.368,38,20,0,922,959,655,692,7.1,35.8
sp|Q934F5|FDHA_MEGGA,YP_002409945.1,22.936,218,137,7,114,310,60,267,0.19,40.8
sp|Q934F5|FDHA_MEGGA,WP_000040372.1,29.213,89,59,2,216,301,243,330,0.21,40.8
sp|Q934F5|FDHA_MEGGA,WP_064261929.1,29.213,89,59,2,216,301,243,330,0.21,40.8
sp|Q934F5|FDHA_MEGGA,WP_126347117.1,29.213,89,59,2,216,301,243,330,0.21,40.8
sp|Q934F5|FDHA_MEGGA,WP_000040453.1,29.213,89,59,2,216,301,243,330,0.21,40.8
sp|Q934F5|FDHA_MEGGA,WP_000040369.1,29.213,89,59,2,216,301,243,330,0.21,40.8
sp|Q934F5|FDHA_MEGGA,YP_006119815.1,29.213,89,59,2,216,301,243,330,0.21,40.8
sp|Q934F5|FDHA_MEGGA,NP_415985.1,29.213,89,59,2,216,301,243,330,0.21,40.8
sp|Q934F5|FDHA_MEGGA,NP_310098.1,29.213,89,59,2,216,301,243,330,0.21,40.8
sp|Q934F5|FDHA_MEGGA,WP_012311848.1,29.213,89,59,2,216,301,243,330,0.21,40.8
sp|Q934F5|FDHA_MEGGA,WP_000040450.1,29.213,89,59,2,216,301,243,330,0.21,40.8
sp|Q934F5|FDHA_MEGGA,WP_064234956.1,29.213,89,59,2,216,301,243,330,0.22,40.8
sp|Q934F5|FDHA_MEGGA,WP_071337735.1,29.213,89,59,2,216,301,243,330,0.22,40.8
sp|Q934F5|FDHA_MEGGA,WP_000040374.1,29.213,89,59,2,216,301,243,330,0.22,40.8
sp|Q934F5|FDHA_MEGGA,YP_002412459.1,29.213,89,59,2,216,301,243,330,0.22,40.8
sp|Q934F5|FDHA_MEGGA,WP_065226891.1,29.213,89,59,2,216,301,243,330,0.22,40.8
sp|Q934F5|FDHA_MEGGA,WP_000040367.1,29.213,89,59,2,216,301,243,330,0.22,40.8
sp|Q934F5|FDHA_MEGGA,WP_139687371.1,32.967,91,43,5,916,999,690,769,0.27,40.4
sp|Q934F5|FDHA_MEGGA,TDN17129.1,29.167,72,47,2,55,124,22,91,0.31,36.6
sp|Q934F5|FDHA_MEGGA,WP_009744255.1,25.253,99,68,1,216,308,264,362,0.34,40.0
sp|Q934F5|FDHA_MEGGA,WP_000013982.1,22.936,218,137,7,114,310,78,285,0.34,40.0
sp|Q934F5|FDHA_MEGGA,YP_002407727.1,29.213,89,59,2,216,301,243,330,0.36,40.0
sp|Q934F5|FDHA_MEGGA,WP_153700958.1,28.866,97,61,2,219,308,240,335,0.55,39.3
sp|Q934F5|FDHA_MEGGA,WP_003667732.1,28.866,97,61,2,219,308,240,335,0.55,39.3
sp|Q934F5|FDHA_MEGGA,WP_022373988.1,30.952,84,42,2,917,993,671,745,0.56,39.3
sp|Q934F5|FDHA_MEGGA,WP_152697865.1,28.866,97,61,2,219,308,240,335,0.57,39.3
sp|Q934F5|FDHA_MEGGA,WP_153705113.1,28.866,97,61,2,219,308,240,335,0.57,39.3
sp|Q934F5|FDHA_MEGGA,WP_107721904.1,28.866,97,61,2,219,308,240,335,0.57,39.3
sp|Q934F5|FDHA_MEGGA,WP_135951616.1,28.866,97,61,2,219,308,240,335,0.58,39.3
sp|Q934F5|FDHA_MEGGA,WP_019251288.1,28.866,97,61,2,219,308,240,335,0.58,39.3
sp|Q934F5|FDHA_MEGGA,WP_003663640.1,28.866,97,61,2,219,308,240,335,0.58,39.3
sp|Q934F5|FDHA_MEGGA,WP_078009878.1,28.866,97,61,2,219,308,240,335,0.59,39.3
sp|Q934F5|FDHA_MEGGA,WP_063164064.1,28.866,97,61,2,219,308,240,335,0.59,39.3
sp|Q934F5|FDHA_MEGGA,WP_153706713.1,28.866,97,61,2,219,308,240,335,0.59,39.3
sp|Q934F5|FDHA_MEGGA,WP_152738540.1,28.866,97,61,2,219,308,240,335,0.59,39.3
sp|Q934F5|FDHA_MEGGA,WP_094508835.1,28.866,97,61,2,219,308,240,335,0.59,39.3
sp|Q934F5|FDHA_MEGGA,WP_035168658.1,28.866,97,61,2,219,308,240,335,0.59,39.3
sp|Q934F5|FDHA_MEGGA,WP_153701715.1,28.866,97,61,2,219,308,240,335,0.60,39.3
sp|Q934F5|FDHA_MEGGA,WP_022444442.1,22.289,332,193,12,3,301,7,306,0.61,39.3
sp|Q934F5|FDHA_MEGGA,WP_153702921.1,28.866,97,61,2,219,308,240,335,0.61,39.3
sp|Q934F5|FDHA_MEGGA,WP_144226878.1,28.866,97,61,2,219,308,240,335,0.61,39.3
sp|Q934F5|FDHA_MEGGA,WP_113896409.1,28.866,97,61,2,219,308,240,335,0.61,39.3
